timestamp,cell_id,region,technology,latency_ms,throughput_mbps,packet_loss_pct,call_drop_rate_pct,signal_strength_dbm,handover_success_pct,active_connections
2026-08-03 14:00:00,Cell_0001,North,LTE,14.94,20.17,0.586,0.927,-47.5,96.43,406
2026-08-03 14:00:00,Cell_0002,East,LTE,39.86,64.46,1.078,0.155,-64.6,99.84,346
2026-08-03 14:00:00,Cell_0003,South,LTE,11.83,45.09,0.075,0.477,-42.8,97.66,79
2026-08-03 14:00:00,Cell_0004,North,LTE,12.4,34.87,0.893,0.675,-66.8,95.6,341
2026-08-03 14:00:00,Cell_0005,Central,5G,6.35,657.44,0.629,0.584,-56.7,99.67,154
2026-08-03 14:00:00,Cell_0006,North,LTE,19.43,41.25,0.196,0.646,-59.0,99.65,87
2026-08-03 14:00:00,Cell_0007,North,LTE,273.44,65.04,0.15,0.538,-57.3,95.66,228
2026-08-03 14:00:00,Cell_0008,South,LTE,14.73,86.7,1.055,0.612,-40.4,98.27,54
2026-08-03 14:00:00,Cell_0009,Central,LTE,26.64,94.54,0.155,0.878,-65.7,99.45,430
2026-08-03 14:00:00,Cell_0010,Central,5G,3.45,644.35,1.076,0.204,-52.8,96.32,300
2026-08-03 14:00:00,Cell_0011,South,5G,9.17,145.72,0.951,0.829,-73.5,96.67,116
2026-08-03 14:00:00,Cell_0012,Central,5G,3.36,767.11,0.828,0.428,-74.7,95.38,403
2026-08-03 14:00:00,Cell_0013,North,LTE,26.37,86.77,0.874,0.148,-70.5,96.54,457
2026-08-03 14:00:00,Cell_0014,West,5G,1.36,422.03,1.023,0.667,-62.6,97.8,497
2026-08-03 14:00:00,Cell_0015,East,LTE,28.62,32.36,1.395,0.865,-40.8,99.05,261
2026-08-03 14:00:00,Cell_0016,South,5G,7.63,32.56,1.396,0.802,-44.8,99.05,186
2026-08-03 14:00:00,Cell_0017,North,LTE,36.17,88.69,0.334,0.817,-58.9,96.53,457
2026-08-03 14:00:00,Cell_0018,West,LTE,16.69,72.8,0.598,0.279,-72.6,98.87,229
2026-08-03 14:00:00,Cell_0019,East,5G,4.6,983.03,0.804,0.939,-71.0,99.85,141
2026-08-03 14:00:00,Cell_0020,Central,5G,9.85,134.43,0.895,0.346,-47.5,97.18,311
2026-08-03 14:00:00,Cell_0021,North,5G,9.1,271.07,0.067,0.436,-56.8,99.03,401
2026-08-03 14:00:00,Cell_0022,Central,LTE,32.26,73.65,0.546,0.07,-51.8,96.65,210
2026-08-03 14:00:00,Cell_0023,West,LTE,13.74,92.0,0.761,0.667,-63.6,98.49,333
2026-08-03 14:00:00,Cell_0024,Central,5G,4.78,946.33,1.016,0.903,-53.5,96.5,330
2026-08-03 14:00:00,Cell_0025,Central,5G,3.73,289.16,1.179,0.607,-63.7,97.21,395
2026-08-03 14:00:00,Cell_0026,Central,LTE,24.2,92.09,1.194,0.17,-72.0,97.58,374
2026-08-03 14:00:00,Cell_0027,North,LTE,12.8,96.16,0.352,0.31,-46.8,95.74,73
2026-08-03 14:00:00,Cell_0028,South,5G,5.28,864.76,0.109,0.414,-53.0,95.97,406
2026-08-03 14:00:00,Cell_0029,North,LTE,21.99,31.81,1.031,0.893,-44.9,99.43,448
2026-08-03 14:00:00,Cell_0030,North,5G,2.58,962.17,0.777,0.05,-66.3,99.24,283
2026-08-03 14:00:00,Cell_0031,East,5G,5.18,578.02,0.838,0.317,-48.6,97.21,467
2026-08-03 14:00:00,Cell_0032,East,LTE,25.14,86.45,0.822,0.897,-49.0,97.37,182
2026-08-03 14:00:00,Cell_0033,East,5G,8.56,349.58,1.167,0.485,-66.6,97.2,415
2026-08-03 14:00:00,Cell_0034,South,5G,3.45,387.74,0.81,0.138,-66.9,98.47,411
2026-08-03 14:00:00,Cell_0035,North,LTE,22.45,46.47,0.699,0.062,-45.8,96.95,444
2026-08-03 14:00:00,Cell_0036,Central,LTE,30.87,88.54,1.148,0.38,-74.8,96.76,435
2026-08-03 14:00:00,Cell_0037,South,5G,9.02,852.16,0.807,0.735,-47.0,99.49,299
2026-08-03 14:00:00,Cell_0038,West,5G,4.92,126.12,0.504,0.679,-60.8,95.83,289
2026-08-03 14:00:00,Cell_0039,Central,LTE,39.42,62.73,1.36,0.592,-51.8,95.42,269
2026-08-03 14:00:00,Cell_0040,East,LTE,23.85,24.02,0.569,0.212,-63.6,98.81,244
2026-08-03 14:00:00,Cell_0041,South,LTE,38.54,53.73,1.252,0.47,-48.8,95.26,229
2026-08-03 14:00:00,Cell_0042,East,5G,1.62,961.56,0.06,0.031,-66.3,99.2,368
2026-08-03 14:00:00,Cell_0043,East,LTE,13.79,73.56,0.846,0.218,-50.5,98.83,135
2026-08-03 14:00:00,Cell_0044,South,5G,9.67,746.52,1.167,0.164,-64.1,97.89,209
2026-08-03 14:00:00,Cell_0045,South,5G,9.17,437.78,1.412,0.198,-54.3,99.15,174
2026-08-03 14:00:00,Cell_0046,West,5G,7.95,865.26,0.901,0.121,-40.6,98.91,227
2026-08-03 14:00:00,Cell_0047,South,5G,6.95,162.06,0.971,0.013,-60.3,97.45,271
2026-08-03 14:00:00,Cell_0048,South,LTE,29.07,86.3,1.061,0.435,-49.3,99.83,188
2026-08-03 14:00:00,Cell_0049,Central,5G,9.28,797.18,0.697,0.826,-54.3,96.61,175
2026-08-03 14:00:00,Cell_0050,Central,5G,1.78,893.47,0.366,0.465,-53.6,96.89,64
2026-08-03 14:00:00,Cell_0051,Central,5G,3.93,538.79,0.532,0.258,-65.2,97.98,500
2026-08-03 14:00:00,Cell_0052,East,LTE,10.3,95.85,0.128,0.72,-57.9,98.79,403
2026-08-03 14:00:00,Cell_0053,South,5G,7.41,503.36,0.026,0.294,-60.8,96.22,389
2026-08-03 14:00:00,Cell_0054,North,LTE,24.2,62.47,0.638,0.746,-63.4,98.51,188
2026-08-03 14:00:00,Cell_0055,North,LTE,16.92,77.7,0.473,0.743,-41.7,98.45,148
2026-08-03 14:00:00,Cell_0056,South,5G,5.36,752.13,1.465,0.525,-65.1,95.5,149
2026-08-03 14:00:00,Cell_0057,Central,LTE,20.83,44.18,1.062,0.127,-73.4,95.27,199
2026-08-03 14:00:00,Cell_0058,West,5G,2.14,881.62,0.736,0.873,-54.9,97.35,275
2026-08-03 14:00:00,Cell_0059,Central,5G,9.69,327.23,1.293,0.114,-72.7,97.46,345
2026-08-03 14:00:00,Cell_0060,Central,5G,1.48,234.28,0.844,0.304,-40.2,95.59,441
2026-08-03 14:00:00,Cell_0061,Central,LTE,27.88,69.47,1.164,0.38,-43.2,96.49,351
2026-08-03 14:00:00,Cell_0062,North,5G,3.75,658.92,0.914,0.74,-41.8,96.04,158
2026-08-03 14:00:00,Cell_0063,East,LTE,12.44,39.19,0.828,0.157,-60.7,98.45,290
2026-08-03 14:00:00,Cell_0064,East,5G,3.08,736.26,1.054,0.454,-50.9,99.62,453
2026-08-03 14:00:00,Cell_0065,South,5G,6.31,823.52,0.297,0.115,-67.1,95.74,186
2026-08-03 14:00:00,Cell_0066,North,5G,1.64,249.33,0.461,0.749,-55.1,96.44,113
2026-08-03 14:00:00,Cell_0067,Central,LTE,19.12,52.2,0.408,0.54,-59.7,97.99,271
2026-08-03 14:00:00,Cell_0068,Central,LTE,28.11,22.07,0.343,0.674,-44.9,97.94,60
2026-08-03 14:00:00,Cell_0069,East,LTE,30.17,41.56,0.06,0.756,-58.5,98.26,192
2026-08-03 14:00:00,Cell_0070,South,5G,6.27,671.31,0.738,0.091,-62.8,96.67,393
2026-08-03 14:00:00,Cell_0071,South,LTE,14.82,52.93,0.743,0.663,-61.0,98.8,68
2026-08-03 14:00:00,Cell_0072,Central,5G,3.83,390.95,1.455,0.404,-57.0,99.94,386
2026-08-03 14:00:00,Cell_0073,West,LTE,23.86,24.34,0.778,0.623,-57.6,97.21,76
2026-08-03 14:00:00,Cell_0074,North,5G,5.94,934.91,0.657,0.698,-70.8,99.87,361
2026-08-03 14:00:00,Cell_0075,East,LTE,31.29,44.86,0.021,0.408,-67.1,99.21,108
2026-08-03 14:00:00,Cell_0076,North,LTE,13.52,86.57,0.748,0.717,-57.2,96.37,477
2026-08-03 14:00:00,Cell_0077,Central,LTE,24.17,56.54,0.217,0.191,-54.0,98.73,119
2026-08-03 14:00:00,Cell_0078,North,5G,3.49,811.01,0.622,0.934,-57.2,99.1,194
2026-08-03 14:00:00,Cell_0079,North,LTE,35.12,66.39,0.99,0.865,-59.4,97.42,220
2026-08-03 14:00:00,Cell_0080,South,5G,5.89,509.81,0.483,0.189,-50.6,97.86,169
2026-08-03 14:00:00,Cell_0081,Central,LTE,22.32,45.45,0.709,0.913,-61.7,99.94,455
2026-08-03 14:00:00,Cell_0082,East,5G,9.83,545.8,0.056,0.502,-54.3,99.35,497
2026-08-03 14:00:00,Cell_0083,South,LTE,12.99,92.84,0.023,0.144,-44.5,99.85,88
2026-08-03 14:00:00,Cell_0084,East,5G,9.72,404.71,1.039,0.65,-45.2,99.26,489
2026-08-03 14:00:00,Cell_0085,East,5G,9.59,664.12,1.331,0.488,-56.1,98.09,170
2026-08-03 14:00:00,Cell_0086,Central,5G,9.29,997.68,1.12,0.434,-71.6,98.17,496
2026-08-03 14:00:00,Cell_0087,North,LTE,14.99,43.96,0.043,0.324,-73.0,96.79,270
2026-08-03 14:00:00,Cell_0088,South,LTE,25.93,65.27,1.189,0.17,-72.2,99.35,367
2026-08-03 14:00:00,Cell_0089,East,LTE,24.93,66.65,0.348,0.638,-58.9,98.33,461
2026-08-03 14:00:00,Cell_0090,Central,LTE,18.63,63.73,0.111,0.945,-40.4,96.5,267
2026-08-03 14:00:00,Cell_0091,Central,LTE,23.71,44.17,1.499,0.853,-71.3,96.91,233
2026-08-03 14:00:00,Cell_0092,North,LTE,39.78,43.62,1.467,0.658,-65.4,97.83,401
2026-08-03 14:00:00,Cell_0093,North,LTE,39.21,92.85,1.118,0.833,-43.4,98.88,167
2026-08-03 14:00:00,Cell_0094,North,LTE,20.57,70.93,0.931,0.678,-49.8,98.3,479
2026-08-03 14:00:00,Cell_0095,East,LTE,12.91,70.2,0.059,0.789,-73.8,96.82,117
2026-08-03 14:00:00,Cell_0096,Central,LTE,18.85,79.8,0.263,0.132,-56.1,99.86,321
2026-08-03 14:00:00,Cell_0097,East,5G,3.45,248.09,1.371,0.944,-41.1,96.48,495
2026-08-03 14:00:00,Cell_0098,South,LTE,13.46,97.03,0.211,0.967,-44.9,98.62,253
2026-08-03 14:00:00,Cell_0099,Central,5G,8.24,429.2,1.186,0.014,-56.2,97.27,394
2026-08-03 14:00:00,Cell_0100,South,5G,3.36,442.92,0.958,0.371,-51.4,97.36,367
2026-08-03 14:00:00,Cell_0101,West,LTE,26.84,93.22,0.332,0.063,-46.2,99.55,204
2026-08-03 14:00:00,Cell_0102,North,LTE,13.5,23.63,0.056,0.996,-70.9,96.17,325
2026-08-03 14:00:00,Cell_0103,West,5G,5.08,703.44,1.115,0.946,-60.3,98.71,129
2026-08-03 14:00:00,Cell_0104,West,5G,6.89,850.32,0.923,0.939,-65.2,98.45,161
2026-08-03 14:00:00,Cell_0105,West,LTE,38.52,88.44,0.149,0.686,-55.9,99.89,233
2026-08-03 14:00:00,Cell_0106,North,LTE,18.28,97.46,1.424,0.824,-90.6,61.26,377
2026-08-03 14:00:00,Cell_0107,West,5G,9.9,808.28,0.308,0.83,-55.6,97.93,466
2026-08-03 14:00:00,Cell_0108,North,LTE,19.86,31.8,1.351,0.003,-45.0,95.72,116
2026-08-03 14:00:00,Cell_0109,South,LTE,33.96,28.79,1.3,0.132,-62.5,98.94,351
2026-08-03 14:00:00,Cell_0110,Central,5G,2.57,147.16,1.113,0.526,-48.9,97.38,448
2026-08-03 14:00:00,Cell_0111,South,5G,6.34,506.8,0.332,0.615,-49.5,99.54,387
2026-08-03 14:00:00,Cell_0112,South,5G,5.12,967.62,0.091,0.479,-60.9,98.43,301
2026-08-03 14:00:00,Cell_0113,West,LTE,23.31,91.94,0.483,0.148,-70.6,98.12,349
2026-08-03 14:00:00,Cell_0114,North,5G,3.93,995.16,0.796,0.454,-53.8,95.5,409
2026-08-03 14:00:00,Cell_0115,Central,LTE,29.64,90.22,0.827,0.865,-59.9,99.44,261
2026-08-03 14:00:00,Cell_0116,North,LTE,23.6,53.28,0.143,0.427,-51.7,96.87,128
2026-08-03 14:00:00,Cell_0117,North,LTE,24.23,27.3,0.128,0.432,-48.9,96.86,116
2026-08-03 14:00:00,Cell_0118,South,5G,6.28,605.43,0.494,0.122,-62.6,98.33,434
2026-08-03 14:00:00,Cell_0119,West,5G,9.24,146.3,0.431,0.312,-71.4,97.54,129
2026-08-03 14:00:00,Cell_0120,South,5G,3.02,197.4,1.268,0.368,-48.3,97.87,463
2026-08-03 14:01:00,Cell_0001,North,LTE,26.83,81.39,0.933,0.675,-55.5,98.04,386
2026-08-03 14:01:00,Cell_0002,East,LTE,18.02,34.43,1.054,0.309,-63.1,95.03,495
2026-08-03 14:01:00,Cell_0003,South,LTE,29.72,25.57,1.111,0.972,-71.8,97.65,242
2026-08-03 14:01:00,Cell_0004,North,LTE,20.23,49.6,1.082,0.777,-55.1,95.42,76
2026-08-03 14:01:00,Cell_0005,Central,5G,7.79,144.79,0.122,0.443,-60.2,98.04,262
2026-08-03 14:01:00,Cell_0006,North,LTE,32.65,29.11,0.645,0.283,-51.3,97.43,391
2026-08-03 14:01:00,Cell_0007,North,LTE,16.62,98.76,0.082,0.204,-41.9,98.84,441
2026-08-03 14:01:00,Cell_0008,South,LTE,19.84,20.62,1.121,0.176,-61.7,98.52,306
2026-08-03 14:01:00,Cell_0009,Central,LTE,30.04,48.33,0.596,0.742,-59.7,97.3,89
2026-08-03 14:01:00,Cell_0010,Central,5G,6.18,616.06,1.064,0.418,-71.0,95.1,216
2026-08-03 14:01:00,Cell_0011,South,5G,9.53,514.09,1.034,0.362,-59.7,95.53,273
2026-08-03 14:01:00,Cell_0012,Central,5G,5.72,456.19,0.465,0.34,-63.3,95.84,311
2026-08-03 14:01:00,Cell_0013,North,LTE,25.92,35.51,1.164,0.351,-41.5,98.23,125
2026-08-03 14:01:00,Cell_0014,West,5G,2.32,277.54,0.904,0.76,-52.1,95.89,445
2026-08-03 14:01:00,Cell_0015,East,LTE,23.92,65.1,0.869,0.681,-44.1,98.21,369
2026-08-03 14:01:00,Cell_0016,South,5G,9.74,384.53,0.66,0.469,-52.9,98.98,352
2026-08-03 14:01:00,Cell_0017,North,LTE,136.12,44.83,21.07,10.767,-103.4,95.38,492
2026-08-03 14:01:00,Cell_0018,West,LTE,32.17,23.28,1.364,0.572,-68.4,98.03,306
2026-08-03 14:01:00,Cell_0019,East,5G,1.56,193.15,1.349,0.343,-50.0,97.52,138
2026-08-03 14:01:00,Cell_0020,Central,5G,7.37,991.89,0.786,12.294,-62.3,99.59,248
2026-08-03 14:01:00,Cell_0021,North,5G,1.47,667.8,0.502,0.33,-55.5,96.93,179
2026-08-03 14:01:00,Cell_0022,Central,LTE,29.7,92.51,1.31,0.333,-54.6,95.71,229
2026-08-03 14:01:00,Cell_0023,West,LTE,29.68,72.97,0.193,0.709,-72.0,97.79,379
2026-08-03 14:01:00,Cell_0024,Central,5G,8.32,703.1,1.243,0.739,-51.0,97.63,380
2026-08-03 14:01:00,Cell_0025,Central,5G,5.58,116.41,0.463,0.951,-63.0,98.83,148
2026-08-03 14:01:00,Cell_0026,Central,LTE,14.13,26.17,1.267,0.101,-48.0,99.18,319
2026-08-03 14:01:00,Cell_0027,North,LTE,20.1,81.3,0.197,0.377,-93.8,64.14,444
2026-08-03 14:01:00,Cell_0028,South,5G,4.7,708.73,0.356,0.444,-65.0,98.74,279
2026-08-03 14:01:00,Cell_0029,North,LTE,17.18,97.25,1.177,0.904,-68.2,98.39,342
2026-08-03 14:01:00,Cell_0030,North,5G,5.16,353.59,0.573,0.527,-41.2,99.08,460
2026-08-03 14:01:00,Cell_0031,East,5G,8.86,146.96,0.721,0.371,-42.3,98.56,314
2026-08-03 14:01:00,Cell_0032,East,LTE,18.55,81.05,0.409,0.905,-69.8,97.19,163
2026-08-03 14:01:00,Cell_0033,East,5G,8.96,937.42,0.622,0.396,-61.9,96.93,91
2026-08-03 14:01:00,Cell_0034,South,5G,1.25,937.74,1.259,0.65,-47.3,95.69,196
2026-08-03 14:01:00,Cell_0035,North,LTE,24.17,86.49,1.138,0.469,-53.5,99.53,59
2026-08-03 14:01:00,Cell_0036,Central,LTE,35.05,63.9,1.091,0.528,-71.1,96.44,204
2026-08-03 14:01:00,Cell_0037,South,5G,3.15,675.06,0.934,0.063,-45.7,97.5,324
2026-08-03 14:01:00,Cell_0038,West,5G,5.64,28.25,0.215,0.429,-53.5,96.2,263
2026-08-03 14:01:00,Cell_0039,Central,LTE,39.24,25.41,0.789,0.507,-40.4,97.77,249
2026-08-03 14:01:00,Cell_0040,East,LTE,11.31,50.95,0.56,0.747,-62.5,95.34,173
2026-08-03 14:01:00,Cell_0041,South,LTE,28.85,81.72,1.103,0.333,-73.4,97.73,466
2026-08-03 14:01:00,Cell_0042,East,5G,8.47,716.21,1.471,0.479,-68.6,95.67,416
2026-08-03 14:01:00,Cell_0043,East,LTE,23.73,43.48,0.066,0.199,-73.5,99.67,313
2026-08-03 14:01:00,Cell_0044,South,5G,8.34,526.06,0.055,0.647,-65.0,99.31,74
2026-08-03 14:01:00,Cell_0045,South,5G,3.99,212.03,0.552,0.889,-49.0,99.47,247
2026-08-03 14:01:00,Cell_0046,West,5G,2.68,722.86,0.551,0.797,-65.7,95.41,267
2026-08-03 14:01:00,Cell_0047,South,5G,6.42,840.11,0.818,10.231,-72.2,98.3,206
2026-08-03 14:01:00,Cell_0048,South,LTE,30.69,48.12,0.064,0.87,-62.7,99.99,190
2026-08-03 14:01:00,Cell_0049,Central,5G,8.12,151.62,1.007,0.406,-57.0,98.75,131
2026-08-03 14:01:00,Cell_0050,Central,5G,2.29,646.82,1.172,0.035,-72.6,98.89,237
2026-08-03 14:01:00,Cell_0051,Central,5G,9.55,129.15,0.23,0.45,-62.0,97.22,89
2026-08-03 14:01:00,Cell_0052,East,LTE,25.88,51.84,0.974,0.25,-71.0,98.68,305
2026-08-03 14:01:00,Cell_0053,South,5G,9.22,205.98,1.162,0.704,-67.5,98.06,405
2026-08-03 14:01:00,Cell_0054,North,LTE,24.74,29.81,1.279,0.452,-43.5,97.23,94
2026-08-03 14:01:00,Cell_0055,North,LTE,39.03,98.93,1.002,0.71,-55.8,96.45,203
2026-08-03 14:01:00,Cell_0056,South,5G,7.41,934.59,0.957,0.794,-57.2,95.61,152
2026-08-03 14:01:00,Cell_0057,Central,LTE,17.1,59.52,0.541,0.572,-58.6,99.92,116
2026-08-03 14:01:00,Cell_0058,West,5G,1.78,378.36,1.499,0.719,-56.6,98.85,471
2026-08-03 14:01:00,Cell_0059,Central,5G,2.13,385.32,0.111,0.466,-56.9,95.64,474
2026-08-03 14:01:00,Cell_0060,Central,5G,6.76,263.77,1.449,0.433,-43.1,95.28,113
2026-08-03 14:01:00,Cell_0061,Central,LTE,19.12,32.96,1.402,0.225,-41.8,97.59,195
2026-08-03 14:01:00,Cell_0062,North,5G,3.26,671.55,0.826,0.125,-64.4,97.67,307
2026-08-03 14:01:00,Cell_0063,East,LTE,27.75,66.45,0.257,0.624,-43.4,96.69,338
2026-08-03 14:01:00,Cell_0064,East,5G,8.77,173.1,1.423,10.417,-65.7,96.05,342
2026-08-03 14:01:00,Cell_0065,South,5G,9.0,591.02,14.071,0.302,-66.4,99.04,257
2026-08-03 14:01:00,Cell_0066,North,5G,2.42,474.06,0.697,0.34,-70.0,99.31,213
2026-08-03 14:01:00,Cell_0067,Central,LTE,35.82,98.03,0.196,0.371,-55.3,96.6,288
2026-08-03 14:01:00,Cell_0068,Central,LTE,23.49,31.27,0.076,0.945,-44.8,97.09,493
2026-08-03 14:01:00,Cell_0069,East,LTE,34.4,94.7,1.082,0.19,-69.4,99.98,289
2026-08-03 14:01:00,Cell_0070,South,5G,3.78,120.86,1.418,0.505,-41.2,96.08,230
2026-08-03 14:01:00,Cell_0071,South,LTE,18.44,67.8,1.264,4.607,-65.0,95.04,105
2026-08-03 14:01:00,Cell_0072,Central,5G,4.29,462.93,0.068,0.051,-55.3,96.81,197
2026-08-03 14:01:00,Cell_0073,West,LTE,25.13,81.15,0.42,7.478,-51.2,95.59,99
2026-08-03 14:01:00,Cell_0074,North,5G,6.02,429.05,0.216,0.602,-61.0,95.2,69
2026-08-03 14:01:00,Cell_0075,East,LTE,19.99,57.9,0.685,0.606,-57.0,96.64,363
2026-08-03 14:01:00,Cell_0076,North,LTE,21.79,69.32,1.264,0.594,-57.2,97.55,300
2026-08-03 14:01:00,Cell_0077,Central,LTE,18.99,85.26,0.553,0.674,-40.7,97.92,457
2026-08-03 14:01:00,Cell_0078,North,5G,8.85,666.33,0.895,0.266,-52.1,99.86,346
2026-08-03 14:01:00,Cell_0079,North,LTE,31.64,66.68,0.256,0.629,-53.3,99.21,125
2026-08-03 14:01:00,Cell_0080,South,5G,3.18,615.31,1.051,0.191,-59.6,97.09,261
2026-08-03 14:01:00,Cell_0081,Central,LTE,22.31,82.0,1.381,0.873,-49.2,95.31,120
2026-08-03 14:01:00,Cell_0082,East,5G,6.05,998.31,0.718,0.377,-41.5,97.3,322
2026-08-03 14:01:00,Cell_0083,South,LTE,20.63,81.76,1.081,0.643,-50.7,98.05,148
2026-08-03 14:01:00,Cell_0084,East,5G,3.51,368.65,1.412,0.982,-48.0,98.52,403
2026-08-03 14:01:00,Cell_0085,East,5G,3.85,413.92,1.401,0.795,-65.4,95.61,396
2026-08-03 14:01:00,Cell_0086,Central,5G,9.06,455.08,0.518,0.773,-69.9,95.21,415
2026-08-03 14:01:00,Cell_0087,North,LTE,90.97,20.64,1.121,0.214,-46.0,96.36,1356
2026-08-03 14:01:00,Cell_0088,South,LTE,17.27,73.59,0.797,0.638,-73.2,97.07,417
2026-08-03 14:01:00,Cell_0089,East,LTE,30.44,31.0,1.447,0.978,-69.5,98.26,500
2026-08-03 14:01:00,Cell_0090,Central,LTE,24.32,35.96,1.446,0.321,-52.4,99.54,95
2026-08-03 14:01:00,Cell_0091,Central,LTE,16.97,79.09,1.275,0.037,-42.7,97.09,478
2026-08-03 14:01:00,Cell_0092,North,LTE,37.59,99.77,0.595,0.495,-42.2,99.81,198
2026-08-03 14:01:00,Cell_0093,North,LTE,10.28,65.44,0.161,0.983,-65.0,99.95,328
2026-08-03 14:01:00,Cell_0094,North,LTE,36.68,30.74,0.756,0.273,-46.7,96.65,424
2026-08-03 14:01:00,Cell_0095,East,LTE,17.72,34.9,1.105,0.791,-55.1,98.79,139
2026-08-03 14:01:00,Cell_0096,Central,LTE,29.16,52.44,0.642,0.328,-61.0,95.48,121
2026-08-03 14:01:00,Cell_0097,East,5G,9.42,106.15,0.575,0.447,-65.7,96.65,348
2026-08-03 14:01:00,Cell_0098,South,LTE,10.34,72.29,1.039,0.062,-70.9,96.53,257
2026-08-03 14:01:00,Cell_0099,Central,5G,9.31,899.02,1.155,0.69,-52.6,99.7,238
2026-08-03 14:01:00,Cell_0100,South,5G,2.97,220.21,0.23,0.748,-53.8,97.08,331
2026-08-03 14:01:00,Cell_0101,West,LTE,32.72,84.16,1.238,0.762,-51.2,97.98,453
2026-08-03 14:01:00,Cell_0102,North,LTE,23.4,76.3,0.117,0.564,-72.8,97.74,308
2026-08-03 14:01:00,Cell_0103,West,5G,5.83,248.08,1.282,0.442,-51.2,98.58,300
2026-08-03 14:01:00,Cell_0104,West,5G,5.59,827.82,0.68,0.513,-59.0,95.29,286
2026-08-03 14:01:00,Cell_0105,West,LTE,19.25,21.74,0.382,0.003,-67.4,95.37,266
2026-08-03 14:01:00,Cell_0106,North,LTE,11.91,99.53,1.402,0.069,-42.3,95.16,259
2026-08-03 14:01:00,Cell_0107,West,5G,2.22,677.37,1.094,0.964,-61.9,99.46,279
2026-08-03 14:01:00,Cell_0108,North,LTE,37.2,50.05,1.024,0.662,-56.1,98.27,228
2026-08-03 14:01:00,Cell_0109,South,LTE,39.79,51.44,0.191,0.979,-45.8,98.78,202
2026-08-03 14:01:00,Cell_0110,Central,5G,7.47,481.72,0.569,0.23,-58.9,95.78,146
2026-08-03 14:01:00,Cell_0111,South,5G,7.53,201.56,1.214,0.419,-48.2,99.42,58
2026-08-03 14:01:00,Cell_0112,South,5G,1.61,634.55,0.67,0.672,-44.5,96.22,72
2026-08-03 14:01:00,Cell_0113,West,LTE,17.03,37.38,1.296,0.056,-57.4,96.45,467
2026-08-03 14:01:00,Cell_0114,North,5G,6.18,619.73,1.159,0.818,-66.7,99.38,388
2026-08-03 14:01:00,Cell_0115,Central,LTE,22.41,42.01,0.835,0.592,-49.3,95.88,397
2026-08-03 14:01:00,Cell_0116,North,LTE,24.87,97.78,1.412,0.671,-47.5,96.59,263
2026-08-03 14:01:00,Cell_0117,North,LTE,19.0,34.71,0.807,0.241,-67.1,99.29,123
2026-08-03 14:01:00,Cell_0118,South,5G,9.23,606.15,1.452,0.557,-70.3,96.21,154
2026-08-03 14:01:00,Cell_0119,West,5G,1.71,504.81,0.557,0.536,-46.0,95.26,243
2026-08-03 14:01:00,Cell_0120,South,5G,6.43,886.26,0.282,0.762,-49.6,97.79,295
2026-08-03 14:02:00,Cell_0001,North,LTE,37.21,44.26,1.363,0.212,-68.3,98.71,432
2026-08-03 14:02:00,Cell_0002,East,LTE,24.37,39.41,0.907,0.205,-43.0,97.76,447
2026-08-03 14:02:00,Cell_0003,South,LTE,23.99,71.9,0.463,0.36,-44.1,97.33,461
2026-08-03 14:02:00,Cell_0004,North,LTE,24.08,87.18,1.371,0.371,-60.5,97.81,163
2026-08-03 14:02:00,Cell_0005,Central,5G,1.15,597.98,0.876,0.72,-64.7,95.98,167
2026-08-03 14:02:00,Cell_0006,North,LTE,35.0,59.94,0.982,0.685,-66.0,99.11,420
2026-08-03 14:02:00,Cell_0007,North,LTE,24.72,33.46,1.192,0.169,-49.8,97.44,327
2026-08-03 14:02:00,Cell_0008,South,LTE,38.72,61.92,1.259,0.074,-46.4,95.24,53
2026-08-03 14:02:00,Cell_0009,Central,LTE,35.28,38.51,1.061,0.009,-57.3,96.87,366
2026-08-03 14:02:00,Cell_0010,Central,5G,9.41,921.48,0.989,0.016,-56.4,97.06,58
2026-08-03 14:02:00,Cell_0011,South,5G,3.47,979.73,0.026,0.813,-51.4,99.03,141
2026-08-03 14:02:00,Cell_0012,Central,5G,1.87,234.01,0.288,0.526,-46.5,96.34,253
2026-08-03 14:02:00,Cell_0013,North,LTE,88.44,12.13,0.365,0.697,-64.5,99.14,864
2026-08-03 14:02:00,Cell_0014,West,5G,1.51,108.51,0.257,0.5,-59.8,98.92,339
2026-08-03 14:02:00,Cell_0015,East,LTE,39.22,91.58,1.379,0.23,-43.5,98.46,340
2026-08-03 14:02:00,Cell_0016,South,5G,1.42,166.91,1.388,0.899,-55.3,95.16,485
2026-08-03 14:02:00,Cell_0017,North,LTE,38.84,66.96,1.128,0.713,-61.1,95.38,133
2026-08-03 14:02:00,Cell_0018,West,LTE,27.0,87.96,1.016,0.541,-61.6,98.7,454
2026-08-03 14:02:00,Cell_0019,East,5G,7.52,550.71,1.461,0.054,-59.7,99.19,224
2026-08-03 14:02:00,Cell_0020,Central,5G,6.52,636.05,1.453,0.326,-52.8,98.92,280
2026-08-03 14:02:00,Cell_0021,North,5G,4.2,947.03,0.648,0.68,-51.9,95.43,366
2026-08-03 14:02:00,Cell_0022,Central,LTE,17.39,25.88,0.402,0.38,-47.6,95.77,249
2026-08-03 14:02:00,Cell_0023,West,LTE,13.2,20.42,0.462,0.36,-65.6,95.66,145
2026-08-03 14:02:00,Cell_0024,Central,5G,6.01,561.2,0.155,0.09,-55.6,97.98,451
2026-08-03 14:02:00,Cell_0025,Central,5G,4.47,362.66,0.582,0.085,-43.5,99.53,174
2026-08-03 14:02:00,Cell_0026,Central,LTE,15.09,50.46,0.208,0.301,-57.7,95.32,272
2026-08-03 14:02:00,Cell_0027,North,LTE,18.99,82.61,0.542,0.944,-49.8,97.48,365
2026-08-03 14:02:00,Cell_0028,South,5G,1.96,374.19,1.423,0.332,-53.3,99.02,218
2026-08-03 14:02:00,Cell_0029,North,LTE,22.92,85.88,0.977,0.594,-64.5,98.02,405
2026-08-03 14:02:00,Cell_0030,North,5G,3.83,968.12,1.453,0.291,-50.7,97.46,344
2026-08-03 14:02:00,Cell_0031,East,5G,3.93,352.27,1.179,0.365,-42.4,96.0,329
2026-08-03 14:02:00,Cell_0032,East,LTE,33.03,22.15,1.091,0.943,-67.7,98.99,475
2026-08-03 14:02:00,Cell_0033,East,5G,8.37,816.09,0.614,0.499,-52.8,96.21,387
2026-08-03 14:02:00,Cell_0034,South,5G,4.81,439.29,0.674,0.598,-54.6,97.67,495
2026-08-03 14:02:00,Cell_0035,North,LTE,26.31,83.26,0.539,0.896,-56.2,98.19,93
2026-08-03 14:02:00,Cell_0036,Central,LTE,17.45,73.18,0.25,0.613,-55.3,98.23,381
2026-08-03 14:02:00,Cell_0037,South,5G,7.77,969.15,0.646,0.011,-65.9,97.55,315
2026-08-03 14:02:00,Cell_0038,West,5G,7.19,298.93,0.561,0.463,-51.2,98.45,127
2026-08-03 14:02:00,Cell_0039,Central,LTE,10.74,28.36,0.624,0.962,-70.9,99.7,122
2026-08-03 14:02:00,Cell_0040,East,LTE,20.29,82.74,0.782,0.348,-71.6,98.61,281
2026-08-03 14:02:00,Cell_0041,South,LTE,19.01,84.81,0.173,0.849,-52.3,98.39,134
2026-08-03 14:02:00,Cell_0042,East,5G,7.66,564.39,0.828,0.331,-60.1,97.31,458
2026-08-03 14:02:00,Cell_0043,East,LTE,15.53,71.24,0.648,0.029,-53.5,95.99,353
2026-08-03 14:02:00,Cell_0044,South,5G,1.04,293.32,0.418,0.704,-47.1,97.89,459
2026-08-03 14:02:00,Cell_0045,South,5G,2.68,393.39,0.686,0.262,-44.8,97.64,377
2026-08-03 14:02:00,Cell_0046,West,5G,4.5,453.29,0.171,0.352,-59.0,95.86,394
2026-08-03 14:02:00,Cell_0047,South,5G,3.68,653.04,0.127,0.134,-70.9,96.53,143
2026-08-03 14:02:00,Cell_0048,South,LTE,14.24,51.08,0.895,0.575,-60.2,97.43,325
2026-08-03 14:02:00,Cell_0049,Central,5G,6.81,999.91,0.832,0.49,-70.1,96.57,280
2026-08-03 14:02:00,Cell_0050,Central,5G,8.79,956.66,0.727,0.195,-61.6,97.81,384
2026-08-03 14:02:00,Cell_0051,Central,5G,7.16,474.07,1.26,0.489,-72.1,95.15,439
2026-08-03 14:02:00,Cell_0052,East,LTE,10.98,37.99,0.433,0.781,-55.2,98.86,303
2026-08-03 14:02:00,Cell_0053,South,5G,2.02,202.79,1.163,0.823,-62.2,99.11,71
2026-08-03 14:02:00,Cell_0054,North,LTE,23.24,37.48,0.638,0.736,-52.1,96.24,497
2026-08-03 14:02:00,Cell_0055,North,LTE,23.49,47.89,1.225,0.439,-40.2,98.88,171
2026-08-03 14:02:00,Cell_0056,South,5G,7.64,720.22,1.292,0.61,-60.0,98.08,451
2026-08-03 14:02:00,Cell_0057,Central,LTE,16.21,24.75,0.526,0.281,-56.1,96.62,410
2026-08-03 14:02:00,Cell_0058,West,5G,6.15,957.16,0.772,0.9,-46.5,95.68,434
2026-08-03 14:02:00,Cell_0059,Central,5G,9.27,993.24,1.301,0.127,-44.7,96.25,414
2026-08-03 14:02:00,Cell_0060,Central,5G,3.23,859.2,0.589,0.142,-52.9,98.14,242
2026-08-03 14:02:00,Cell_0061,Central,LTE,29.01,90.41,0.14,0.516,-65.3,99.68,238
2026-08-03 14:02:00,Cell_0062,North,5G,5.39,623.76,1.303,0.847,-71.7,99.86,375
2026-08-03 14:02:00,Cell_0063,East,LTE,20.75,25.07,0.802,0.218,-60.0,96.06,187
2026-08-03 14:02:00,Cell_0064,East,5G,3.55,592.58,0.196,0.852,-47.4,99.47,440
2026-08-03 14:02:00,Cell_0065,South,5G,1.9,805.5,0.689,5.428,-45.0,97.21,50
2026-08-03 14:02:00,Cell_0066,North,5G,2.19,685.0,0.238,0.933,-65.4,98.27,178
2026-08-03 14:02:00,Cell_0067,Central,LTE,29.94,71.91,0.078,0.626,-49.6,98.78,269
2026-08-03 14:02:00,Cell_0068,Central,LTE,31.11,20.09,0.715,0.133,-67.1,98.4,54
2026-08-03 14:02:00,Cell_0069,East,LTE,46.91,6.23,1.291,0.694,-58.3,96.14,1009
2026-08-03 14:02:00,Cell_0070,South,5G,4.44,832.03,1.312,0.642,-51.3,95.34,338
2026-08-03 14:02:00,Cell_0071,South,LTE,29.5,55.21,1.084,13.32,-69.7,97.06,401
2026-08-03 14:02:00,Cell_0072,Central,5G,1.9,777.2,0.884,0.384,-41.3,96.57,121
2026-08-03 14:02:00,Cell_0073,West,LTE,29.34,39.85,0.901,0.721,-65.0,99.71,63
2026-08-03 14:02:00,Cell_0074,North,5G,6.93,371.48,0.777,0.51,-48.8,96.48,77
2026-08-03 14:02:00,Cell_0075,East,LTE,33.81,39.15,0.579,0.241,-52.7,95.36,56
2026-08-03 14:02:00,Cell_0076,North,LTE,38.02,30.56,1.291,0.568,-62.2,98.41,440
2026-08-03 14:02:00,Cell_0077,Central,LTE,39.62,25.84,0.881,0.014,-67.4,99.61,454
2026-08-03 14:02:00,Cell_0078,North,5G,3.58,741.37,1.151,0.424,-60.9,98.2,325
2026-08-03 14:02:00,Cell_0079,North,LTE,18.32,44.79,0.767,0.203,-46.7,97.68,250
2026-08-03 14:02:00,Cell_0080,South,5G,7.87,684.86,0.965,0.31,-59.7,99.77,172
2026-08-03 14:02:00,Cell_0081,Central,LTE,12.59,1.4,0.68,0.609,-64.2,98.71,429
2026-08-03 14:02:00,Cell_0082,East,5G,7.31,247.45,1.43,0.523,-47.6,98.6,135
2026-08-03 14:02:00,Cell_0083,South,LTE,32.49,89.88,1.099,0.118,-43.5,96.68,269
2026-08-03 14:02:00,Cell_0084,East,5G,1.57,741.09,0.865,0.077,-59.1,96.8,305
2026-08-03 14:02:00,Cell_0085,East,5G,2.5,241.58,1.16,0.894,-51.4,95.58,429
2026-08-03 14:02:00,Cell_0086,Central,5G,1.4,876.64,0.367,0.472,-61.6,95.75,489
2026-08-03 14:02:00,Cell_0087,North,LTE,34.09,77.12,21.52,0.225,-66.3,99.58,213
2026-08-03 14:02:00,Cell_0088,South,LTE,13.58,73.87,0.079,0.223,-56.9,95.23,255
2026-08-03 14:02:00,Cell_0089,East,LTE,23.95,42.58,16.276,0.327,-55.6,95.04,152
2026-08-03 14:02:00,Cell_0090,Central,LTE,28.68,57.11,0.888,0.493,-48.0,95.98,329
2026-08-03 14:02:00,Cell_0091,Central,LTE,17.35,20.51,0.615,0.233,-62.9,99.2,499
2026-08-03 14:02:00,Cell_0092,North,LTE,20.05,80.71,0.564,8.904,-64.2,96.03,171
2026-08-03 14:02:00,Cell_0093,North,LTE,39.91,76.93,14.169,0.921,-43.6,97.6,408
2026-08-03 14:02:00,Cell_0094,North,LTE,27.42,60.43,0.956,0.394,-54.3,95.31,389
2026-08-03 14:02:00,Cell_0095,East,LTE,17.1,40.88,0.473,0.801,-50.5,98.68,212
2026-08-03 14:02:00,Cell_0096,Central,LTE,17.01,95.48,0.204,0.77,-71.2,95.53,280
2026-08-03 14:02:00,Cell_0097,East,5G,4.66,582.33,1.447,0.208,-64.2,96.33,111
2026-08-03 14:02:00,Cell_0098,South,LTE,34.23,44.34,1.057,0.603,-67.5,99.28,125
2026-08-03 14:02:00,Cell_0099,Central,5G,3.23,420.17,0.77,0.677,-65.9,99.95,65
2026-08-03 14:02:00,Cell_0100,South,5G,8.69,600.36,0.825,0.095,-71.4,98.97,112
2026-08-03 14:02:00,Cell_0101,West,LTE,208.11,98.61,0.196,0.824,-62.0,98.15,380
2026-08-03 14:02:00,Cell_0102,North,LTE,34.38,21.74,0.097,0.902,-59.5,95.64,483
2026-08-03 14:02:00,Cell_0103,West,5G,3.98,138.43,0.691,0.168,-54.9,99.11,252
2026-08-03 14:02:00,Cell_0104,West,5G,4.44,484.0,0.531,0.908,-65.4,97.23,126
2026-08-03 14:02:00,Cell_0105,West,LTE,28.58,39.66,0.443,4.647,-55.7,95.3,193
2026-08-03 14:02:00,Cell_0106,North,LTE,36.54,62.07,0.946,0.802,-47.2,99.95,450
2026-08-03 14:02:00,Cell_0107,West,5G,5.32,803.29,0.516,0.566,-63.7,96.35,63
2026-08-03 14:02:00,Cell_0108,North,LTE,16.57,91.66,1.168,0.059,-40.3,97.65,442
2026-08-03 14:02:00,Cell_0109,South,LTE,16.98,32.77,0.372,0.241,-56.3,98.96,427
2026-08-03 14:02:00,Cell_0110,Central,5G,9.97,11.16,1.27,0.797,-62.6,99.2,482
2026-08-03 14:02:00,Cell_0111,South,5G,8.26,727.86,1.371,0.028,-50.5,99.74,338
2026-08-03 14:02:00,Cell_0112,South,5G,9.54,853.03,1.216,0.97,-56.0,95.88,69
2026-08-03 14:02:00,Cell_0113,West,LTE,16.98,37.5,0.79,0.001,-42.9,96.01,116
2026-08-03 14:02:00,Cell_0114,North,5G,2.6,822.18,1.302,0.06,-69.8,98.52,122
2026-08-03 14:02:00,Cell_0115,Central,LTE,35.39,88.85,1.441,0.374,-42.0,96.98,101
2026-08-03 14:02:00,Cell_0116,North,LTE,19.68,98.07,1.099,0.437,-52.6,97.44,212
2026-08-03 14:02:00,Cell_0117,North,LTE,39.06,75.48,1.393,0.787,-67.2,97.94,139
2026-08-03 14:02:00,Cell_0118,South,5G,7.61,365.07,0.267,0.002,-50.4,97.86,485
2026-08-03 14:02:00,Cell_0119,West,5G,9.69,129.14,0.904,0.921,-41.1,96.1,339
2026-08-03 14:02:00,Cell_0120,South,5G,5.47,398.05,0.117,0.347,-63.8,98.18,95
2026-08-03 14:03:00,Cell_0001,North,LTE,30.1,78.34,0.504,0.011,-67.7,98.47,229
2026-08-03 14:03:00,Cell_0002,East,LTE,13.24,20.1,0.579,0.733,-41.1,99.42,302
2026-08-03 14:03:00,Cell_0003,South,LTE,20.54,50.03,1.243,0.789,-54.8,98.79,165
2026-08-03 14:03:00,Cell_0004,North,LTE,12.21,87.66,0.442,0.319,-41.7,95.37,137
2026-08-03 14:03:00,Cell_0005,Central,5G,2.45,167.5,1.413,0.978,-63.2,99.93,297
2026-08-03 14:03:00,Cell_0006,North,LTE,22.94,72.29,0.911,0.434,-73.1,96.66,147
2026-08-03 14:03:00,Cell_0007,North,LTE,26.62,94.05,0.81,0.661,-64.6,95.48,251
2026-08-03 14:03:00,Cell_0008,South,LTE,35.2,32.29,0.541,0.428,-64.7,98.31,357
2026-08-03 14:03:00,Cell_0009,Central,LTE,12.91,36.56,0.957,0.977,-58.4,95.58,451
2026-08-03 14:03:00,Cell_0010,Central,5G,5.4,694.94,0.137,0.544,-68.5,99.43,239
2026-08-03 14:03:00,Cell_0011,South,5G,1.4,495.77,0.395,0.837,-55.3,95.76,406
2026-08-03 14:03:00,Cell_0012,Central,5G,1.77,409.41,0.812,0.971,-54.4,97.77,480
2026-08-03 14:03:00,Cell_0013,North,LTE,25.68,97.25,1.031,0.936,-55.0,96.18,203
2026-08-03 14:03:00,Cell_0014,West,5G,9.12,9.21,0.753,0.9,-47.0,98.39,367
2026-08-03 14:03:00,Cell_0015,East,LTE,15.19,98.75,1.458,0.808,-70.6,97.12,399
2026-08-03 14:03:00,Cell_0016,South,5G,9.98,664.5,1.251,0.258,-43.1,99.57,84
2026-08-03 14:03:00,Cell_0017,North,LTE,26.69,64.16,1.285,0.52,-42.9,95.06,408
2026-08-03 14:03:00,Cell_0018,West,LTE,25.68,53.57,0.622,0.148,-54.4,98.79,101
2026-08-03 14:03:00,Cell_0019,East,5G,6.06,190.89,0.429,0.536,-63.0,97.05,246
2026-08-03 14:03:00,Cell_0020,Central,5G,6.15,525.74,0.258,0.403,-53.4,98.4,255
2026-08-03 14:03:00,Cell_0021,North,5G,9.01,398.34,21.348,0.746,-42.8,99.49,60
2026-08-03 14:03:00,Cell_0022,Central,LTE,18.41,59.33,1.044,0.098,-44.6,95.67,430
2026-08-03 14:03:00,Cell_0023,West,LTE,34.77,41.55,0.625,0.646,-68.4,96.06,471
2026-08-03 14:03:00,Cell_0024,Central,5G,5.36,564.85,0.561,0.056,-47.3,95.33,413
2026-08-03 14:03:00,Cell_0025,Central,5G,2.22,866.17,1.319,0.029,-68.3,99.16,478
2026-08-03 14:03:00,Cell_0026,Central,LTE,44.44,4.15,0.541,0.199,-62.1,97.32,1053
2026-08-03 14:03:00,Cell_0027,North,LTE,23.38,96.84,0.712,0.551,-63.0,99.19,182
2026-08-03 14:03:00,Cell_0028,South,5G,7.2,356.56,0.58,0.163,-55.0,99.82,488
2026-08-03 14:03:00,Cell_0029,North,LTE,16.75,36.54,0.977,0.513,-44.7,99.84,399
2026-08-03 14:03:00,Cell_0030,North,5G,30.1,145.36,0.902,0.008,-66.2,99.03,1363
2026-08-03 14:03:00,Cell_0031,East,5G,3.27,520.03,1.016,0.824,-61.1,95.51,311
2026-08-03 14:03:00,Cell_0032,East,LTE,38.99,87.15,0.842,0.594,-65.1,98.42,296
2026-08-03 14:03:00,Cell_0033,East,5G,9.9,10.25,1.292,0.261,-50.1,99.46,202
2026-08-03 14:03:00,Cell_0034,South,5G,9.1,824.89,1.204,0.6,-51.9,98.4,419
2026-08-03 14:03:00,Cell_0035,North,LTE,175.97,43.65,23.984,8.335,-104.3,97.92,342
2026-08-03 14:03:00,Cell_0036,Central,LTE,37.2,73.75,0.761,0.845,-45.6,99.38,142
2026-08-03 14:03:00,Cell_0037,South,5G,5.24,766.83,1.088,0.559,-43.1,99.73,221
2026-08-03 14:03:00,Cell_0038,West,5G,3.0,301.0,1.307,0.42,-44.0,96.86,349
2026-08-03 14:03:00,Cell_0039,Central,LTE,35.54,57.64,1.3,0.584,-41.9,95.36,149
2026-08-03 14:03:00,Cell_0040,East,LTE,36.02,50.53,0.448,0.054,-45.1,95.69,152
2026-08-03 14:03:00,Cell_0041,South,LTE,39.62,91.43,1.48,0.143,-44.8,95.9,91
2026-08-03 14:03:00,Cell_0042,East,5G,6.68,259.14,0.952,0.005,-65.4,98.81,136
2026-08-03 14:03:00,Cell_0043,East,LTE,14.75,82.82,1.17,0.129,-59.8,97.15,269
2026-08-03 14:03:00,Cell_0044,South,5G,4.45,133.95,0.299,0.373,-74.5,96.61,476
2026-08-03 14:03:00,Cell_0045,South,5G,1.16,103.71,1.1,0.226,-44.3,96.56,102
2026-08-03 14:03:00,Cell_0046,West,5G,6.3,250.32,1.236,0.298,-64.8,98.64,355
2026-08-03 14:03:00,Cell_0047,South,5G,4.9,718.1,0.201,0.996,-57.8,98.75,134
2026-08-03 14:03:00,Cell_0048,South,LTE,37.55,52.27,0.343,0.727,-70.4,98.67,351
2026-08-03 14:03:00,Cell_0049,Central,5G,2.11,740.0,1.188,0.375,-52.6,98.86,369
2026-08-03 14:03:00,Cell_0050,Central,5G,95.67,695.77,0.98,0.02,-50.9,97.08,244
2026-08-03 14:03:00,Cell_0051,Central,5G,2.38,725.67,0.945,0.301,-51.8,98.31,188
2026-08-03 14:03:00,Cell_0052,East,LTE,31.02,53.51,1.348,0.512,-53.4,96.41,451
2026-08-03 14:03:00,Cell_0053,South,5G,2.79,279.77,0.394,0.523,-67.9,98.52,201
2026-08-03 14:03:00,Cell_0054,North,LTE,26.44,92.83,1.032,0.481,-66.8,95.06,95
2026-08-03 14:03:00,Cell_0055,North,LTE,35.06,73.52,0.224,0.09,-57.1,98.62,101
2026-08-03 14:03:00,Cell_0056,South,5G,6.8,511.08,1.466,0.264,-73.2,99.07,497
2026-08-03 14:03:00,Cell_0057,Central,LTE,267.44,84.13,0.469,0.739,-71.7,98.79,73
2026-08-03 14:03:00,Cell_0058,West,5G,2.53,421.77,0.657,0.622,-44.3,95.46,467
2026-08-03 14:03:00,Cell_0059,Central,5G,2.02,460.23,0.685,0.836,-50.9,97.39,265
2026-08-03 14:03:00,Cell_0060,Central,5G,8.17,201.75,1.044,0.059,-42.0,95.8,263
2026-08-03 14:03:00,Cell_0061,Central,LTE,24.48,65.52,0.657,0.611,-47.7,98.06,491
2026-08-03 14:03:00,Cell_0062,North,5G,8.55,976.1,0.196,0.92,-71.0,97.06,73
2026-08-03 14:03:00,Cell_0063,East,LTE,105.47,6.43,1.302,0.525,-49.0,98.62,1492
2026-08-03 14:03:00,Cell_0064,East,5G,4.9,753.99,0.723,0.664,-52.6,95.74,473
2026-08-03 14:03:00,Cell_0065,South,5G,9.89,149.11,0.965,0.157,-45.3,99.26,495
2026-08-03 14:03:00,Cell_0066,North,5G,7.76,388.57,0.496,0.278,-57.3,97.75,243
2026-08-03 14:03:00,Cell_0067,Central,LTE,17.05,56.73,1.202,0.448,-45.0,97.24,110
2026-08-03 14:03:00,Cell_0068,Central,LTE,32.36,21.42,0.605,0.036,-55.8,99.13,455
2026-08-03 14:03:00,Cell_0069,East,LTE,28.57,44.37,0.763,0.207,-51.5,99.75,236
2026-08-03 14:03:00,Cell_0070,South,5G,8.35,859.89,0.498,0.767,-54.0,98.58,236
2026-08-03 14:03:00,Cell_0071,South,LTE,13.42,80.75,0.333,0.341,-46.0,99.82,199
2026-08-03 14:03:00,Cell_0072,Central,5G,4.37,195.69,1.345,0.492,-46.2,98.71,259
2026-08-03 14:03:00,Cell_0073,West,LTE,28.33,35.0,1.395,0.393,-59.0,98.91,416
2026-08-03 14:03:00,Cell_0074,North,5G,7.81,141.85,0.95,0.672,-70.7,99.46,284
2026-08-03 14:03:00,Cell_0075,East,LTE,38.69,30.77,0.748,0.53,-73.3,99.68,479
2026-08-03 14:03:00,Cell_0076,North,LTE,37.73,82.49,1.365,0.692,-68.9,99.08,103
2026-08-03 14:03:00,Cell_0077,Central,LTE,28.02,90.62,0.756,0.385,-40.7,99.58,440
2026-08-03 14:03:00,Cell_0078,North,5G,4.58,408.57,0.441,0.805,-70.2,98.01,433
2026-08-03 14:03:00,Cell_0079,North,LTE,35.29,63.82,0.471,0.737,-55.6,96.09,157
2026-08-03 14:03:00,Cell_0080,South,5G,3.62,410.76,1.009,0.981,-52.2,99.79,307
2026-08-03 14:03:00,Cell_0081,Central,LTE,29.11,76.83,1.141,0.562,-54.6,99.71,413
2026-08-03 14:03:00,Cell_0082,East,5G,7.73,857.25,0.429,0.847,-46.7,97.61,62
2026-08-03 14:03:00,Cell_0083,South,LTE,11.59,24.53,0.4,0.786,-40.6,98.42,124
2026-08-03 14:03:00,Cell_0084,East,5G,7.22,365.63,1.13,0.032,-46.5,95.51,494
2026-08-03 14:03:00,Cell_0085,East,5G,6.06,301.88,0.971,0.389,-57.1,98.98,406
2026-08-03 14:03:00,Cell_0086,Central,5G,6.98,933.84,0.581,0.957,-40.8,96.56,332
2026-08-03 14:03:00,Cell_0087,North,LTE,137.81,9.57,1.303,0.86,-59.5,96.13,1553
2026-08-03 14:03:00,Cell_0088,South,LTE,33.28,97.14,0.441,0.177,-51.1,95.93,138
2026-08-03 14:03:00,Cell_0089,East,LTE,13.58,23.25,0.419,0.264,-69.4,99.23,52
2026-08-03 14:03:00,Cell_0090,Central,LTE,31.29,32.38,0.231,0.323,-73.2,99.66,365
2026-08-03 14:03:00,Cell_0091,Central,LTE,19.03,83.19,0.825,0.073,-50.2,97.63,144
2026-08-03 14:03:00,Cell_0092,North,LTE,33.59,32.75,0.815,0.403,-62.8,99.42,389
2026-08-03 14:03:00,Cell_0093,North,LTE,20.82,37.48,1.129,0.53,-40.1,99.12,382
2026-08-03 14:03:00,Cell_0094,North,LTE,30.07,55.65,12.627,0.614,-53.3,99.79,399
2026-08-03 14:03:00,Cell_0095,East,LTE,13.4,40.53,1.086,0.025,-56.9,98.85,313
2026-08-03 14:03:00,Cell_0096,Central,LTE,23.37,23.51,1.347,0.193,-57.0,99.74,135
2026-08-03 14:03:00,Cell_0097,East,5G,7.96,579.89,0.94,0.211,-53.0,96.07,400
2026-08-03 14:03:00,Cell_0098,South,LTE,13.12,63.02,1.054,0.976,-47.9,98.23,86
2026-08-03 14:03:00,Cell_0099,Central,5G,2.38,513.3,0.498,0.088,-73.1,98.97,335
2026-08-03 14:03:00,Cell_0100,South,5G,30.24,269.0,0.611,0.451,-60.8,96.58,1042
2026-08-03 14:03:00,Cell_0101,West,LTE,32.68,66.85,1.051,0.073,-42.5,95.53,452
2026-08-03 14:03:00,Cell_0102,North,LTE,28.2,42.52,1.39,0.381,-46.2,95.15,130
2026-08-03 14:03:00,Cell_0103,West,5G,2.23,451.89,1.196,0.546,-41.4,95.72,396
2026-08-03 14:03:00,Cell_0104,West,5G,9.69,880.43,0.972,0.957,-74.6,99.37,122
2026-08-03 14:03:00,Cell_0105,West,LTE,10.15,67.73,0.806,0.947,-64.3,98.74,421
2026-08-03 14:03:00,Cell_0106,North,LTE,22.38,71.67,0.769,0.161,-67.3,99.17,149
2026-08-03 14:03:00,Cell_0107,West,5G,7.04,610.56,0.082,0.751,-40.3,97.74,380
2026-08-03 14:03:00,Cell_0108,North,LTE,18.72,25.39,0.147,0.726,-57.9,96.65,115
2026-08-03 14:03:00,Cell_0109,South,LTE,17.04,42.81,0.105,0.193,-58.0,96.64,387
2026-08-03 14:03:00,Cell_0110,Central,5G,6.26,609.0,0.547,0.316,-60.0,95.02,176
2026-08-03 14:03:00,Cell_0111,South,5G,7.41,676.75,0.415,0.359,-51.2,96.66,295
2026-08-03 14:03:00,Cell_0112,South,5G,4.23,374.92,0.828,0.176,-53.8,99.21,489
2026-08-03 14:03:00,Cell_0113,West,LTE,36.74,35.71,1.1,0.627,-49.5,99.46,484
2026-08-03 14:03:00,Cell_0114,North,5G,1.28,623.7,0.608,0.59,-43.3,97.76,328
2026-08-03 14:03:00,Cell_0115,Central,LTE,26.19,72.31,0.223,0.392,-43.8,97.95,488
2026-08-03 14:03:00,Cell_0116,North,LTE,23.94,60.83,0.595,0.502,-51.8,99.24,462
2026-08-03 14:03:00,Cell_0117,North,LTE,30.52,80.58,0.211,0.159,-55.2,97.83,496
2026-08-03 14:03:00,Cell_0118,South,5G,7.62,535.15,0.538,0.219,-57.9,95.31,239
2026-08-03 14:03:00,Cell_0119,West,5G,7.02,566.1,1.187,0.388,-42.9,99.41,70
2026-08-03 14:03:00,Cell_0120,South,5G,3.92,733.36,0.782,0.83,-45.8,96.32,328
2026-08-03 14:04:00,Cell_0001,North,LTE,21.3,50.28,0.882,0.898,-72.3,96.26,164
2026-08-03 14:04:00,Cell_0002,East,LTE,20.59,89.42,0.73,0.482,-53.9,97.51,121
2026-08-03 14:04:00,Cell_0003,South,LTE,16.9,61.16,0.421,0.15,-69.5,98.01,468
2026-08-03 14:04:00,Cell_0004,North,LTE,16.91,84.89,1.08,0.482,-58.2,96.05,132
2026-08-03 14:04:00,Cell_0005,Central,5G,4.7,319.3,0.192,0.592,-70.3,97.56,343
2026-08-03 14:04:00,Cell_0006,North,LTE,14.99,93.8,0.775,0.405,-41.1,98.19,499
2026-08-03 14:04:00,Cell_0007,North,LTE,29.85,42.68,0.129,0.449,-40.3,99.34,137
2026-08-03 14:04:00,Cell_0008,South,LTE,22.32,31.42,0.874,0.767,-53.2,97.55,135
2026-08-03 14:04:00,Cell_0009,Central,LTE,20.28,56.28,0.886,0.23,-61.5,95.54,153
2026-08-03 14:04:00,Cell_0010,Central,5G,9.18,715.93,1.24,0.606,-68.8,99.51,357
2026-08-03 14:04:00,Cell_0011,South,5G,137.64,553.0,0.176,0.482,-70.4,98.02,473
2026-08-03 14:04:00,Cell_0012,Central,5G,6.84,569.84,0.556,0.043,-56.5,96.15,460
2026-08-03 14:04:00,Cell_0013,North,LTE,33.06,48.04,1.207,0.908,-45.7,97.88,267
2026-08-03 14:04:00,Cell_0014,West,5G,5.29,309.26,1.289,0.283,-44.3,97.04,146
2026-08-03 14:04:00,Cell_0015,East,LTE,32.31,20.57,13.177,0.52,-61.9,96.03,461
2026-08-03 14:04:00,Cell_0016,South,5G,4.83,626.83,0.392,0.536,-55.2,98.06,398
2026-08-03 14:04:00,Cell_0017,North,LTE,16.11,64.17,0.836,0.179,-55.4,97.42,207
2026-08-03 14:04:00,Cell_0018,West,LTE,33.23,51.85,0.207,0.864,-70.8,96.15,450
2026-08-03 14:04:00,Cell_0019,East,5G,2.46,293.01,0.601,0.338,-55.7,98.49,411
2026-08-03 14:04:00,Cell_0020,Central,5G,61.57,672.29,1.207,0.823,-58.5,98.0,95
2026-08-03 14:04:00,Cell_0021,North,5G,6.48,752.05,1.396,0.401,-52.0,96.43,355
2026-08-03 14:04:00,Cell_0022,Central,LTE,33.21,34.02,8.895,0.011,-45.2,99.65,315
2026-08-03 14:04:00,Cell_0023,West,LTE,25.32,75.88,0.923,0.674,-62.4,98.28,130
2026-08-03 14:04:00,Cell_0024,Central,5G,3.48,459.49,1.004,0.405,-68.0,95.08,410
2026-08-03 14:04:00,Cell_0025,Central,5G,1.81,26.22,1.245,0.915,-62.8,99.82,191
2026-08-03 14:04:00,Cell_0026,Central,LTE,37.89,65.99,0.392,0.407,-71.3,95.36,200
2026-08-03 14:04:00,Cell_0027,North,LTE,13.51,61.06,0.387,0.538,-47.2,96.25,276
2026-08-03 14:04:00,Cell_0028,South,5G,6.07,792.97,1.136,0.961,-58.9,97.3,350
2026-08-03 14:04:00,Cell_0029,North,LTE,24.46,40.63,0.574,0.789,-67.3,98.51,459
2026-08-03 14:04:00,Cell_0030,North,5G,9.6,564.85,0.015,0.832,-66.3,95.47,394
2026-08-03 14:04:00,Cell_0031,East,5G,4.08,599.1,0.268,0.314,-67.4,97.87,143
2026-08-03 14:04:00,Cell_0032,East,LTE,30.49,92.79,0.748,0.2,-49.3,99.36,155
2026-08-03 14:04:00,Cell_0033,East,5G,8.51,852.7,0.534,0.779,-70.8,95.39,389
2026-08-03 14:04:00,Cell_0034,South,5G,1.06,871.38,1.437,0.848,-62.0,96.58,344
2026-08-03 14:04:00,Cell_0035,North,LTE,24.72,98.75,1.374,0.28,-67.2,97.88,77
2026-08-03 14:04:00,Cell_0036,Central,LTE,22.7,95.17,0.049,0.347,-44.9,98.88,284
2026-08-03 14:04:00,Cell_0037,South,5G,7.28,514.06,1.034,0.012,-67.6,97.91,216
2026-08-03 14:04:00,Cell_0038,West,5G,8.76,268.44,0.394,0.269,-41.5,96.72,144
2026-08-03 14:04:00,Cell_0039,Central,LTE,16.32,76.06,0.558,0.854,-65.2,95.9,117
2026-08-03 14:04:00,Cell_0040,East,LTE,30.58,85.14,1.081,0.804,-55.6,99.28,150
2026-08-03 14:04:00,Cell_0041,South,LTE,38.77,31.96,1.209,0.177,-57.5,99.98,484
2026-08-03 14:04:00,Cell_0042,East,5G,5.81,384.15,0.73,0.251,-45.0,95.24,100
2026-08-03 14:04:00,Cell_0043,East,LTE,11.8,85.11,0.715,0.63,-59.3,96.67,234
2026-08-03 14:04:00,Cell_0044,South,5G,6.02,829.01,0.516,0.412,-62.7,98.4,360
2026-08-03 14:04:00,Cell_0045,South,5G,6.18,684.22,0.262,0.78,-62.6,98.37,299
2026-08-03 14:04:00,Cell_0046,West,5G,5.02,170.57,0.92,0.464,-41.5,99.34,377
2026-08-03 14:04:00,Cell_0047,South,5G,4.04,668.15,0.857,0.849,-72.5,95.81,166
2026-08-03 14:04:00,Cell_0048,South,LTE,29.59,76.83,0.908,0.395,-43.9,98.9,235
2026-08-03 14:04:00,Cell_0049,Central,5G,5.69,505.26,0.251,0.854,-70.6,96.17,178
2026-08-03 14:04:00,Cell_0050,Central,5G,7.31,172.06,0.25,0.103,-72.8,99.39,330
2026-08-03 14:04:00,Cell_0051,Central,5G,7.94,571.58,9.587,0.104,-53.4,95.42,249
2026-08-03 14:04:00,Cell_0052,East,LTE,23.29,30.11,0.79,0.171,-73.8,96.78,216
2026-08-03 14:04:00,Cell_0053,South,5G,5.2,883.81,1.402,0.549,-70.3,99.74,326
2026-08-03 14:04:00,Cell_0054,North,LTE,27.93,70.48,0.954,0.564,-56.7,98.2,208
2026-08-03 14:04:00,Cell_0055,North,LTE,24.45,38.17,0.134,0.308,-60.6,95.78,55
2026-08-03 14:04:00,Cell_0056,South,5G,8.34,863.15,0.516,6.595,-74.7,99.61,436
2026-08-03 14:04:00,Cell_0057,Central,LTE,33.94,67.76,1.195,0.548,-68.4,99.41,273
2026-08-03 14:04:00,Cell_0058,West,5G,2.47,763.41,0.585,0.378,-65.8,97.11,172
2026-08-03 14:04:00,Cell_0059,Central,5G,8.2,651.89,1.041,0.272,-52.3,97.66,187
2026-08-03 14:04:00,Cell_0060,Central,5G,8.68,264.17,0.434,0.637,-53.4,96.36,368
2026-08-03 14:04:00,Cell_0061,Central,LTE,19.62,32.17,1.455,0.022,-41.0,96.41,114
2026-08-03 14:04:00,Cell_0062,North,5G,7.54,309.53,0.226,0.494,-63.0,96.56,459
2026-08-03 14:04:00,Cell_0063,East,LTE,21.14,75.75,0.048,0.08,-48.7,95.73,186
2026-08-03 14:04:00,Cell_0064,East,5G,1.64,523.13,0.288,0.842,-46.4,99.14,112
2026-08-03 14:04:00,Cell_0065,South,5G,7.43,446.32,1.462,0.247,-40.2,96.0,426
2026-08-03 14:04:00,Cell_0066,North,5G,5.69,983.9,0.709,0.681,-64.1,96.62,372
2026-08-03 14:04:00,Cell_0067,Central,LTE,32.34,63.97,0.183,0.481,-64.5,96.8,76
2026-08-03 14:04:00,Cell_0068,Central,LTE,16.53,29.03,0.949,0.325,-69.1,96.38,111
2026-08-03 14:04:00,Cell_0069,East,LTE,17.29,97.51,0.872,0.691,-50.9,95.77,444
2026-08-03 14:04:00,Cell_0070,South,5G,2.42,182.26,0.928,0.931,-40.1,98.13,80
2026-08-03 14:04:00,Cell_0071,South,LTE,14.62,62.91,0.161,0.488,-63.9,97.79,380
2026-08-03 14:04:00,Cell_0072,Central,5G,8.25,494.85,0.289,0.689,-62.5,95.67,70
2026-08-03 14:04:00,Cell_0073,West,LTE,23.13,43.58,1.046,0.19,-68.5,96.74,424
2026-08-03 14:04:00,Cell_0074,North,5G,8.81,638.81,1.291,0.16,-56.4,97.25,469
2026-08-03 14:04:00,Cell_0075,East,LTE,21.01,20.06,0.957,0.379,-68.5,95.09,488
2026-08-03 14:04:00,Cell_0076,North,LTE,28.61,45.66,0.095,0.967,-46.3,95.95,399
2026-08-03 14:04:00,Cell_0077,Central,LTE,26.54,69.04,0.484,0.641,-71.1,97.62,84
2026-08-03 14:04:00,Cell_0078,North,5G,255.44,260.77,18.778,14.36,-103.2,95.16,378
2026-08-03 14:04:00,Cell_0079,North,LTE,182.97,77.43,0.02,0.921,-52.0,99.64,476
2026-08-03 14:04:00,Cell_0080,South,5G,4.25,769.13,1.336,0.822,-47.2,95.29,365
2026-08-03 14:04:00,Cell_0081,Central,LTE,11.22,25.63,0.456,0.945,-41.4,95.49,421
2026-08-03 14:04:00,Cell_0082,East,5G,4.47,273.81,0.985,0.57,-41.8,97.79,335
2026-08-03 14:04:00,Cell_0083,South,LTE,13.17,71.09,0.537,0.459,-51.7,99.41,135
2026-08-03 14:04:00,Cell_0084,East,5G,5.95,554.22,0.986,0.534,-54.0,99.67,211
2026-08-03 14:04:00,Cell_0085,East,5G,9.97,860.37,0.619,0.633,-46.1,96.62,173
2026-08-03 14:04:00,Cell_0086,Central,5G,2.93,789.14,1.389,0.254,-41.3,97.24,253
2026-08-03 14:04:00,Cell_0087,North,LTE,11.04,6.92,0.024,0.135,-43.8,95.03,163
2026-08-03 14:04:00,Cell_0088,South,LTE,88.3,75.18,0.414,0.554,-55.5,99.63,129
2026-08-03 14:04:00,Cell_0089,East,LTE,14.15,49.37,0.873,0.233,-46.6,95.46,254
2026-08-03 14:04:00,Cell_0090,Central,LTE,16.52,26.18,0.487,0.483,-57.9,99.5,409
2026-08-03 14:04:00,Cell_0091,Central,LTE,37.23,67.62,0.451,0.731,-54.8,95.39,78
2026-08-03 14:04:00,Cell_0092,North,LTE,20.03,90.38,0.651,0.93,-70.8,98.85,432
2026-08-03 14:04:00,Cell_0093,North,LTE,28.07,20.91,1.166,0.382,-64.3,95.21,326
2026-08-03 14:04:00,Cell_0094,North,LTE,19.8,75.82,0.23,0.674,-40.1,99.86,435
2026-08-03 14:04:00,Cell_0095,East,LTE,25.14,37.77,0.435,0.394,-70.4,95.41,342
2026-08-03 14:04:00,Cell_0096,Central,LTE,26.44,41.0,0.598,0.434,-50.6,98.81,296
2026-08-03 14:04:00,Cell_0097,East,5G,5.39,687.02,0.294,0.616,-49.3,96.23,86
2026-08-03 14:04:00,Cell_0098,South,LTE,22.9,74.78,0.864,0.113,-60.5,96.83,147
2026-08-03 14:04:00,Cell_0099,Central,5G,6.34,121.79,0.457,0.988,-53.4,99.95,276
2026-08-03 14:04:00,Cell_0100,South,5G,4.96,931.79,0.35,0.685,-69.5,98.64,93
2026-08-03 14:04:00,Cell_0101,West,LTE,11.64,95.92,1.39,0.869,-46.3,95.07,405
2026-08-03 14:04:00,Cell_0102,North,LTE,19.15,57.7,0.498,0.74,-67.6,97.73,434
2026-08-03 14:04:00,Cell_0103,West,5G,5.35,756.93,0.212,0.699,-74.4,97.92,389
2026-08-03 14:04:00,Cell_0104,West,5G,3.3,154.1,0.301,0.697,-65.5,97.32,54
2026-08-03 14:04:00,Cell_0105,West,LTE,29.81,73.04,1.369,5.774,-71.2,96.46,382
2026-08-03 14:04:00,Cell_0106,North,LTE,39.3,27.97,0.473,0.867,-56.4,95.93,306
2026-08-03 14:04:00,Cell_0107,West,5G,6.05,741.22,0.06,0.922,-64.3,97.45,431
2026-08-03 14:04:00,Cell_0108,North,LTE,20.4,48.15,0.938,0.236,-40.8,97.51,465
2026-08-03 14:04:00,Cell_0109,South,LTE,17.73,3.06,1.5,0.99,-42.0,99.75,165
2026-08-03 14:04:00,Cell_0110,Central,5G,2.24,756.9,0.781,0.678,-44.5,98.43,263
2026-08-03 14:04:00,Cell_0111,South,5G,2.37,973.48,1.365,0.329,-56.0,96.03,120
2026-08-03 14:04:00,Cell_0112,South,5G,7.16,282.08,0.207,0.689,-43.5,99.55,270
2026-08-03 14:04:00,Cell_0113,West,LTE,39.27,31.61,1.4,0.917,-63.9,97.79,418
2026-08-03 14:04:00,Cell_0114,North,5G,3.86,891.67,1.091,0.765,-44.2,97.07,260
2026-08-03 14:04:00,Cell_0115,Central,LTE,32.37,85.74,0.955,0.738,-69.7,95.94,117
2026-08-03 14:04:00,Cell_0116,North,LTE,32.87,68.96,0.4,0.567,-66.9,96.16,401
2026-08-03 14:04:00,Cell_0117,North,LTE,254.98,82.39,18.425,7.457,-110.5,98.25,144
2026-08-03 14:04:00,Cell_0118,South,5G,9.72,932.89,1.425,0.223,-51.5,96.01,154
2026-08-03 14:04:00,Cell_0119,West,5G,9.34,987.06,1.301,7.858,-63.6,97.29,176
2026-08-03 14:04:00,Cell_0120,South,5G,27.14,104.16,0.469,0.612,-49.0,97.97,878
2026-08-03 14:05:00,Cell_0001,North,LTE,11.27,99.67,0.778,0.396,-49.3,97.79,314
2026-08-03 14:05:00,Cell_0002,East,LTE,38.88,35.19,0.659,0.884,-47.9,96.43,135
2026-08-03 14:05:00,Cell_0003,South,LTE,28.39,24.36,0.775,0.142,-46.0,97.26,419
2026-08-03 14:05:00,Cell_0004,North,LTE,15.39,66.84,1.341,0.546,-61.2,96.62,62
2026-08-03 14:05:00,Cell_0005,Central,5G,6.31,741.37,0.303,0.455,-66.2,98.46,414
2026-08-03 14:05:00,Cell_0006,North,LTE,31.55,29.88,0.171,0.449,-62.3,97.62,246
2026-08-03 14:05:00,Cell_0007,North,LTE,39.26,68.97,0.24,0.55,-73.5,95.85,221
2026-08-03 14:05:00,Cell_0008,South,LTE,29.79,32.01,1.303,0.179,-50.1,97.1,208
2026-08-03 14:05:00,Cell_0009,Central,LTE,38.83,43.1,0.271,0.899,-41.4,95.02,441
2026-08-03 14:05:00,Cell_0010,Central,5G,5.13,869.87,0.815,0.006,-44.1,96.19,351
2026-08-03 14:05:00,Cell_0011,South,5G,5.08,497.69,0.902,0.007,-44.1,96.39,371
2026-08-03 14:05:00,Cell_0012,Central,5G,8.43,144.03,0.222,0.653,-73.7,99.27,391
2026-08-03 14:05:00,Cell_0013,North,LTE,28.1,46.49,0.132,0.109,-40.2,95.81,195
2026-08-03 14:05:00,Cell_0014,West,5G,7.22,635.47,1.181,0.177,-59.1,97.89,68
2026-08-03 14:05:00,Cell_0015,East,LTE,18.98,49.49,0.568,0.068,-60.0,97.75,199
2026-08-03 14:05:00,Cell_0016,South,5G,2.1,873.47,0.494,0.414,-67.7,96.05,79
2026-08-03 14:05:00,Cell_0017,North,LTE,31.89,70.32,1.481,0.484,-50.9,99.67,411
2026-08-03 14:05:00,Cell_0018,West,LTE,28.27,45.32,0.788,0.995,-62.6,95.65,338
2026-08-03 14:05:00,Cell_0019,East,5G,7.56,547.97,1.212,0.884,-66.9,96.45,149
2026-08-03 14:05:00,Cell_0020,Central,5G,70.06,662.91,0.177,0.848,-47.0,99.99,261
2026-08-03 14:05:00,Cell_0021,North,5G,6.74,110.17,0.302,0.282,-47.3,96.54,309
2026-08-03 14:05:00,Cell_0022,Central,LTE,33.01,29.11,0.5,0.396,-55.1,99.8,476
2026-08-03 14:05:00,Cell_0023,West,LTE,19.92,47.03,1.009,0.916,-47.1,98.23,296
2026-08-03 14:05:00,Cell_0024,Central,5G,5.15,878.7,1.344,0.462,-46.5,99.64,78
2026-08-03 14:05:00,Cell_0025,Central,5G,3.69,752.47,0.473,0.536,-67.7,98.43,459
2026-08-03 14:05:00,Cell_0026,Central,LTE,33.87,25.3,0.224,0.841,-63.1,96.88,323
2026-08-03 14:05:00,Cell_0027,North,LTE,27.13,51.17,0.893,0.865,-48.7,98.53,211
2026-08-03 14:05:00,Cell_0028,South,5G,3.44,178.12,1.316,0.372,-46.0,96.51,318
2026-08-03 14:05:00,Cell_0029,North,LTE,13.37,82.8,1.167,0.913,-59.5,95.12,297
2026-08-03 14:05:00,Cell_0030,North,5G,2.39,406.1,0.725,0.874,-64.1,96.64,443
2026-08-03 14:05:00,Cell_0031,East,5G,8.4,944.22,1.015,0.133,-49.6,97.3,415
2026-08-03 14:05:00,Cell_0032,East,LTE,13.48,44.88,0.066,0.848,-44.5,96.67,73
2026-08-03 14:05:00,Cell_0033,East,5G,7.9,771.0,0.034,0.758,-52.6,96.05,152
2026-08-03 14:05:00,Cell_0034,South,5G,3.49,387.23,0.662,0.118,-69.8,96.37,57
2026-08-03 14:05:00,Cell_0035,North,LTE,26.79,28.19,0.814,0.549,-65.5,99.72,461
2026-08-03 14:05:00,Cell_0036,Central,LTE,17.34,25.7,0.92,0.339,-59.5,95.65,291
2026-08-03 14:05:00,Cell_0037,South,5G,1.45,445.24,0.129,0.392,-50.3,99.46,372
2026-08-03 14:05:00,Cell_0038,West,5G,7.29,654.68,0.469,0.817,-50.0,98.35,323
2026-08-03 14:05:00,Cell_0039,Central,LTE,37.68,81.15,0.852,6.725,-46.9,98.49,99
2026-08-03 14:05:00,Cell_0040,East,LTE,32.99,57.64,1.421,0.144,-43.7,96.29,236
2026-08-03 14:05:00,Cell_0041,South,LTE,30.99,73.21,1.183,0.882,-59.1,95.15,293
2026-08-03 14:05:00,Cell_0042,East,5G,5.31,861.19,0.423,0.349,-54.9,97.54,257
2026-08-03 14:05:00,Cell_0043,East,LTE,33.9,46.07,0.974,0.792,-56.4,97.0,261
2026-08-03 14:05:00,Cell_0044,South,5G,3.19,243.12,0.724,0.066,-67.7,98.47,270
2026-08-03 14:05:00,Cell_0045,South,5G,4.92,808.59,0.817,0.236,-51.8,95.39,414
2026-08-03 14:05:00,Cell_0046,West,5G,5.38,632.95,0.694,0.555,-46.2,95.88,257
2026-08-03 14:05:00,Cell_0047,South,5G,1.98,33.6,1.157,0.379,-57.7,98.3,96
2026-08-03 14:05:00,Cell_0048,South,LTE,37.1,70.89,0.0,0.147,-69.8,97.66,249
2026-08-03 14:05:00,Cell_0049,Central,5G,5.02,285.1,1.316,0.3,-47.2,98.4,272
2026-08-03 14:05:00,Cell_0050,Central,5G,9.24,991.26,0.874,0.611,-57.1,99.24,486
2026-08-03 14:05:00,Cell_0051,Central,5G,4.32,594.0,0.08,0.703,-46.3,96.8,490
2026-08-03 14:05:00,Cell_0052,East,LTE,10.94,54.54,0.885,0.625,-50.1,97.03,272
2026-08-03 14:05:00,Cell_0053,South,5G,6.96,527.38,0.282,0.385,-42.6,99.2,128
2026-08-03 14:05:00,Cell_0054,North,LTE,36.18,30.04,0.017,0.648,-70.0,99.42,386
2026-08-03 14:05:00,Cell_0055,North,LTE,39.71,26.77,0.963,0.416,-59.0,98.94,359
2026-08-03 14:05:00,Cell_0056,South,5G,6.61,508.95,0.636,0.82,-61.5,96.13,267
2026-08-03 14:05:00,Cell_0057,Central,LTE,27.34,87.74,0.355,0.502,-60.6,97.73,237
2026-08-03 14:05:00,Cell_0058,West,5G,6.63,211.36,0.553,0.58,-41.3,95.4,1878
2026-08-03 14:05:00,Cell_0059,Central,5G,5.18,170.41,1.335,0.088,-58.5,98.71,392
2026-08-03 14:05:00,Cell_0060,Central,5G,6.7,818.29,0.469,9.152,-63.0,98.89,290
2026-08-03 14:05:00,Cell_0061,Central,LTE,32.01,53.68,1.441,0.798,-64.9,95.18,355
2026-08-03 14:05:00,Cell_0062,North,5G,7.54,607.34,0.092,0.473,-69.1,95.26,199
2026-08-03 14:05:00,Cell_0063,East,LTE,28.73,42.95,0.124,0.506,-45.2,96.39,117
2026-08-03 14:05:00,Cell_0064,East,5G,3.48,331.26,1.112,0.604,-43.1,98.69,387
2026-08-03 14:05:00,Cell_0065,South,5G,8.27,335.13,1.051,0.485,-47.0,99.31,225
2026-08-03 14:05:00,Cell_0066,North,5G,9.71,635.99,1.233,0.838,-48.7,97.06,246
2026-08-03 14:05:00,Cell_0067,Central,LTE,23.21,71.01,0.316,0.734,-62.9,98.21,436
2026-08-03 14:05:00,Cell_0068,Central,LTE,11.58,57.12,0.714,0.476,-41.8,99.61,169
2026-08-03 14:05:00,Cell_0069,East,LTE,31.17,57.97,0.218,0.87,-74.6,99.64,279
2026-08-03 14:05:00,Cell_0070,South,5G,3.84,577.23,1.434,0.097,-56.4,96.77,482
2026-08-03 14:05:00,Cell_0071,South,LTE,37.54,88.67,0.502,0.267,-71.6,98.27,250
2026-08-03 14:05:00,Cell_0072,Central,5G,7.08,317.62,1.008,0.77,-56.8,98.39,142
2026-08-03 14:05:00,Cell_0073,West,LTE,10.32,20.68,0.102,0.411,-56.6,98.43,229
2026-08-03 14:05:00,Cell_0074,North,5G,3.55,273.77,0.036,0.092,-42.2,98.28,477
2026-08-03 14:05:00,Cell_0075,East,LTE,27.98,29.74,1.437,0.086,-53.8,96.88,441
2026-08-03 14:05:00,Cell_0076,North,LTE,26.98,97.37,1.344,0.696,-66.1,97.33,88
2026-08-03 14:05:00,Cell_0077,Central,LTE,37.68,42.11,0.64,0.903,-48.1,96.62,132
2026-08-03 14:05:00,Cell_0078,North,5G,3.5,156.15,0.583,0.996,-66.0,99.06,141
2026-08-03 14:05:00,Cell_0079,North,LTE,24.75,94.29,0.915,0.178,-57.8,95.72,443
2026-08-03 14:05:00,Cell_0080,South,5G,6.53,195.62,0.662,0.259,-73.8,95.35,422
2026-08-03 14:05:00,Cell_0081,Central,LTE,23.38,91.72,0.223,0.64,-42.3,98.32,186
2026-08-03 14:05:00,Cell_0082,East,5G,3.97,452.2,0.006,0.708,-48.0,97.39,256
2026-08-03 14:05:00,Cell_0083,South,LTE,33.43,82.83,0.81,0.003,-41.6,99.09,296
2026-08-03 14:05:00,Cell_0084,East,5G,5.82,992.44,0.5,0.303,-73.1,99.99,381
2026-08-03 14:05:00,Cell_0085,East,5G,5.81,964.83,0.121,0.46,-48.2,98.24,140
2026-08-03 14:05:00,Cell_0086,Central,5G,9.71,694.66,0.448,0.39,-71.3,98.44,299
2026-08-03 14:05:00,Cell_0087,North,LTE,28.98,78.83,0.21,0.193,-49.8,97.96,300
2026-08-03 14:05:00,Cell_0088,South,LTE,33.78,71.47,0.75,0.965,-46.6,99.83,58
2026-08-03 14:05:00,Cell_0089,East,LTE,28.58,22.73,0.064,0.118,-46.8,98.34,1898
2026-08-03 14:05:00,Cell_0090,Central,LTE,11.11,31.33,0.981,0.471,-42.9,95.23,409
2026-08-03 14:05:00,Cell_0091,Central,LTE,10.43,70.61,1.357,0.821,-71.6,98.06,477
2026-08-03 14:05:00,Cell_0092,North,LTE,34.53,28.51,0.746,0.799,-67.3,99.02,268
2026-08-03 14:05:00,Cell_0093,North,LTE,35.08,79.03,0.603,0.121,-51.1,97.73,214
2026-08-03 14:05:00,Cell_0094,North,LTE,33.79,81.14,0.89,0.336,-70.8,95.71,262
2026-08-03 14:05:00,Cell_0095,East,LTE,21.1,33.2,0.365,0.582,-70.3,98.96,373
2026-08-03 14:05:00,Cell_0096,Central,LTE,33.33,21.25,0.73,0.006,-68.7,95.45,383
2026-08-03 14:05:00,Cell_0097,East,5G,3.55,724.15,1.188,0.476,-70.6,95.72,188
2026-08-03 14:05:00,Cell_0098,South,LTE,22.36,95.05,0.916,0.038,-68.7,97.5,95
2026-08-03 14:05:00,Cell_0099,Central,5G,8.04,413.07,0.007,0.236,-70.9,97.65,98
2026-08-03 14:05:00,Cell_0100,South,5G,8.76,988.1,0.761,0.464,-53.1,96.04,77
2026-08-03 14:05:00,Cell_0101,West,LTE,33.9,74.82,1.453,0.474,-68.8,98.35,72
2026-08-03 14:05:00,Cell_0102,North,LTE,99.93,5.62,0.377,0.617,-43.8,97.27,907
2026-08-03 14:05:00,Cell_0103,West,5G,5.37,204.46,1.343,0.721,-54.3,96.63,151
2026-08-03 14:05:00,Cell_0104,West,5G,9.09,307.06,0.165,0.228,-66.7,97.06,152
2026-08-03 14:05:00,Cell_0105,West,LTE,16.62,57.68,0.727,0.89,-69.9,99.64,282
2026-08-03 14:05:00,Cell_0106,North,LTE,21.2,56.62,0.291,0.359,-65.6,96.68,66
2026-08-03 14:05:00,Cell_0107,West,5G,1.54,222.85,1.277,0.459,-69.0,96.72,201
2026-08-03 14:05:00,Cell_0108,North,LTE,33.69,71.04,0.917,0.17,-41.0,99.28,94
2026-08-03 14:05:00,Cell_0109,South,LTE,25.65,88.98,0.325,0.473,-58.8,95.07,269
2026-08-03 14:05:00,Cell_0110,Central,5G,3.22,394.57,0.869,0.892,-54.3,95.74,343
2026-08-03 14:05:00,Cell_0111,South,5G,4.76,139.8,1.487,0.733,-57.4,97.13,251
2026-08-03 14:05:00,Cell_0112,South,5G,8.18,839.16,0.679,0.241,-55.5,95.06,424
2026-08-03 14:05:00,Cell_0113,West,LTE,16.54,48.67,0.359,0.999,-74.4,98.35,132
2026-08-03 14:05:00,Cell_0114,North,5G,8.72,772.56,0.037,0.455,-48.0,99.37,257
2026-08-03 14:05:00,Cell_0115,Central,LTE,36.15,70.14,1.056,0.001,-53.0,96.92,403
2026-08-03 14:05:00,Cell_0116,North,LTE,10.98,54.07,0.405,0.946,-56.0,98.97,453
2026-08-03 14:05:00,Cell_0117,North,LTE,28.61,46.86,1.398,0.515,-43.1,96.82,76
2026-08-03 14:05:00,Cell_0118,South,5G,4.29,657.22,0.548,0.175,-55.4,95.34,413
2026-08-03 14:05:00,Cell_0119,West,5G,2.25,401.44,0.809,0.649,-49.2,98.76,496
2026-08-03 14:05:00,Cell_0120,South,5G,2.89,770.52,0.338,0.353,-65.6,98.4,191
2026-08-03 14:06:00,Cell_0001,North,LTE,21.18,56.19,0.752,0.83,-92.0,71.3,472
2026-08-03 14:06:00,Cell_0002,East,LTE,30.2,75.46,1.467,0.883,-68.4,99.42,94
2026-08-03 14:06:00,Cell_0003,South,LTE,36.94,43.07,1.435,0.109,-65.3,98.49,304
2026-08-03 14:06:00,Cell_0004,North,LTE,16.13,96.17,0.034,0.417,-51.1,99.66,292
2026-08-03 14:06:00,Cell_0005,Central,5G,4.99,680.22,0.437,0.063,-44.5,96.16,316
2026-08-03 14:06:00,Cell_0006,North,LTE,22.35,47.42,0.969,0.326,-54.2,98.48,481
2026-08-03 14:06:00,Cell_0007,North,LTE,23.74,65.38,1.347,0.306,-47.4,96.13,240
2026-08-03 14:06:00,Cell_0008,South,LTE,33.09,23.79,0.53,0.456,-69.2,99.62,414
2026-08-03 14:06:00,Cell_0009,Central,LTE,15.47,34.03,1.062,0.905,-47.2,95.81,109
2026-08-03 14:06:00,Cell_0010,Central,5G,3.85,213.83,7.959,0.184,-55.3,95.17,212
2026-08-03 14:06:00,Cell_0011,South,5G,9.78,580.28,0.182,0.025,-42.4,98.84,284
2026-08-03 14:06:00,Cell_0012,Central,5G,2.4,973.14,0.819,0.507,-52.3,96.48,198
2026-08-03 14:06:00,Cell_0013,North,LTE,32.62,99.53,1.0,0.8,-49.5,99.61,223
2026-08-03 14:06:00,Cell_0014,West,5G,7.58,910.16,0.209,0.551,-64.2,97.01,480
2026-08-03 14:06:00,Cell_0015,East,LTE,20.72,46.11,0.912,0.195,-56.6,98.91,442
2026-08-03 14:06:00,Cell_0016,South,5G,1.2,584.57,0.668,0.672,-71.9,97.56,149
2026-08-03 14:06:00,Cell_0017,North,LTE,28.1,60.92,0.084,0.667,-61.1,98.58,268
2026-08-03 14:06:00,Cell_0018,West,LTE,21.18,42.77,0.527,0.978,-44.4,95.44,422
2026-08-03 14:06:00,Cell_0019,East,5G,7.67,474.05,0.664,0.164,-49.5,99.49,423
2026-08-03 14:06:00,Cell_0020,Central,5G,2.26,628.46,0.129,0.208,-58.4,99.34,221
2026-08-03 14:06:00,Cell_0021,North,5G,9.64,780.5,0.133,11.523,-43.0,97.07,334
2026-08-03 14:06:00,Cell_0022,Central,LTE,14.11,34.88,0.573,0.554,-73.5,99.13,477
2026-08-03 14:06:00,Cell_0023,West,LTE,24.82,79.19,0.337,0.791,-69.6,96.5,377
2026-08-03 14:06:00,Cell_0024,Central,5G,5.25,688.43,1.339,0.417,-57.8,98.44,175
2026-08-03 14:06:00,Cell_0025,Central,5G,203.16,543.75,23.09,19.614,-98.6,97.4,273
2026-08-03 14:06:00,Cell_0026,Central,LTE,31.99,21.4,0.389,0.582,-69.9,97.31,404
2026-08-03 14:06:00,Cell_0027,North,LTE,14.9,41.81,0.629,0.912,-62.5,96.45,321
2026-08-03 14:06:00,Cell_0028,South,5G,1.69,274.43,0.942,0.765,-54.0,95.84,215
2026-08-03 14:06:00,Cell_0029,North,LTE,34.8,74.8,0.452,0.685,-50.9,95.48,346
2026-08-03 14:06:00,Cell_0030,North,5G,2.29,223.25,0.422,0.779,-60.6,99.6,133
2026-08-03 14:06:00,Cell_0031,East,5G,2.39,299.0,0.283,0.897,-53.5,99.16,319
2026-08-03 14:06:00,Cell_0032,East,LTE,31.38,76.18,1.204,0.417,-42.9,95.58,117
2026-08-03 14:06:00,Cell_0033,East,5G,5.32,380.42,0.544,0.817,-43.9,97.99,440
2026-08-03 14:06:00,Cell_0034,South,5G,2.55,374.22,1.117,0.119,-70.5,98.47,402
2026-08-03 14:06:00,Cell_0035,North,LTE,13.76,30.42,0.118,0.691,-47.6,95.39,446
2026-08-03 14:06:00,Cell_0036,Central,LTE,22.94,35.71,0.049,0.66,-54.2,97.35,179
2026-08-03 14:06:00,Cell_0037,South,5G,3.71,28.47,0.145,0.124,-53.9,97.94,152
2026-08-03 14:06:00,Cell_0038,West,5G,8.12,92.98,0.416,0.58,-62.7,99.28,1295
2026-08-03 14:06:00,Cell_0039,Central,LTE,32.9,62.31,1.074,0.964,-69.0,98.77,52
2026-08-03 14:06:00,Cell_0040,East,LTE,12.96,37.12,0.756,0.708,-62.2,97.95,275
2026-08-03 14:06:00,Cell_0041,South,LTE,13.22,86.78,1.472,0.424,-57.0,97.04,439
2026-08-03 14:06:00,Cell_0042,East,5G,2.11,199.28,0.204,0.762,-50.3,97.79,70
2026-08-03 14:06:00,Cell_0043,East,LTE,24.81,50.78,0.685,0.736,-51.0,99.21,165
2026-08-03 14:06:00,Cell_0044,South,5G,3.62,869.83,0.283,0.07,-45.6,97.38,397
2026-08-03 14:06:00,Cell_0045,South,5G,1.12,706.74,1.008,0.396,-56.7,98.38,111
2026-08-03 14:06:00,Cell_0046,West,5G,4.61,631.5,0.153,0.925,-40.8,95.32,151
2026-08-03 14:06:00,Cell_0047,South,5G,6.35,991.6,0.184,0.838,-49.6,96.39,415
2026-08-03 14:06:00,Cell_0048,South,LTE,27.81,80.5,1.201,0.943,-62.5,98.33,257
2026-08-03 14:06:00,Cell_0049,Central,5G,5.6,232.64,0.682,0.122,-57.9,96.15,118
2026-08-03 14:06:00,Cell_0050,Central,5G,7.64,15.6,0.747,0.027,-68.7,98.02,217
2026-08-03 14:06:00,Cell_0051,Central,5G,7.84,694.97,0.78,0.492,-58.7,96.47,304
2026-08-03 14:06:00,Cell_0052,East,LTE,17.85,47.49,1.29,0.547,-41.7,95.16,270
2026-08-03 14:06:00,Cell_0053,South,5G,2.07,505.1,1.279,0.443,-73.7,95.88,387
2026-08-03 14:06:00,Cell_0054,North,LTE,19.09,76.48,0.737,0.134,-49.9,97.44,106
2026-08-03 14:06:00,Cell_0055,North,LTE,24.72,64.3,0.809,0.47,-55.3,95.78,78
2026-08-03 14:06:00,Cell_0056,South,5G,5.45,973.78,0.925,0.353,-40.8,96.6,64
2026-08-03 14:06:00,Cell_0057,Central,LTE,13.85,49.31,1.214,0.584,-48.2,98.13,244
2026-08-03 14:06:00,Cell_0058,West,5G,4.11,421.63,0.527,0.661,-66.3,98.24,353
2026-08-03 14:06:00,Cell_0059,Central,5G,7.19,882.05,0.172,0.17,-56.2,95.19,386
2026-08-03 14:06:00,Cell_0060,Central,5G,6.11,911.27,0.4,0.696,-54.4,99.93,243
2026-08-03 14:06:00,Cell_0061,Central,LTE,19.67,27.82,0.733,0.691,-67.8,97.48,465
2026-08-03 14:06:00,Cell_0062,North,5G,4.06,653.35,0.545,0.436,-57.6,99.24,453
2026-08-03 14:06:00,Cell_0063,East,LTE,147.48,10.15,0.398,0.297,-54.9,99.02,988
2026-08-03 14:06:00,Cell_0064,East,5G,3.46,609.79,0.797,0.427,-62.8,95.38,471
2026-08-03 14:06:00,Cell_0065,South,5G,8.24,489.62,0.81,0.2,-60.9,98.12,282
2026-08-03 14:06:00,Cell_0066,North,5G,5.93,892.81,0.942,0.516,-68.5,97.5,388
2026-08-03 14:06:00,Cell_0067,Central,LTE,32.27,57.38,1.406,0.533,-53.5,98.85,272
2026-08-03 14:06:00,Cell_0068,Central,LTE,31.8,24.79,0.301,0.462,-66.6,98.73,441
2026-08-03 14:06:00,Cell_0069,East,LTE,23.06,45.49,1.245,0.064,-67.9,97.06,471
2026-08-03 14:06:00,Cell_0070,South,5G,2.45,718.17,0.354,0.238,-69.8,95.14,458
2026-08-03 14:06:00,Cell_0071,South,LTE,23.92,64.79,0.654,0.647,-73.7,95.8,119
2026-08-03 14:06:00,Cell_0072,Central,5G,36.64,349.99,0.826,0.644,-73.5,98.61,450
2026-08-03 14:06:00,Cell_0073,West,LTE,19.42,43.84,0.095,0.955,-43.6,98.36,96
2026-08-03 14:06:00,Cell_0074,North,5G,8.56,858.48,0.354,0.571,-57.5,95.6,390
2026-08-03 14:06:00,Cell_0075,East,LTE,38.49,94.52,0.378,0.885,-66.7,95.61,463
2026-08-03 14:06:00,Cell_0076,North,LTE,34.97,78.98,1.209,0.744,-42.3,96.09,104
2026-08-03 14:06:00,Cell_0077,Central,LTE,39.1,55.16,0.381,0.589,-57.8,96.87,107
2026-08-03 14:06:00,Cell_0078,North,5G,4.81,714.46,1.445,0.879,-42.2,96.81,416
2026-08-03 14:06:00,Cell_0079,North,LTE,19.25,71.63,1.358,0.035,-49.1,98.99,77
2026-08-03 14:06:00,Cell_0080,South,5G,8.1,315.71,0.829,0.309,-41.5,96.81,465
2026-08-03 14:06:00,Cell_0081,Central,LTE,26.05,38.91,0.664,0.008,-41.4,99.64,180
2026-08-03 14:06:00,Cell_0082,East,5G,9.43,781.0,0.446,0.859,-69.4,97.19,212
2026-08-03 14:06:00,Cell_0083,South,LTE,33.0,52.5,0.051,0.866,-46.2,99.7,291
2026-08-03 14:06:00,Cell_0084,East,5G,9.34,399.45,0.634,0.919,-71.5,95.8,183
2026-08-03 14:06:00,Cell_0085,East,5G,4.17,641.9,1.22,0.738,-59.1,95.14,76
2026-08-03 14:06:00,Cell_0086,Central,5G,2.65,499.06,0.962,0.003,-68.0,96.53,344
2026-08-03 14:06:00,Cell_0087,North,LTE,14.73,61.31,1.454,0.831,-48.3,99.23,401
2026-08-03 14:06:00,Cell_0088,South,LTE,38.18,56.12,1.31,0.134,-68.9,97.97,217
2026-08-03 14:06:00,Cell_0089,East,LTE,15.96,53.16,0.273,0.876,-41.9,99.42,164
2026-08-03 14:06:00,Cell_0090,Central,LTE,22.98,18.46,0.918,0.229,-71.9,97.31,1145
2026-08-03 14:06:00,Cell_0091,Central,LTE,14.48,96.64,0.255,0.567,-74.5,97.63,445
2026-08-03 14:06:00,Cell_0092,North,LTE,23.61,73.89,0.178,0.714,-68.3,99.31,450
2026-08-03 14:06:00,Cell_0093,North,LTE,32.39,50.57,0.647,0.207,-67.5,99.12,422
2026-08-03 14:06:00,Cell_0094,North,LTE,22.55,52.68,0.219,0.29,-65.8,98.09,177
2026-08-03 14:06:00,Cell_0095,East,LTE,30.53,56.65,0.015,0.133,-63.7,98.47,401
2026-08-03 14:06:00,Cell_0096,Central,LTE,21.5,53.86,0.896,0.073,-55.5,95.26,170
2026-08-03 14:06:00,Cell_0097,East,5G,4.19,645.74,1.006,0.802,-50.2,99.05,52
2026-08-03 14:06:00,Cell_0098,South,LTE,28.59,44.2,0.592,0.371,-41.1,97.8,347
2026-08-03 14:06:00,Cell_0099,Central,5G,2.53,543.56,0.509,0.468,-71.9,98.55,271
2026-08-03 14:06:00,Cell_0100,South,5G,2.05,139.75,0.192,0.872,-45.8,98.74,270
2026-08-03 14:06:00,Cell_0101,West,LTE,36.31,69.03,1.142,0.264,-64.0,99.46,211
2026-08-03 14:06:00,Cell_0102,North,LTE,24.74,96.0,0.834,0.923,-52.7,97.2,146
2026-08-03 14:06:00,Cell_0103,West,5G,3.07,132.28,0.39,0.706,-59.7,99.98,303
2026-08-03 14:06:00,Cell_0104,West,5G,4.21,738.13,6.872,0.493,-45.4,99.33,113
2026-08-03 14:06:00,Cell_0105,West,LTE,15.42,33.46,0.763,0.273,-43.8,97.93,348
2026-08-03 14:06:00,Cell_0106,North,LTE,10.12,81.35,0.271,0.92,-66.4,97.49,98
2026-08-03 14:06:00,Cell_0107,West,5G,1.23,713.18,1.021,0.394,-54.3,99.76,478
2026-08-03 14:06:00,Cell_0108,North,LTE,10.87,56.82,1.062,0.48,-53.0,96.35,386
2026-08-03 14:06:00,Cell_0109,South,LTE,39.09,72.49,1.426,0.325,-107.4,81.58,458
2026-08-03 14:06:00,Cell_0110,Central,5G,3.55,818.33,1.116,0.547,-53.9,95.46,180
2026-08-03 14:06:00,Cell_0111,South,5G,9.69,878.96,0.134,0.852,-69.3,98.9,195
2026-08-03 14:06:00,Cell_0112,South,5G,9.59,238.72,0.448,0.801,-49.2,99.61,400
2026-08-03 14:06:00,Cell_0113,West,LTE,20.77,27.69,0.551,0.2,-59.4,96.94,187
2026-08-03 14:06:00,Cell_0114,North,5G,4.81,780.84,1.216,0.614,-59.8,97.13,70
2026-08-03 14:06:00,Cell_0115,Central,LTE,39.2,74.12,0.971,0.714,-42.4,97.64,381
2026-08-03 14:06:00,Cell_0116,North,LTE,18.72,54.99,1.361,0.478,-69.8,95.64,203
2026-08-03 14:06:00,Cell_0117,North,LTE,25.69,43.64,0.072,0.077,-73.4,95.54,267
2026-08-03 14:06:00,Cell_0118,South,5G,5.18,748.28,1.219,0.355,-54.5,98.84,58
2026-08-03 14:06:00,Cell_0119,West,5G,6.95,261.6,0.273,0.393,-72.1,99.38,202
2026-08-03 14:06:00,Cell_0120,South,5G,7.52,781.62,0.675,0.808,-63.1,99.59,464
2026-08-03 14:07:00,Cell_0001,North,LTE,15.55,79.76,0.906,0.872,-71.3,97.67,52
2026-08-03 14:07:00,Cell_0002,East,LTE,10.4,72.46,0.69,0.405,-52.0,98.72,421
2026-08-03 14:07:00,Cell_0003,South,LTE,28.55,97.91,0.541,0.674,-50.8,96.97,204
2026-08-03 14:07:00,Cell_0004,North,LTE,14.05,35.26,1.224,0.696,-68.4,95.13,296
2026-08-03 14:07:00,Cell_0005,Central,5G,6.85,492.21,0.939,0.79,-68.3,96.5,287
2026-08-03 14:07:00,Cell_0006,North,LTE,22.66,29.32,1.354,0.739,-59.4,97.43,60
2026-08-03 14:07:00,Cell_0007,North,LTE,27.56,36.11,0.854,0.834,-73.2,95.04,372
2026-08-03 14:07:00,Cell_0008,South,LTE,22.95,53.25,0.744,0.579,-49.4,100.0,68
2026-08-03 14:07:00,Cell_0009,Central,LTE,24.58,67.28,0.917,0.679,-46.4,97.44,415
2026-08-03 14:07:00,Cell_0010,Central,5G,1.17,618.76,0.83,10.472,-52.3,99.45,109
2026-08-03 14:07:00,Cell_0011,South,5G,5.03,492.61,0.242,0.726,-58.6,97.19,309
2026-08-03 14:07:00,Cell_0012,Central,5G,9.18,405.24,0.903,0.842,-52.0,95.66,200
2026-08-03 14:07:00,Cell_0013,North,LTE,21.71,53.35,1.412,0.653,-62.4,97.36,482
2026-08-03 14:07:00,Cell_0014,West,5G,2.86,721.63,0.129,0.483,-68.9,95.78,301
2026-08-03 14:07:00,Cell_0015,East,LTE,22.48,99.5,0.455,0.209,-73.4,95.09,183
2026-08-03 14:07:00,Cell_0016,South,5G,2.43,845.15,1.342,0.032,-72.8,97.15,366
2026-08-03 14:07:00,Cell_0017,North,LTE,26.86,58.91,1.49,0.785,-48.1,98.85,335
2026-08-03 14:07:00,Cell_0018,West,LTE,14.54,75.21,0.773,0.669,-50.3,99.63,274
2026-08-03 14:07:00,Cell_0019,East,5G,9.66,780.19,1.462,0.782,-53.7,99.29,102
2026-08-03 14:07:00,Cell_0020,Central,5G,1.38,194.87,0.945,0.871,-43.1,95.79,199
2026-08-03 14:07:00,Cell_0021,North,5G,7.86,548.55,1.306,0.154,-62.3,99.1,112
2026-08-03 14:07:00,Cell_0022,Central,LTE,23.17,53.26,1.154,0.245,-46.7,96.71,308
2026-08-03 14:07:00,Cell_0023,West,LTE,17.98,77.22,0.623,0.629,-66.4,98.77,321
2026-08-03 14:07:00,Cell_0024,Central,5G,3.05,821.59,0.62,0.409,-58.9,99.26,456
2026-08-03 14:07:00,Cell_0025,Central,5G,9.49,498.32,1.155,0.718,-56.9,95.35,223
2026-08-03 14:07:00,Cell_0026,Central,LTE,39.46,33.15,0.092,0.759,-51.9,98.21,344
2026-08-03 14:07:00,Cell_0027,North,LTE,133.77,24.39,0.991,0.52,-64.6,97.01,1933
2026-08-03 14:07:00,Cell_0028,South,5G,4.1,844.3,1.35,0.61,-69.9,97.02,379
2026-08-03 14:07:00,Cell_0029,North,LTE,26.33,83.07,0.978,0.697,-43.9,98.91,257
2026-08-03 14:07:00,Cell_0030,North,5G,8.93,175.85,0.806,0.39,-49.8,99.4,316
2026-08-03 14:07:00,Cell_0031,East,5G,3.56,183.54,0.828,0.521,-48.5,95.8,64
2026-08-03 14:07:00,Cell_0032,East,LTE,26.2,40.7,1.248,0.304,-60.2,97.53,424
2026-08-03 14:07:00,Cell_0033,East,5G,4.36,664.29,0.532,0.048,-95.3,71.33,202
2026-08-03 14:07:00,Cell_0034,South,5G,8.25,990.1,0.848,0.894,-53.0,97.67,354
2026-08-03 14:07:00,Cell_0035,North,LTE,18.98,73.35,1.223,0.573,-70.1,96.89,427
2026-08-03 14:07:00,Cell_0036,Central,LTE,19.84,66.59,1.234,0.361,-71.6,98.56,474
2026-08-03 14:07:00,Cell_0037,South,5G,1.83,482.4,0.195,0.215,-72.3,98.38,256
2026-08-03 14:07:00,Cell_0038,West,5G,5.67,455.3,0.396,0.499,-60.2,97.2,300
2026-08-03 14:07:00,Cell_0039,Central,LTE,22.51,33.03,0.759,0.485,-59.0,99.84,312
2026-08-03 14:07:00,Cell_0040,East,LTE,13.54,37.01,0.71,0.746,-42.0,96.85,110
2026-08-03 14:07:00,Cell_0041,South,LTE,22.26,29.67,0.858,0.04,-69.6,96.86,241
2026-08-03 14:07:00,Cell_0042,East,5G,5.37,812.08,0.213,0.59,-73.3,99.47,195
2026-08-03 14:07:00,Cell_0043,East,LTE,34.57,59.1,0.183,0.349,-44.5,97.09,343
2026-08-03 14:07:00,Cell_0044,South,5G,5.07,404.04,0.566,0.834,-45.8,95.66,120
2026-08-03 14:07:00,Cell_0045,South,5G,5.15,504.94,0.674,0.866,-63.6,99.0,390
2026-08-03 14:07:00,Cell_0046,West,5G,4.49,910.22,0.508,0.046,-51.5,97.22,192
2026-08-03 14:07:00,Cell_0047,South,5G,8.79,736.49,0.858,0.796,-50.2,97.81,113
2026-08-03 14:07:00,Cell_0048,South,LTE,12.55,96.41,0.813,0.758,-41.5,97.61,434
2026-08-03 14:07:00,Cell_0049,Central,5G,9.07,208.25,1.404,0.18,-74.3,98.93,175
2026-08-03 14:07:00,Cell_0050,Central,5G,8.55,621.6,0.127,0.534,-63.8,97.94,301
2026-08-03 14:07:00,Cell_0051,Central,5G,1.21,493.32,0.622,0.86,-63.9,96.29,108
2026-08-03 14:07:00,Cell_0052,East,LTE,26.25,42.83,0.274,0.768,-69.6,99.76,397
2026-08-03 14:07:00,Cell_0053,South,5G,6.53,392.76,0.041,0.059,-61.4,96.6,261
2026-08-03 14:07:00,Cell_0054,North,LTE,17.74,95.33,1.349,0.052,-66.6,97.99,171
2026-08-03 14:07:00,Cell_0055,North,LTE,32.57,50.8,0.173,0.061,-58.7,97.04,297
2026-08-03 14:07:00,Cell_0056,South,5G,6.7,922.36,0.028,0.554,-97.0,63.14,440
2026-08-03 14:07:00,Cell_0057,Central,LTE,23.38,87.7,0.751,0.783,-70.0,97.7,136
2026-08-03 14:07:00,Cell_0058,West,5G,5.84,481.38,1.367,0.452,-75.0,97.32,474
2026-08-03 14:07:00,Cell_0059,Central,5G,6.88,250.64,0.09,0.922,-65.4,96.25,398
2026-08-03 14:07:00,Cell_0060,Central,5G,4.16,668.99,0.878,0.51,-73.4,98.7,338
2026-08-03 14:07:00,Cell_0061,Central,LTE,12.69,75.87,1.246,0.725,-99.9,80.05,157
2026-08-03 14:07:00,Cell_0062,North,5G,9.51,671.65,1.469,0.708,-65.4,98.31,214
2026-08-03 14:07:00,Cell_0063,East,LTE,23.79,67.96,0.024,0.692,-52.4,95.01,293
2026-08-03 14:07:00,Cell_0064,East,5G,450.69,256.18,22.328,13.08,-97.1,96.96,91
2026-08-03 14:07:00,Cell_0065,South,5G,5.01,211.07,1.458,0.376,-54.0,96.93,479
2026-08-03 14:07:00,Cell_0066,North,5G,7.27,107.59,0.694,0.936,-59.4,96.11,60
2026-08-03 14:07:00,Cell_0067,Central,LTE,30.42,76.74,0.287,0.816,-53.1,99.04,163
2026-08-03 14:07:00,Cell_0068,Central,LTE,24.81,49.04,0.421,0.905,-50.3,96.05,150
2026-08-03 14:07:00,Cell_0069,East,LTE,29.15,28.88,0.416,0.5,-69.0,95.97,428
2026-08-03 14:07:00,Cell_0070,South,5G,7.14,608.63,0.098,0.128,-72.7,96.3,341
2026-08-03 14:07:00,Cell_0071,South,LTE,36.43,78.31,0.411,0.848,-74.2,99.85,397
2026-08-03 14:07:00,Cell_0072,Central,5G,3.28,604.1,0.681,0.938,-52.6,99.72,76
2026-08-03 14:07:00,Cell_0073,West,LTE,19.69,87.55,0.61,0.122,-56.9,97.48,314
2026-08-03 14:07:00,Cell_0074,North,5G,8.95,302.09,0.417,0.42,-59.3,95.03,149
2026-08-03 14:07:00,Cell_0075,East,LTE,36.4,84.61,1.485,0.226,-50.9,99.79,177
2026-08-03 14:07:00,Cell_0076,North,LTE,19.88,25.03,0.938,0.028,-59.9,95.12,458
2026-08-03 14:07:00,Cell_0077,Central,LTE,20.03,40.03,0.162,0.238,-63.1,95.27,220
2026-08-03 14:07:00,Cell_0078,North,5G,3.13,165.62,0.9,0.439,-71.7,97.23,113
2026-08-03 14:07:00,Cell_0079,North,LTE,11.82,22.67,0.47,0.848,-72.7,95.64,460
2026-08-03 14:07:00,Cell_0080,South,5G,3.71,663.57,0.099,0.678,-55.4,96.47,245
2026-08-03 14:07:00,Cell_0081,Central,LTE,28.52,52.89,1.297,0.787,-53.2,97.27,287
2026-08-03 14:07:00,Cell_0082,East,5G,8.92,657.31,0.509,0.938,-47.6,97.27,218
2026-08-03 14:07:00,Cell_0083,South,LTE,13.24,20.98,1.07,0.593,-45.6,99.52,114
2026-08-03 14:07:00,Cell_0084,East,5G,3.31,478.91,1.087,0.445,-66.5,98.99,80
2026-08-03 14:07:00,Cell_0085,East,5G,6.26,561.81,0.978,0.358,-54.6,97.71,124
2026-08-03 14:07:00,Cell_0086,Central,5G,3.78,408.61,0.553,0.008,-54.5,98.39,79
2026-08-03 14:07:00,Cell_0087,North,LTE,34.58,64.76,0.082,0.344,-40.8,98.2,153
2026-08-03 14:07:00,Cell_0088,South,LTE,20.25,73.43,1.042,0.982,-54.0,96.66,346
2026-08-03 14:07:00,Cell_0089,East,LTE,20.07,43.97,0.493,0.105,-44.3,99.55,303
2026-08-03 14:07:00,Cell_0090,Central,LTE,10.11,37.84,0.345,0.624,-66.6,98.67,467
2026-08-03 14:07:00,Cell_0091,Central,LTE,32.2,36.43,0.276,0.99,-62.3,95.37,65
2026-08-03 14:07:00,Cell_0092,North,LTE,14.27,55.23,0.947,0.913,-62.4,99.88,151
2026-08-03 14:07:00,Cell_0093,North,LTE,15.22,90.83,1.078,0.34,-55.6,95.89,61
2026-08-03 14:07:00,Cell_0094,North,LTE,17.85,28.1,1.247,0.137,-52.1,99.43,223
2026-08-03 14:07:00,Cell_0095,East,LTE,19.15,39.21,1.214,0.661,-42.1,99.89,369
2026-08-03 14:07:00,Cell_0096,Central,LTE,36.35,25.23,0.217,0.924,-47.2,95.96,243
2026-08-03 14:07:00,Cell_0097,East,5G,3.86,486.59,0.954,0.921,-48.3,97.94,487
2026-08-03 14:07:00,Cell_0098,South,LTE,33.69,46.21,0.08,0.796,-44.5,99.26,349
2026-08-03 14:07:00,Cell_0099,Central,5G,2.88,173.27,0.706,0.664,-72.7,97.54,434
2026-08-03 14:07:00,Cell_0100,South,5G,7.76,436.84,0.778,0.179,-50.1,97.63,297
2026-08-03 14:07:00,Cell_0101,West,LTE,24.84,41.47,0.601,0.921,-54.6,95.18,162
2026-08-03 14:07:00,Cell_0102,North,LTE,23.56,38.75,0.328,0.425,-61.8,95.79,481
2026-08-03 14:07:00,Cell_0103,West,5G,5.95,220.9,0.126,0.445,-62.7,97.92,288
2026-08-03 14:07:00,Cell_0104,West,5G,4.03,506.04,0.649,0.368,-57.6,96.37,62
2026-08-03 14:07:00,Cell_0105,West,LTE,17.01,71.63,0.539,0.082,-45.5,97.56,379
2026-08-03 14:07:00,Cell_0106,North,LTE,18.29,38.22,10.0,0.36,-55.9,96.67,395
2026-08-03 14:07:00,Cell_0107,West,5G,7.92,860.9,0.286,0.604,-70.2,99.27,416
2026-08-03 14:07:00,Cell_0108,North,LTE,37.37,20.68,0.449,0.822,-47.6,97.02,257
2026-08-03 14:07:00,Cell_0109,South,LTE,32.73,20.95,0.981,0.989,-41.7,99.33,166
2026-08-03 14:07:00,Cell_0110,Central,5G,7.74,526.99,0.774,0.786,-48.5,98.61,286
2026-08-03 14:07:00,Cell_0111,South,5G,1.77,861.22,0.643,0.942,-60.4,97.19,486
2026-08-03 14:07:00,Cell_0112,South,5G,4.37,619.76,0.193,0.943,-74.7,99.05,477
2026-08-03 14:07:00,Cell_0113,West,LTE,16.76,54.06,1.129,0.763,-50.8,96.5,350
2026-08-03 14:07:00,Cell_0114,North,5G,8.07,929.93,0.231,0.953,-98.5,69.77,358
2026-08-03 14:07:00,Cell_0115,Central,LTE,38.46,25.1,0.58,0.475,-63.5,99.81,377
2026-08-03 14:07:00,Cell_0116,North,LTE,12.8,28.35,0.829,0.032,-50.9,97.44,145
2026-08-03 14:07:00,Cell_0117,North,LTE,37.34,50.87,0.309,0.291,-56.6,97.27,238
2026-08-03 14:07:00,Cell_0118,South,5G,2.55,873.74,0.616,0.157,-71.1,97.68,294
2026-08-03 14:07:00,Cell_0119,West,5G,4.5,913.23,0.31,0.87,-64.2,99.09,390
2026-08-03 14:07:00,Cell_0120,South,5G,6.43,945.24,0.881,0.502,-51.0,96.38,53
2026-08-03 14:08:00,Cell_0001,North,LTE,23.37,85.97,0.907,0.247,-63.5,97.85,301
2026-08-03 14:08:00,Cell_0002,East,LTE,27.28,78.98,0.432,0.881,-59.0,98.5,414
2026-08-03 14:08:00,Cell_0003,South,LTE,21.73,85.87,1.275,0.415,-68.7,98.09,271
2026-08-03 14:08:00,Cell_0004,North,LTE,37.32,34.68,0.853,0.394,-41.9,96.2,495
2026-08-03 14:08:00,Cell_0005,Central,5G,8.94,583.96,1.0,0.067,-49.6,99.51,302
2026-08-03 14:08:00,Cell_0006,North,LTE,32.86,29.7,0.553,0.755,-57.3,98.9,259
2026-08-03 14:08:00,Cell_0007,North,LTE,17.58,60.49,0.693,0.073,-50.7,98.75,245
2026-08-03 14:08:00,Cell_0008,South,LTE,21.98,35.55,0.057,0.251,-50.2,95.68,393
2026-08-03 14:08:00,Cell_0009,Central,LTE,24.54,25.46,0.823,0.242,-41.7,95.7,470
2026-08-03 14:08:00,Cell_0010,Central,5G,2.45,854.65,0.91,0.177,-70.7,98.71,136
2026-08-03 14:08:00,Cell_0011,South,5G,7.87,709.64,0.23,0.358,-105.7,77.42,395
2026-08-03 14:08:00,Cell_0012,Central,5G,8.3,676.91,1.075,0.897,-61.3,96.54,76
2026-08-03 14:08:00,Cell_0013,North,LTE,11.46,50.19,0.303,0.25,-43.2,96.0,58
2026-08-03 14:08:00,Cell_0014,West,5G,9.9,403.4,0.288,0.669,-67.3,99.41,458
2026-08-03 14:08:00,Cell_0015,East,LTE,29.92,77.92,0.066,0.513,-46.5,96.61,370
2026-08-03 14:08:00,Cell_0016,South,5G,2.86,587.53,1.408,0.121,-67.5,96.78,138
2026-08-03 14:08:00,Cell_0017,North,LTE,29.62,20.96,5.879,0.22,-52.0,96.39,369
2026-08-03 14:08:00,Cell_0018,West,LTE,22.33,81.4,0.749,0.99,-50.1,98.96,485
2026-08-03 14:08:00,Cell_0019,East,5G,3.27,185.27,0.487,0.631,-61.4,99.62,444
2026-08-03 14:08:00,Cell_0020,Central,5G,3.99,671.82,1.326,0.318,-45.2,97.41,221
2026-08-03 14:08:00,Cell_0021,North,5G,9.21,5.74,0.767,0.742,-57.4,98.52,56
2026-08-03 14:08:00,Cell_0022,Central,LTE,13.72,38.91,0.643,0.244,-72.2,95.69,305
2026-08-03 14:08:00,Cell_0023,West,LTE,14.55,36.35,0.057,0.923,-54.1,99.73,428
2026-08-03 14:08:00,Cell_0024,Central,5G,2.21,385.78,1.18,0.04,-47.3,97.07,466
2026-08-03 14:08:00,Cell_0025,Central,5G,1.21,862.24,0.497,0.242,-56.1,99.53,390
2026-08-03 14:08:00,Cell_0026,Central,LTE,34.04,75.7,0.334,0.873,-56.7,95.92,372
2026-08-03 14:08:00,Cell_0027,North,LTE,36.1,4.94,0.289,0.634,-70.0,96.02,96
2026-08-03 14:08:00,Cell_0028,South,5G,9.39,312.68,0.117,0.725,-64.1,98.61,175
2026-08-03 14:08:00,Cell_0029,North,LTE,28.18,44.25,0.865,0.968,-68.0,99.31,296
2026-08-03 14:08:00,Cell_0030,North,5G,9.75,458.42,0.252,0.441,-57.3,98.67,439
2026-08-03 14:08:00,Cell_0031,East,5G,9.58,533.8,1.143,0.427,-72.1,99.53,203
2026-08-03 14:08:00,Cell_0032,East,LTE,14.58,78.13,0.386,0.464,-59.1,96.88,360
2026-08-03 14:08:00,Cell_0033,East,5G,4.0,743.38,0.294,0.916,-74.9,99.31,423
2026-08-03 14:08:00,Cell_0034,South,5G,5.42,933.12,1.41,0.97,-61.9,97.45,378
2026-08-03 14:08:00,Cell_0035,North,LTE,12.14,90.8,1.489,0.124,-42.4,95.81,440
2026-08-03 14:08:00,Cell_0036,Central,LTE,17.66,93.05,1.083,0.51,-57.9,98.44,406
2026-08-03 14:08:00,Cell_0037,South,5G,18.29,141.41,0.37,0.478,-42.7,96.81,857
2026-08-03 14:08:00,Cell_0038,West,5G,5.1,712.96,0.381,0.602,-41.7,99.21,56
2026-08-03 14:08:00,Cell_0039,Central,LTE,12.77,76.93,0.577,0.706,-40.9,95.4,146
2026-08-03 14:08:00,Cell_0040,East,LTE,14.97,54.15,1.038,0.501,-56.3,99.43,350
2026-08-03 14:08:00,Cell_0041,South,LTE,22.35,90.11,1.091,0.089,-52.7,98.88,226
2026-08-03 14:08:00,Cell_0042,East,5G,3.42,288.57,1.122,0.699,-74.8,95.84,301
2026-08-03 14:08:00,Cell_0043,East,LTE,12.1,5.78,0.787,0.655,-49.3,95.85,241
2026-08-03 14:08:00,Cell_0044,South,5G,2.64,953.63,0.676,0.814,-68.5,95.29,143
2026-08-03 14:08:00,Cell_0045,South,5G,2.73,984.65,1.307,0.441,-43.0,95.55,375
2026-08-03 14:08:00,Cell_0046,West,5G,3.64,439.96,0.415,0.342,-54.5,97.39,394
2026-08-03 14:08:00,Cell_0047,South,5G,1.09,339.47,1.433,0.665,-47.4,95.21,158
2026-08-03 14:08:00,Cell_0048,South,LTE,10.22,68.24,1.48,0.761,-42.4,97.37,222
2026-08-03 14:08:00,Cell_0049,Central,5G,4.03,713.67,0.515,0.315,-66.6,96.81,254
2026-08-03 14:08:00,Cell_0050,Central,5G,1.52,420.43,0.495,0.1,-59.0,98.49,421
2026-08-03 14:08:00,Cell_0051,Central,5G,9.33,123.11,0.184,0.531,-41.7,98.76,177
2026-08-03 14:08:00,Cell_0052,East,LTE,28.55,72.71,0.713,0.413,-68.4,99.93,466
2026-08-03 14:08:00,Cell_0053,South,5G,6.7,886.09,1.454,0.736,-51.3,96.17,298
2026-08-03 14:08:00,Cell_0054,North,LTE,28.38,26.51,0.642,0.931,-42.4,99.93,488
2026-08-03 14:08:00,Cell_0055,North,LTE,13.01,50.79,0.911,0.712,-44.6,99.38,451
2026-08-03 14:08:00,Cell_0056,South,5G,5.54,215.08,1.195,0.301,-51.4,97.74,497
2026-08-03 14:08:00,Cell_0057,Central,LTE,36.89,96.4,0.723,0.541,-66.5,95.85,387
2026-08-03 14:08:00,Cell_0058,West,5G,1.95,994.03,0.044,0.929,-63.6,96.92,193
2026-08-03 14:08:00,Cell_0059,Central,5G,3.32,528.67,1.346,0.123,-70.2,97.67,421
2026-08-03 14:08:00,Cell_0060,Central,5G,8.16,399.52,0.336,0.576,-42.7,95.32,225
2026-08-03 14:08:00,Cell_0061,Central,LTE,31.52,78.88,0.572,0.642,-55.3,99.28,463
2026-08-03 14:08:00,Cell_0062,North,5G,3.33,361.88,0.167,0.34,-54.3,95.94,109
2026-08-03 14:08:00,Cell_0063,East,LTE,13.82,45.07,0.57,0.737,-64.1,97.95,147
2026-08-03 14:08:00,Cell_0064,East,5G,9.82,387.68,0.548,0.679,-47.1,97.6,358
2026-08-03 14:08:00,Cell_0065,South,5G,1.96,108.27,1.279,0.316,-46.4,96.48,162
2026-08-03 14:08:00,Cell_0066,North,5G,5.1,641.32,0.219,0.665,-47.0,98.51,356
2026-08-03 14:08:00,Cell_0067,Central,LTE,25.07,75.09,0.41,0.848,-54.9,98.16,160
2026-08-03 14:08:00,Cell_0068,Central,LTE,31.12,50.14,1.472,0.333,-46.0,96.05,425
2026-08-03 14:08:00,Cell_0069,East,LTE,16.75,78.86,1.385,0.776,-45.0,98.64,203
2026-08-03 14:08:00,Cell_0070,South,5G,6.93,863.67,1.487,0.548,-63.2,98.39,228
2026-08-03 14:08:00,Cell_0071,South,LTE,21.73,62.23,0.425,0.696,-68.2,99.28,251
2026-08-03 14:08:00,Cell_0072,Central,5G,3.91,812.15,1.299,0.054,-42.3,96.52,385
2026-08-03 14:08:00,Cell_0073,West,LTE,14.13,75.68,0.437,0.145,-67.4,98.74,426
2026-08-03 14:08:00,Cell_0074,North,5G,4.26,870.53,0.153,0.785,-45.0,96.88,268
2026-08-03 14:08:00,Cell_0075,East,LTE,15.05,24.51,0.533,0.474,-41.9,95.59,313
2026-08-03 14:08:00,Cell_0076,North,LTE,27.8,97.58,0.94,0.404,-73.8,96.2,300
2026-08-03 14:08:00,Cell_0077,Central,LTE,27.88,33.8,1.118,0.776,-40.3,98.35,95
2026-08-03 14:08:00,Cell_0078,North,5G,8.78,685.28,0.413,0.653,-62.1,95.6,92
2026-08-03 14:08:00,Cell_0079,North,LTE,29.24,92.68,0.337,0.587,-40.4,97.4,405
2026-08-03 14:08:00,Cell_0080,South,5G,8.15,262.99,0.726,0.645,-59.8,97.86,100
2026-08-03 14:08:00,Cell_0081,Central,LTE,31.41,88.98,0.806,0.405,-50.5,96.97,468
2026-08-03 14:08:00,Cell_0082,East,5G,8.31,539.71,0.778,0.585,-50.0,98.95,113
2026-08-03 14:08:00,Cell_0083,South,LTE,16.22,72.69,0.176,0.862,-50.7,95.03,278
2026-08-03 14:08:00,Cell_0084,East,5G,2.11,215.93,0.309,0.161,-55.3,99.26,67
2026-08-03 14:08:00,Cell_0085,East,5G,2.12,368.72,1.449,0.172,-40.8,98.29,177
2026-08-03 14:08:00,Cell_0086,Central,5G,9.52,567.5,1.174,0.659,-59.4,97.89,405
2026-08-03 14:08:00,Cell_0087,North,LTE,37.32,99.74,0.909,0.511,-50.9,98.31,72
2026-08-03 14:08:00,Cell_0088,South,LTE,15.64,43.98,1.249,0.957,-53.9,96.08,233
2026-08-03 14:08:00,Cell_0089,East,LTE,31.87,53.76,0.825,0.261,-52.3,95.82,283
2026-08-03 14:08:00,Cell_0090,Central,LTE,17.63,54.03,1.042,0.536,-72.5,98.66,374
2026-08-03 14:08:00,Cell_0091,Central,LTE,15.78,49.77,0.986,0.821,-53.8,97.1,128
2026-08-03 14:08:00,Cell_0092,North,LTE,33.63,50.32,1.446,0.247,-65.5,97.66,400
2026-08-03 14:08:00,Cell_0093,North,LTE,11.98,71.21,0.544,0.334,-65.4,99.34,165
2026-08-03 14:08:00,Cell_0094,North,LTE,12.94,98.36,0.333,0.952,-47.6,95.62,319
2026-08-03 14:08:00,Cell_0095,East,LTE,19.2,85.71,0.734,0.529,-50.5,99.33,332
2026-08-03 14:08:00,Cell_0096,Central,LTE,12.97,23.84,0.477,0.752,-68.7,99.03,397
2026-08-03 14:08:00,Cell_0097,East,5G,5.79,635.16,1.274,0.477,-70.5,95.05,312
2026-08-03 14:08:00,Cell_0098,South,LTE,29.73,31.41,0.851,0.267,-42.9,98.2,239
2026-08-03 14:08:00,Cell_0099,Central,5G,3.24,647.83,1.06,0.183,-40.5,98.99,307
2026-08-03 14:08:00,Cell_0100,South,5G,9.57,568.54,1.078,0.924,-67.0,98.18,94
2026-08-03 14:08:00,Cell_0101,West,LTE,22.2,45.02,0.135,0.079,-49.5,99.72,134
2026-08-03 14:08:00,Cell_0102,North,LTE,12.54,42.87,1.394,0.808,-74.6,99.74,396
2026-08-03 14:08:00,Cell_0103,West,5G,7.58,531.69,0.773,0.998,-43.9,98.49,257
2026-08-03 14:08:00,Cell_0104,West,5G,10.98,95.6,0.011,0.425,-56.3,96.73,1881
2026-08-03 14:08:00,Cell_0105,West,LTE,15.06,94.41,1.146,0.904,-68.9,96.84,118
2026-08-03 14:08:00,Cell_0106,North,LTE,38.57,53.82,0.569,0.373,-71.0,99.57,177
2026-08-03 14:08:00,Cell_0107,West,5G,8.66,872.03,0.435,0.483,-65.7,95.01,373
2026-08-03 14:08:00,Cell_0108,North,LTE,16.52,44.39,1.4,0.643,-46.1,95.18,287
2026-08-03 14:08:00,Cell_0109,South,LTE,35.45,24.6,0.009,0.46,-64.6,95.54,229
2026-08-03 14:08:00,Cell_0110,Central,5G,2.68,419.08,0.152,0.492,-72.0,97.57,128
2026-08-03 14:08:00,Cell_0111,South,5G,9.22,106.22,1.154,0.25,-58.5,96.87,236
2026-08-03 14:08:00,Cell_0112,South,5G,2.64,830.39,0.163,0.439,-45.6,95.81,231
2026-08-03 14:08:00,Cell_0113,West,LTE,10.17,90.69,1.064,0.111,-65.0,95.67,265
2026-08-03 14:08:00,Cell_0114,North,5G,9.11,244.28,0.298,0.479,-51.7,96.33,265
2026-08-03 14:08:00,Cell_0115,Central,LTE,24.87,74.54,0.191,0.751,-47.7,97.0,421
2026-08-03 14:08:00,Cell_0116,North,LTE,35.29,51.11,0.165,0.108,-74.3,95.78,306
2026-08-03 14:08:00,Cell_0117,North,LTE,30.53,24.16,10.644,0.43,-54.1,95.04,295
2026-08-03 14:08:00,Cell_0118,South,5G,4.86,655.85,1.094,0.187,-65.2,95.58,184
2026-08-03 14:08:00,Cell_0119,West,5G,3.23,838.55,0.298,0.706,-46.7,98.51,307
2026-08-03 14:08:00,Cell_0120,South,5G,2.7,869.38,0.943,0.149,-70.8,97.01,190
2026-08-03 14:09:00,Cell_0001,North,LTE,37.87,54.1,0.925,0.091,-73.2,97.04,206
2026-08-03 14:09:00,Cell_0002,East,LTE,39.4,37.74,0.639,0.061,-60.1,95.26,106
2026-08-03 14:09:00,Cell_0003,South,LTE,18.42,48.08,0.627,0.32,-73.3,95.2,76
2026-08-03 14:09:00,Cell_0004,North,LTE,19.65,42.83,0.42,0.607,-59.9,96.26,301
2026-08-03 14:09:00,Cell_0005,Central,5G,3.74,187.2,0.02,0.552,-44.8,96.66,429
2026-08-03 14:09:00,Cell_0006,North,LTE,32.29,67.11,0.907,0.238,-65.3,97.92,94
2026-08-03 14:09:00,Cell_0007,North,LTE,13.91,79.41,0.181,0.587,-43.1,98.27,147
2026-08-03 14:09:00,Cell_0008,South,LTE,23.37,27.89,1.413,0.619,-64.4,97.37,439
2026-08-03 14:09:00,Cell_0009,Central,LTE,31.62,23.5,0.288,0.55,-66.2,99.39,486
2026-08-03 14:09:00,Cell_0010,Central,5G,6.04,412.61,0.549,0.63,-70.9,97.18,297
2026-08-03 14:09:00,Cell_0011,South,5G,9.38,553.48,0.033,0.599,-50.6,95.64,73
2026-08-03 14:09:00,Cell_0012,Central,5G,1.55,975.23,0.285,0.815,-57.7,97.66,312
2026-08-03 14:09:00,Cell_0013,North,LTE,14.97,80.06,0.576,0.779,-61.0,96.36,144
2026-08-03 14:09:00,Cell_0014,West,5G,6.15,632.9,0.013,0.929,-104.8,81.31,418
2026-08-03 14:09:00,Cell_0015,East,LTE,18.06,29.53,0.336,0.534,-64.8,98.2,192
2026-08-03 14:09:00,Cell_0016,South,5G,3.43,811.56,0.964,0.249,-46.2,97.67,50
2026-08-03 14:09:00,Cell_0017,North,LTE,28.98,97.78,0.487,0.946,-44.1,96.32,118
2026-08-03 14:09:00,Cell_0018,West,LTE,28.34,45.97,0.086,0.816,-46.2,96.1,193
2026-08-03 14:09:00,Cell_0019,East,5G,9.74,583.65,1.468,0.778,-47.7,95.53,431
2026-08-03 14:09:00,Cell_0020,Central,5G,9.51,331.61,0.939,0.604,-67.8,97.21,216
2026-08-03 14:09:00,Cell_0021,North,5G,6.23,826.96,1.129,0.156,-66.9,98.63,238
2026-08-03 14:09:00,Cell_0022,Central,LTE,24.37,59.68,0.689,0.816,-68.8,97.85,423
2026-08-03 14:09:00,Cell_0023,West,LTE,18.46,44.81,1.328,0.817,-50.9,95.94,123
2026-08-03 14:09:00,Cell_0024,Central,5G,102.4,918.22,1.456,0.1,-56.6,98.63,463
2026-08-03 14:09:00,Cell_0025,Central,5G,1.19,843.91,1.145,0.644,-73.5,96.24,92
2026-08-03 14:09:00,Cell_0026,Central,LTE,38.16,67.97,1.189,0.009,-47.3,97.71,468
2026-08-03 14:09:00,Cell_0027,North,LTE,31.22,36.19,0.721,0.563,-59.4,95.82,219
2026-08-03 14:09:00,Cell_0028,South,5G,3.19,589.17,0.401,0.544,-74.3,95.22,328
2026-08-03 14:09:00,Cell_0029,North,LTE,25.35,86.92,0.213,0.912,-74.2,97.14,125
2026-08-03 14:09:00,Cell_0030,North,5G,3.58,929.52,1.027,0.687,-50.0,99.51,301
2026-08-03 14:09:00,Cell_0031,East,5G,1.99,191.56,1.434,0.357,-53.5,95.59,93
2026-08-03 14:09:00,Cell_0032,East,LTE,28.14,34.25,0.796,0.6,-51.2,95.75,391
2026-08-03 14:09:00,Cell_0033,East,5G,6.62,358.3,1.313,0.271,-57.5,96.85,185
2026-08-03 14:09:00,Cell_0034,South,5G,7.4,168.73,0.003,0.933,-69.8,98.28,213
2026-08-03 14:09:00,Cell_0035,North,LTE,23.4,83.75,1.465,0.815,-71.0,97.14,422
2026-08-03 14:09:00,Cell_0036,Central,LTE,12.71,99.58,0.273,0.385,-63.8,97.12,405
2026-08-03 14:09:00,Cell_0037,South,5G,6.42,672.94,0.207,0.944,-42.7,96.92,331
2026-08-03 14:09:00,Cell_0038,West,5G,5.8,579.23,1.232,0.385,-54.7,97.11,345
2026-08-03 14:09:00,Cell_0039,Central,LTE,34.34,37.55,0.131,0.362,-67.9,99.25,235
2026-08-03 14:09:00,Cell_0040,East,LTE,38.73,93.67,0.089,0.349,-45.3,99.33,469
2026-08-03 14:09:00,Cell_0041,South,LTE,23.81,86.82,0.827,0.931,-60.3,96.05,164
2026-08-03 14:09:00,Cell_0042,East,5G,114.17,965.85,1.056,0.377,-74.1,99.82,240
2026-08-03 14:09:00,Cell_0043,East,LTE,12.21,86.99,1.306,0.03,-62.2,95.39,89
2026-08-03 14:09:00,Cell_0044,South,5G,8.48,474.85,1.148,7.938,-70.1,97.64,203
2026-08-03 14:09:00,Cell_0045,South,5G,8.03,725.72,0.43,0.156,-44.2,95.16,434
2026-08-03 14:09:00,Cell_0046,West,5G,2.44,456.75,0.635,0.948,-59.1,98.56,182
2026-08-03 14:09:00,Cell_0047,South,5G,5.52,738.42,0.636,0.157,-40.9,97.61,114
2026-08-03 14:09:00,Cell_0048,South,LTE,22.01,24.48,0.588,0.823,-40.8,98.03,89
2026-08-03 14:09:00,Cell_0049,Central,5G,5.22,381.87,0.963,0.827,-69.2,99.02,381
2026-08-03 14:09:00,Cell_0050,Central,5G,3.43,193.96,0.544,0.779,-63.3,96.2,133
2026-08-03 14:09:00,Cell_0051,Central,5G,1.59,637.4,1.135,0.309,-55.7,98.19,66
2026-08-03 14:09:00,Cell_0052,East,LTE,12.55,65.61,0.067,0.986,-58.1,95.24,97
2026-08-03 14:09:00,Cell_0053,South,5G,1.08,420.98,0.424,0.398,-68.2,98.76,421
2026-08-03 14:09:00,Cell_0054,North,LTE,13.89,73.97,0.497,0.897,-57.4,97.51,446
2026-08-03 14:09:00,Cell_0055,North,LTE,27.62,50.57,0.88,0.852,-64.8,95.76,287
2026-08-03 14:09:00,Cell_0056,South,5G,6.63,39.77,0.347,0.216,-51.1,95.7,417
2026-08-03 14:09:00,Cell_0057,Central,LTE,39.77,68.7,0.785,0.769,-59.3,95.66,198
2026-08-03 14:09:00,Cell_0058,West,5G,8.7,487.81,1.336,0.774,-61.4,96.04,362
2026-08-03 14:09:00,Cell_0059,Central,5G,9.62,610.21,1.492,0.097,-74.5,98.83,208
2026-08-03 14:09:00,Cell_0060,Central,5G,9.72,803.3,0.131,0.094,-64.0,99.67,132
2026-08-03 14:09:00,Cell_0061,Central,LTE,450.66,48.27,22.306,7.107,-112.5,99.93,181
2026-08-03 14:09:00,Cell_0062,North,5G,1.36,873.1,0.601,0.857,-42.9,95.64,237
2026-08-03 14:09:00,Cell_0063,East,LTE,28.74,45.09,0.125,0.413,-59.2,99.39,399
2026-08-03 14:09:00,Cell_0064,East,5G,9.8,151.35,12.516,0.7,-55.4,95.77,103
2026-08-03 14:09:00,Cell_0065,South,5G,8.68,300.75,1.311,0.669,-62.8,97.34,323
2026-08-03 14:09:00,Cell_0066,North,5G,5.18,177.24,1.098,0.917,-42.7,98.84,152
2026-08-03 14:09:00,Cell_0067,Central,LTE,11.93,47.39,0.907,0.213,-49.1,95.57,282
2026-08-03 14:09:00,Cell_0068,Central,LTE,286.02,57.6,0.96,0.32,-73.9,98.01,244
2026-08-03 14:09:00,Cell_0069,East,LTE,22.9,57.87,0.081,0.868,-41.7,98.42,188
2026-08-03 14:09:00,Cell_0070,South,5G,2.58,227.56,0.411,0.082,-44.4,97.26,264
2026-08-03 14:09:00,Cell_0071,South,LTE,30.09,40.76,1.246,0.092,-43.4,96.71,435
2026-08-03 14:09:00,Cell_0072,Central,5G,2.79,947.75,0.722,0.536,-47.6,99.83,273
2026-08-03 14:09:00,Cell_0073,West,LTE,30.79,51.13,0.015,0.783,-54.1,95.39,391
2026-08-03 14:09:00,Cell_0074,North,5G,2.3,697.66,1.235,0.734,-46.1,98.67,57
2026-08-03 14:09:00,Cell_0075,East,LTE,23.76,31.8,1.296,0.114,-41.1,97.03,316
2026-08-03 14:09:00,Cell_0076,North,LTE,39.65,95.47,1.286,0.634,-52.6,97.89,68
2026-08-03 14:09:00,Cell_0077,Central,LTE,39.37,53.61,0.819,0.166,-61.8,96.74,147
2026-08-03 14:09:00,Cell_0078,North,5G,6.19,112.93,1.221,0.016,-43.6,97.51,494
2026-08-03 14:09:00,Cell_0079,North,LTE,24.97,99.92,0.621,0.352,-46.0,97.13,441
2026-08-03 14:09:00,Cell_0080,South,5G,9.34,512.94,0.56,0.553,-69.3,97.18,195
2026-08-03 14:09:00,Cell_0081,Central,LTE,30.66,55.0,0.425,0.62,-42.6,99.28,94
2026-08-03 14:09:00,Cell_0082,East,5G,1.93,684.66,0.924,0.411,-57.6,98.76,328
2026-08-03 14:09:00,Cell_0083,South,LTE,23.32,66.5,0.049,0.29,-60.3,96.11,282
2026-08-03 14:09:00,Cell_0084,East,5G,2.03,870.71,1.426,0.351,-47.2,97.32,470
2026-08-03 14:09:00,Cell_0085,East,5G,8.06,456.23,1.409,0.782,-57.2,96.34,387
2026-08-03 14:09:00,Cell_0086,Central,5G,8.55,815.62,0.622,0.242,-43.5,97.07,57
2026-08-03 14:09:00,Cell_0087,North,LTE,33.72,87.26,0.778,5.902,-63.9,95.85,342
2026-08-03 14:09:00,Cell_0088,South,LTE,15.78,71.55,1.243,0.801,-54.8,95.64,375
2026-08-03 14:09:00,Cell_0089,East,LTE,31.84,52.25,0.477,0.158,-66.9,98.55,114
2026-08-03 14:09:00,Cell_0090,Central,LTE,28.94,82.74,1.265,0.627,-65.9,97.76,215
2026-08-03 14:09:00,Cell_0091,Central,LTE,12.8,54.99,0.943,0.593,-74.0,98.54,90
2026-08-03 14:09:00,Cell_0092,North,LTE,10.76,78.73,1.475,0.634,-47.8,95.93,384
2026-08-03 14:09:00,Cell_0093,North,LTE,18.91,62.83,0.368,0.78,-47.5,98.85,387
2026-08-03 14:09:00,Cell_0094,North,LTE,103.56,31.5,0.035,0.985,-44.7,95.55,355
2026-08-03 14:09:00,Cell_0095,East,LTE,36.84,27.42,0.741,0.361,-45.7,96.95,301
2026-08-03 14:09:00,Cell_0096,Central,LTE,22.41,58.92,0.939,0.21,-60.3,99.45,374
2026-08-03 14:09:00,Cell_0097,East,5G,8.28,261.83,0.015,0.179,-55.1,98.03,66
2026-08-03 14:09:00,Cell_0098,South,LTE,20.28,47.74,1.492,0.6,-74.8,97.61,180
2026-08-03 14:09:00,Cell_0099,Central,5G,2.74,126.6,0.035,0.512,-69.7,99.33,108
2026-08-03 14:09:00,Cell_0100,South,5G,1.27,224.71,0.125,0.692,-70.6,96.37,152
2026-08-03 14:09:00,Cell_0101,West,LTE,20.46,64.12,0.441,0.745,-57.6,97.56,254
2026-08-03 14:09:00,Cell_0102,North,LTE,17.5,35.83,1.269,0.717,-41.3,95.51,456
2026-08-03 14:09:00,Cell_0103,West,5G,3.8,814.69,1.431,0.488,-44.1,97.12,432
2026-08-03 14:09:00,Cell_0104,West,5G,3.87,196.8,0.575,0.2,-62.6,99.49,469
2026-08-03 14:09:00,Cell_0105,West,LTE,15.02,22.7,0.767,0.587,-103.0,60.75,380
2026-08-03 14:09:00,Cell_0106,North,LTE,19.68,83.27,0.537,0.073,-52.0,96.86,449
2026-08-03 14:09:00,Cell_0107,West,5G,1.09,719.46,1.075,0.214,-55.1,96.61,169
2026-08-03 14:09:00,Cell_0108,North,LTE,21.57,68.14,0.791,0.103,-65.3,98.04,463
2026-08-03 14:09:00,Cell_0109,South,LTE,12.24,91.41,0.633,0.756,-63.9,96.6,150
2026-08-03 14:09:00,Cell_0110,Central,5G,5.45,142.11,0.412,5.837,-59.2,98.01,352
2026-08-03 14:09:00,Cell_0111,South,5G,137.5,804.98,0.864,0.005,-58.8,95.66,256
2026-08-03 14:09:00,Cell_0112,South,5G,1.35,680.3,0.104,0.095,-46.9,98.62,190
2026-08-03 14:09:00,Cell_0113,West,LTE,20.37,26.38,1.162,0.494,-73.4,96.49,282
2026-08-03 14:09:00,Cell_0114,North,5G,6.77,919.42,1.265,0.938,-71.4,96.12,472
2026-08-03 14:09:00,Cell_0115,Central,LTE,13.15,45.83,21.323,0.436,-69.0,95.96,465
2026-08-03 14:09:00,Cell_0116,North,LTE,10.15,75.06,0.079,0.883,-73.5,95.24,205
2026-08-03 14:09:00,Cell_0117,North,LTE,107.78,69.02,1.219,0.27,-69.0,95.69,285
2026-08-03 14:09:00,Cell_0118,South,5G,7.78,899.02,1.449,0.413,-59.4,95.61,320
2026-08-03 14:09:00,Cell_0119,West,5G,5.3,541.09,0.421,0.773,-58.1,95.46,442
2026-08-03 14:09:00,Cell_0120,South,5G,1.75,602.66,1.309,0.659,-49.3,96.03,89
2026-08-03 14:10:00,Cell_0001,North,LTE,24.84,6.6,1.006,0.468,-61.5,97.44,224
2026-08-03 14:10:00,Cell_0002,East,LTE,25.42,45.07,1.417,0.709,-52.1,99.24,104
2026-08-03 14:10:00,Cell_0003,South,LTE,16.56,49.09,1.463,0.868,-57.0,98.9,146
2026-08-03 14:10:00,Cell_0004,North,LTE,61.76,27.58,1.427,0.577,-71.4,97.3,1025
2026-08-03 14:10:00,Cell_0005,Central,5G,1.26,695.7,0.679,0.266,-42.6,95.42,270
2026-08-03 14:10:00,Cell_0006,North,LTE,21.91,54.47,0.501,0.441,-62.1,95.25,245
2026-08-03 14:10:00,Cell_0007,North,LTE,22.68,43.52,0.604,0.594,-56.5,97.47,271
2026-08-03 14:10:00,Cell_0008,South,LTE,11.5,39.92,0.167,0.115,-43.7,97.88,172
2026-08-03 14:10:00,Cell_0009,Central,LTE,451.81,38.12,13.902,8.086,-99.3,95.51,425
2026-08-03 14:10:00,Cell_0010,Central,5G,3.59,636.68,1.101,0.094,-57.4,98.5,294
2026-08-03 14:10:00,Cell_0011,South,5G,8.67,719.14,0.255,0.681,-69.2,96.66,283
2026-08-03 14:10:00,Cell_0012,Central,5G,1.11,527.14,0.501,0.178,-65.8,95.38,397
2026-08-03 14:10:00,Cell_0013,North,LTE,10.29,48.17,0.711,0.001,-44.4,97.36,73
2026-08-03 14:10:00,Cell_0014,West,5G,6.11,991.37,1.253,0.525,-69.1,95.73,98
2026-08-03 14:10:00,Cell_0015,East,LTE,34.12,46.85,0.736,0.351,-55.9,98.32,179
2026-08-03 14:10:00,Cell_0016,South,5G,1.12,417.36,1.065,0.891,-47.9,99.28,481
2026-08-03 14:10:00,Cell_0017,North,LTE,13.38,74.86,1.092,0.021,-40.7,99.28,387
2026-08-03 14:10:00,Cell_0018,West,LTE,20.72,22.47,0.866,0.696,-59.9,96.03,95
2026-08-03 14:10:00,Cell_0019,East,5G,9.59,674.86,1.448,0.877,-51.2,99.5,280
2026-08-03 14:10:00,Cell_0020,Central,5G,8.88,257.46,1.365,0.349,-63.4,97.95,191
2026-08-03 14:10:00,Cell_0021,North,5G,1.37,568.07,0.515,0.612,-59.8,97.28,455
2026-08-03 14:10:00,Cell_0022,Central,LTE,18.65,97.56,0.748,0.686,-58.7,95.75,198
2026-08-03 14:10:00,Cell_0023,West,LTE,29.93,44.29,0.432,0.8,-74.5,95.2,194
2026-08-03 14:10:00,Cell_0024,Central,5G,2.11,539.53,0.008,0.352,-45.8,95.25,120
2026-08-03 14:10:00,Cell_0025,Central,5G,3.55,873.11,0.998,0.769,-69.6,95.43,188
2026-08-03 14:10:00,Cell_0026,Central,LTE,31.99,54.56,1.377,0.291,-73.9,99.66,177
2026-08-03 14:10:00,Cell_0027,North,LTE,29.11,53.81,1.45,0.098,-65.9,96.51,209
2026-08-03 14:10:00,Cell_0028,South,5G,4.92,888.34,1.207,0.139,-48.1,96.25,263
2026-08-03 14:10:00,Cell_0029,North,LTE,19.03,26.85,0.85,0.628,-55.9,96.88,498
2026-08-03 14:10:00,Cell_0030,North,5G,1.86,573.91,1.041,0.504,-51.0,96.79,231
2026-08-03 14:10:00,Cell_0031,East,5G,4.78,469.23,0.042,0.559,-41.5,97.1,436
2026-08-03 14:10:00,Cell_0032,East,LTE,37.21,82.93,0.87,0.373,-53.3,99.5,499
2026-08-03 14:10:00,Cell_0033,East,5G,7.8,453.39,0.604,0.006,-46.7,99.37,285
2026-08-03 14:10:00,Cell_0034,South,5G,1.76,343.16,1.479,0.107,-54.2,99.11,339
2026-08-03 14:10:00,Cell_0035,North,LTE,19.94,24.87,1.111,0.674,-49.1,95.27,154
2026-08-03 14:10:00,Cell_0036,Central,LTE,26.86,97.38,0.205,0.895,-52.6,95.77,371
2026-08-03 14:10:00,Cell_0037,South,5G,9.9,105.81,0.727,0.688,-71.0,95.0,359
2026-08-03 14:10:00,Cell_0038,West,5G,5.68,322.49,0.155,0.025,-57.3,96.95,112
2026-08-03 14:10:00,Cell_0039,Central,LTE,24.51,34.72,0.352,0.848,-65.9,98.06,274
2026-08-03 14:10:00,Cell_0040,East,LTE,28.51,54.59,0.954,0.185,-46.4,98.29,137
2026-08-03 14:10:00,Cell_0041,South,LTE,30.99,36.03,0.721,0.289,-71.5,97.94,238
2026-08-03 14:10:00,Cell_0042,East,5G,4.52,727.89,0.161,0.417,-60.1,95.14,284
2026-08-03 14:10:00,Cell_0043,East,LTE,21.68,66.44,0.051,0.65,-52.0,97.22,231
2026-08-03 14:10:00,Cell_0044,South,5G,5.21,750.76,0.415,0.982,-62.5,99.28,307
2026-08-03 14:10:00,Cell_0045,South,5G,9.12,572.55,0.77,0.174,-69.7,98.28,338
2026-08-03 14:10:00,Cell_0046,West,5G,7.44,808.03,0.418,0.763,-64.4,96.97,479
2026-08-03 14:10:00,Cell_0047,South,5G,4.39,524.58,0.988,0.576,-42.5,98.88,319
2026-08-03 14:10:00,Cell_0048,South,LTE,30.93,67.11,0.871,0.584,-46.0,95.34,65
2026-08-03 14:10:00,Cell_0049,Central,5G,2.43,186.89,0.159,0.934,-58.3,98.8,445
2026-08-03 14:10:00,Cell_0050,Central,5G,7.59,312.96,1.35,0.174,-43.8,98.78,265
2026-08-03 14:10:00,Cell_0051,Central,5G,1.56,325.44,0.056,0.75,-59.5,96.87,373
2026-08-03 14:10:00,Cell_0052,East,LTE,37.71,45.69,1.048,0.378,-40.4,97.87,152
2026-08-03 14:10:00,Cell_0053,South,5G,5.42,710.96,0.338,0.742,-59.8,97.64,454
2026-08-03 14:10:00,Cell_0054,North,LTE,27.46,70.33,1.003,0.204,-46.6,99.47,234
2026-08-03 14:10:00,Cell_0055,North,LTE,27.05,89.16,0.511,0.682,-41.5,98.64,320
2026-08-03 14:10:00,Cell_0056,South,5G,8.49,613.33,0.711,0.352,-53.4,97.79,120
2026-08-03 14:10:00,Cell_0057,Central,LTE,23.17,70.04,1.311,0.569,-70.5,97.59,101
2026-08-03 14:10:00,Cell_0058,West,5G,3.08,641.34,0.496,0.224,-42.1,99.61,178
2026-08-03 14:10:00,Cell_0059,Central,5G,4.22,885.2,0.237,0.288,-56.3,96.21,315
2026-08-03 14:10:00,Cell_0060,Central,5G,5.5,459.3,0.085,0.698,-71.1,97.35,184
2026-08-03 14:10:00,Cell_0061,Central,LTE,10.97,53.71,0.301,0.888,-72.9,96.02,468
2026-08-03 14:10:00,Cell_0062,North,5G,9.32,697.0,1.317,0.236,-72.4,99.74,362
2026-08-03 14:10:00,Cell_0063,East,LTE,32.97,22.83,1.472,0.95,-54.1,98.06,91
2026-08-03 14:10:00,Cell_0064,East,5G,5.31,216.52,1.085,0.104,-57.6,96.13,229
2026-08-03 14:10:00,Cell_0065,South,5G,3.73,864.85,1.457,0.021,-73.1,98.87,465
2026-08-03 14:10:00,Cell_0066,North,5G,6.47,441.45,1.025,0.018,-58.1,96.94,243
2026-08-03 14:10:00,Cell_0067,Central,LTE,22.89,54.15,0.207,0.438,-43.6,99.91,238
2026-08-03 14:10:00,Cell_0068,Central,LTE,20.29,93.45,0.357,0.092,-74.6,97.07,435
2026-08-03 14:10:00,Cell_0069,East,LTE,33.8,65.44,1.486,0.015,-49.8,99.06,89
2026-08-03 14:10:00,Cell_0070,South,5G,4.95,354.34,0.471,0.602,-102.0,76.44,116
2026-08-03 14:10:00,Cell_0071,South,LTE,12.29,95.07,0.309,0.705,-46.5,99.49,489
2026-08-03 14:10:00,Cell_0072,Central,5G,7.42,947.28,1.17,0.293,-52.1,97.63,186
2026-08-03 14:10:00,Cell_0073,West,LTE,26.24,28.35,0.52,0.411,-41.7,97.43,90
2026-08-03 14:10:00,Cell_0074,North,5G,2.23,978.34,0.346,0.742,-67.6,96.86,467
2026-08-03 14:10:00,Cell_0075,East,LTE,11.08,38.81,0.66,0.764,-41.6,95.11,478
2026-08-03 14:10:00,Cell_0076,North,LTE,269.81,50.73,1.241,0.084,-65.2,98.05,303
2026-08-03 14:10:00,Cell_0077,Central,LTE,11.33,36.46,0.277,0.431,-73.2,96.53,327
2026-08-03 14:10:00,Cell_0078,North,5G,9.44,919.05,1.132,0.336,-46.0,96.31,435
2026-08-03 14:10:00,Cell_0079,North,LTE,32.72,47.28,1.244,0.434,-60.0,98.65,426
2026-08-03 14:10:00,Cell_0080,South,5G,8.27,597.96,1.429,0.932,-64.9,99.95,323
2026-08-03 14:10:00,Cell_0081,Central,LTE,27.18,65.46,0.778,0.163,-61.7,98.73,171
2026-08-03 14:10:00,Cell_0082,East,5G,1.14,819.63,1.426,0.086,-66.3,97.71,222
2026-08-03 14:10:00,Cell_0083,South,LTE,11.16,41.94,0.403,0.251,-52.1,98.86,56
2026-08-03 14:10:00,Cell_0084,East,5G,6.12,388.89,0.397,0.179,-58.8,97.2,288
2026-08-03 14:10:00,Cell_0085,East,5G,4.23,673.97,0.835,0.409,-103.7,61.6,362
2026-08-03 14:10:00,Cell_0086,Central,5G,7.89,348.53,1.304,0.127,-52.9,95.73,366
2026-08-03 14:10:00,Cell_0087,North,LTE,16.98,72.37,0.276,0.507,-59.6,96.59,333
2026-08-03 14:10:00,Cell_0088,South,LTE,11.82,77.16,0.389,0.257,-51.3,99.29,230
2026-08-03 14:10:00,Cell_0089,East,LTE,11.34,38.78,0.164,0.507,-71.0,95.39,154
2026-08-03 14:10:00,Cell_0090,Central,LTE,21.14,85.82,0.624,0.642,-44.3,95.72,217
2026-08-03 14:10:00,Cell_0091,Central,LTE,20.81,98.01,1.346,0.375,-42.0,96.47,65
2026-08-03 14:10:00,Cell_0092,North,LTE,11.34,94.42,1.368,0.026,-53.7,99.04,311
2026-08-03 14:10:00,Cell_0093,North,LTE,32.26,82.68,1.069,0.94,-61.7,97.91,386
2026-08-03 14:10:00,Cell_0094,North,LTE,21.43,99.83,0.118,0.077,-42.3,96.12,307
2026-08-03 14:10:00,Cell_0095,East,LTE,28.91,78.72,0.808,0.121,-44.3,98.99,360
2026-08-03 14:10:00,Cell_0096,Central,LTE,25.73,55.28,0.404,0.836,-64.7,96.22,174
2026-08-03 14:10:00,Cell_0097,East,5G,9.8,307.8,0.472,0.972,-50.7,97.23,500
2026-08-03 14:10:00,Cell_0098,South,LTE,12.39,64.84,0.115,0.362,-58.1,96.15,452
2026-08-03 14:10:00,Cell_0099,Central,5G,6.12,844.11,0.188,0.538,-47.8,97.04,349
2026-08-03 14:10:00,Cell_0100,South,5G,6.45,816.27,0.512,0.118,-60.7,97.53,125
2026-08-03 14:10:00,Cell_0101,West,LTE,28.98,81.81,1.35,0.876,-74.5,95.6,184
2026-08-03 14:10:00,Cell_0102,North,LTE,31.34,57.59,0.151,0.869,-45.8,95.12,135
2026-08-03 14:10:00,Cell_0103,West,5G,2.19,880.19,1.378,0.904,-62.6,97.01,335
2026-08-03 14:10:00,Cell_0104,West,5G,3.64,403.13,1.237,0.337,-53.7,95.54,419
2026-08-03 14:10:00,Cell_0105,West,LTE,290.84,48.4,10.961,7.752,-99.7,99.17,198
2026-08-03 14:10:00,Cell_0106,North,LTE,38.1,26.7,1.343,0.594,-62.1,98.25,244
2026-08-03 14:10:00,Cell_0107,West,5G,2.59,750.28,0.419,0.773,-66.9,97.47,74
2026-08-03 14:10:00,Cell_0108,North,LTE,36.92,66.39,1.266,0.427,-63.7,96.59,141
2026-08-03 14:10:00,Cell_0109,South,LTE,11.26,95.6,1.324,0.731,-59.9,96.39,500
2026-08-03 14:10:00,Cell_0110,Central,5G,1.9,356.31,0.178,0.274,-59.6,99.43,197
2026-08-03 14:10:00,Cell_0111,South,5G,3.33,645.55,0.159,0.232,-65.2,95.48,332
2026-08-03 14:10:00,Cell_0112,South,5G,7.79,124.62,1.354,0.96,-56.1,98.99,53
2026-08-03 14:10:00,Cell_0113,West,LTE,34.67,49.56,0.423,0.948,-60.1,97.22,114
2026-08-03 14:10:00,Cell_0114,North,5G,3.65,198.65,1.059,0.845,-59.4,97.16,184
2026-08-03 14:10:00,Cell_0115,Central,LTE,14.1,42.28,1.003,0.968,-46.9,98.72,163
2026-08-03 14:10:00,Cell_0116,North,LTE,19.81,60.56,0.414,0.631,-57.1,98.89,411
2026-08-03 14:10:00,Cell_0117,North,LTE,36.77,23.07,0.151,0.705,-56.8,95.95,335
2026-08-03 14:10:00,Cell_0118,South,5G,8.9,132.07,0.952,0.008,-70.2,96.88,162
2026-08-03 14:10:00,Cell_0119,West,5G,3.39,236.29,1.221,0.734,-65.1,95.99,498
2026-08-03 14:10:00,Cell_0120,South,5G,5.65,750.96,0.321,0.434,-57.8,98.06,413
2026-08-03 14:11:00,Cell_0001,North,LTE,22.54,41.05,0.57,0.584,-52.7,97.42,386
2026-08-03 14:11:00,Cell_0002,East,LTE,36.34,87.26,1.313,0.668,-57.8,98.15,356
2026-08-03 14:11:00,Cell_0003,South,LTE,24.43,27.72,0.169,0.881,-48.6,96.44,278
2026-08-03 14:11:00,Cell_0004,North,LTE,29.87,29.27,0.697,0.319,-71.0,98.48,410
2026-08-03 14:11:00,Cell_0005,Central,5G,8.94,856.11,1.296,0.601,-50.9,95.14,187
2026-08-03 14:11:00,Cell_0006,North,LTE,36.69,82.63,0.091,0.772,-65.8,96.59,250
2026-08-03 14:11:00,Cell_0007,North,LTE,22.76,40.86,0.082,0.486,-67.3,98.18,73
2026-08-03 14:11:00,Cell_0008,South,LTE,22.29,65.8,0.25,0.206,-53.1,99.74,364
2026-08-03 14:11:00,Cell_0009,Central,LTE,13.88,63.18,1.425,0.021,-61.7,98.9,220
2026-08-03 14:11:00,Cell_0010,Central,5G,7.9,597.6,0.982,0.519,-62.3,95.99,130
2026-08-03 14:11:00,Cell_0011,South,5G,4.56,746.04,0.435,0.161,-61.9,97.07,333
2026-08-03 14:11:00,Cell_0012,Central,5G,9.46,132.47,0.03,0.94,-71.4,96.99,298
2026-08-03 14:11:00,Cell_0013,North,LTE,251.14,21.94,16.817,17.274,-97.5,98.75,466
2026-08-03 14:11:00,Cell_0014,West,5G,1.69,554.06,1.055,0.733,-74.3,98.71,327
2026-08-03 14:11:00,Cell_0015,East,LTE,14.56,78.87,1.189,0.194,-53.8,96.56,215
2026-08-03 14:11:00,Cell_0016,South,5G,7.69,371.94,0.688,0.1,-41.1,97.88,242
2026-08-03 14:11:00,Cell_0017,North,LTE,12.79,97.35,0.841,0.483,-43.2,97.67,175
2026-08-03 14:11:00,Cell_0018,West,LTE,39.79,78.2,1.427,0.763,-50.0,97.26,345
2026-08-03 14:11:00,Cell_0019,East,5G,4.58,308.9,0.555,0.563,-52.5,96.66,464
2026-08-03 14:11:00,Cell_0020,Central,5G,1.75,604.8,0.312,0.942,-54.2,95.42,256
2026-08-03 14:11:00,Cell_0021,North,5G,5.26,750.73,0.85,0.232,-48.1,96.26,209
2026-08-03 14:11:00,Cell_0022,Central,LTE,35.03,22.92,1.033,0.599,-44.5,96.34,157
2026-08-03 14:11:00,Cell_0023,West,LTE,33.84,63.65,0.47,0.652,-63.7,98.54,313
2026-08-03 14:11:00,Cell_0024,Central,5G,7.66,759.76,1.382,0.426,-72.3,95.64,56
2026-08-03 14:11:00,Cell_0025,Central,5G,7.73,249.58,0.656,0.972,-73.6,97.12,137
2026-08-03 14:11:00,Cell_0026,Central,LTE,25.74,31.19,1.311,0.418,-74.7,95.59,200
2026-08-03 14:11:00,Cell_0027,North,LTE,36.41,41.69,0.484,0.89,-55.3,95.83,198
2026-08-03 14:11:00,Cell_0028,South,5G,2.84,652.6,1.072,0.519,-66.2,97.31,219
2026-08-03 14:11:00,Cell_0029,North,LTE,31.6,88.19,0.203,0.524,-46.0,95.05,263
2026-08-03 14:11:00,Cell_0030,North,5G,5.23,993.98,0.008,0.701,-68.0,95.47,284
2026-08-03 14:11:00,Cell_0031,East,5G,1.55,521.82,0.235,0.35,-55.4,96.13,371
2026-08-03 14:11:00,Cell_0032,East,LTE,15.78,42.74,1.367,14.212,-49.5,96.84,442
2026-08-03 14:11:00,Cell_0033,East,5G,6.77,282.33,0.889,0.103,-67.4,95.89,338
2026-08-03 14:11:00,Cell_0034,South,5G,8.17,628.59,1.149,0.33,-48.0,97.96,191
2026-08-03 14:11:00,Cell_0035,North,LTE,32.12,69.27,1.364,0.209,-74.9,96.16,160
2026-08-03 14:11:00,Cell_0036,Central,LTE,34.1,31.72,0.247,0.875,-63.7,99.48,76
2026-08-03 14:11:00,Cell_0037,South,5G,8.27,482.87,0.708,0.303,-48.4,96.2,251
2026-08-03 14:11:00,Cell_0038,West,5G,4.47,527.03,0.468,0.522,-56.4,99.42,481
2026-08-03 14:11:00,Cell_0039,Central,LTE,14.98,70.7,0.417,0.143,-59.7,97.21,405
2026-08-03 14:11:00,Cell_0040,East,LTE,30.56,64.63,0.653,0.348,-74.1,96.83,288
2026-08-03 14:11:00,Cell_0041,South,LTE,20.38,53.93,0.925,0.876,-42.8,95.95,241
2026-08-03 14:11:00,Cell_0042,East,5G,7.73,109.61,0.663,0.526,-74.8,96.55,98
2026-08-03 14:11:00,Cell_0043,East,LTE,37.47,60.22,0.019,0.273,-52.3,98.21,253
2026-08-03 14:11:00,Cell_0044,South,5G,7.26,327.73,0.938,0.971,-97.4,72.26,291
2026-08-03 14:11:00,Cell_0045,South,5G,8.87,775.53,1.211,0.038,-74.0,99.47,128
2026-08-03 14:11:00,Cell_0046,West,5G,2.59,865.85,0.124,0.834,-70.8,97.22,413
2026-08-03 14:11:00,Cell_0047,South,5G,8.82,88.9,1.475,0.194,-53.5,95.08,1448
2026-08-03 14:11:00,Cell_0048,South,LTE,31.66,49.3,0.021,0.664,-60.4,98.34,81
2026-08-03 14:11:00,Cell_0049,Central,5G,27.21,160.22,1.093,0.084,-59.5,96.38,1835
2026-08-03 14:11:00,Cell_0050,Central,5G,9.47,380.05,0.841,0.118,-58.7,99.18,94
2026-08-03 14:11:00,Cell_0051,Central,5G,5.17,204.64,0.136,0.73,-68.5,97.96,60
2026-08-03 14:11:00,Cell_0052,East,LTE,33.66,37.4,0.562,0.081,-49.7,96.23,478
2026-08-03 14:11:00,Cell_0053,South,5G,9.48,878.13,1.121,0.738,-64.1,96.9,196
2026-08-03 14:11:00,Cell_0054,North,LTE,14.21,45.24,0.339,0.188,-44.1,95.89,201
2026-08-03 14:11:00,Cell_0055,North,LTE,23.19,27.39,0.533,0.364,-48.0,97.62,474
2026-08-03 14:11:00,Cell_0056,South,5G,8.49,133.06,1.252,0.386,-56.2,96.05,409
2026-08-03 14:11:00,Cell_0057,Central,LTE,29.38,74.56,0.433,0.342,-41.1,97.76,430
2026-08-03 14:11:00,Cell_0058,West,5G,1.82,796.07,0.387,0.468,-73.9,95.58,387
2026-08-03 14:11:00,Cell_0059,Central,5G,5.28,520.52,0.484,0.564,-52.0,99.51,215
2026-08-03 14:11:00,Cell_0060,Central,5G,6.67,882.4,0.012,0.421,-63.3,98.24,101
2026-08-03 14:11:00,Cell_0061,Central,LTE,20.74,33.02,0.82,0.752,-59.6,98.08,353
2026-08-03 14:11:00,Cell_0062,North,5G,4.91,459.4,1.251,0.253,-61.9,96.69,397
2026-08-03 14:11:00,Cell_0063,East,LTE,11.2,94.32,0.351,0.935,-42.6,95.54,268
2026-08-03 14:11:00,Cell_0064,East,5G,9.59,460.68,0.043,0.512,-42.7,99.43,407
2026-08-03 14:11:00,Cell_0065,South,5G,2.79,975.18,1.128,0.13,-63.3,99.8,96
2026-08-03 14:11:00,Cell_0066,North,5G,7.89,821.34,0.688,0.165,-75.0,95.74,138
2026-08-03 14:11:00,Cell_0067,Central,LTE,12.41,38.89,0.305,0.09,-66.4,98.42,482
2026-08-03 14:11:00,Cell_0068,Central,LTE,10.15,32.75,0.15,0.55,-61.2,96.06,291
2026-08-03 14:11:00,Cell_0069,East,LTE,34.94,76.5,1.145,0.096,-70.5,98.82,118
2026-08-03 14:11:00,Cell_0070,South,5G,3.94,354.88,1.012,0.873,-54.1,97.67,227
2026-08-03 14:11:00,Cell_0071,South,LTE,32.21,66.91,0.333,0.609,-48.1,96.85,224
2026-08-03 14:11:00,Cell_0072,Central,5G,1.01,639.25,0.597,0.077,-66.9,97.5,72
2026-08-03 14:11:00,Cell_0073,West,LTE,23.06,47.17,0.981,0.426,-65.0,96.93,470
2026-08-03 14:11:00,Cell_0074,North,5G,3.35,959.52,0.269,0.398,-56.9,95.53,462
2026-08-03 14:11:00,Cell_0075,East,LTE,30.58,28.11,1.294,0.804,-74.6,96.6,344
2026-08-03 14:11:00,Cell_0076,North,LTE,30.59,20.93,0.981,0.67,-60.2,95.27,267
2026-08-03 14:11:00,Cell_0077,Central,LTE,29.02,68.29,1.204,0.45,-62.0,97.37,221
2026-08-03 14:11:00,Cell_0078,North,5G,9.75,200.5,0.268,0.424,-48.4,99.35,90
2026-08-03 14:11:00,Cell_0079,North,LTE,20.11,94.73,0.885,0.198,-46.6,98.64,282
2026-08-03 14:11:00,Cell_0080,South,5G,5.18,135.86,1.302,0.46,-73.2,98.0,239
2026-08-03 14:11:00,Cell_0081,Central,LTE,20.12,43.69,1.229,0.543,-68.7,96.78,58
2026-08-03 14:11:00,Cell_0082,East,5G,3.68,132.05,0.168,0.732,-56.4,96.98,139
2026-08-03 14:11:00,Cell_0083,South,LTE,12.84,78.14,0.949,0.431,-65.4,99.86,402
2026-08-03 14:11:00,Cell_0084,East,5G,9.27,913.22,1.398,0.82,-55.1,95.2,217
2026-08-03 14:11:00,Cell_0085,East,5G,2.32,979.16,0.957,0.882,-61.6,99.9,90
2026-08-03 14:11:00,Cell_0086,Central,5G,6.73,371.79,0.601,0.184,-48.9,98.61,430
2026-08-03 14:11:00,Cell_0087,North,LTE,35.11,54.67,0.175,0.192,-65.9,96.52,313
2026-08-03 14:11:00,Cell_0088,South,LTE,33.81,75.54,0.073,0.573,-67.5,99.68,190
2026-08-03 14:11:00,Cell_0089,East,LTE,33.35,42.15,1.007,0.605,-43.2,98.39,189
2026-08-03 14:11:00,Cell_0090,Central,LTE,16.21,82.56,6.943,0.275,-58.8,98.95,375
2026-08-03 14:11:00,Cell_0091,Central,LTE,31.27,37.68,0.917,0.728,-53.7,97.3,265
2026-08-03 14:11:00,Cell_0092,North,LTE,19.86,51.12,1.395,0.013,-63.1,96.73,277
2026-08-03 14:11:00,Cell_0093,North,LTE,35.63,59.92,0.798,0.17,-61.3,97.01,388
2026-08-03 14:11:00,Cell_0094,North,LTE,39.03,70.51,0.842,0.345,-67.7,99.92,239
2026-08-03 14:11:00,Cell_0095,East,LTE,32.53,56.12,0.701,0.156,-54.5,98.12,339
2026-08-03 14:11:00,Cell_0096,Central,LTE,39.87,21.87,1.46,0.556,-57.8,96.17,325
2026-08-03 14:11:00,Cell_0097,East,5G,6.46,864.7,0.145,0.218,-40.3,97.85,141
2026-08-03 14:11:00,Cell_0098,South,LTE,33.01,98.75,1.468,0.55,-62.7,96.09,356
2026-08-03 14:11:00,Cell_0099,Central,5G,7.93,667.25,0.996,0.687,-52.8,98.18,307
2026-08-03 14:11:00,Cell_0100,South,5G,4.53,873.15,0.742,0.464,-46.1,97.25,497
2026-08-03 14:11:00,Cell_0101,West,LTE,18.65,62.61,0.501,0.464,-69.0,99.54,246
2026-08-03 14:11:00,Cell_0102,North,LTE,22.54,53.46,0.283,0.029,-67.2,98.05,307
2026-08-03 14:11:00,Cell_0103,West,5G,6.4,758.93,1.418,0.325,-66.3,97.85,291
2026-08-03 14:11:00,Cell_0104,West,5G,9.57,120.45,0.902,0.79,-61.4,97.56,148
2026-08-03 14:11:00,Cell_0105,West,LTE,14.84,49.53,1.312,0.175,-42.2,99.61,215
2026-08-03 14:11:00,Cell_0106,North,LTE,11.94,22.47,0.866,0.459,-51.1,97.22,173
2026-08-03 14:11:00,Cell_0107,West,5G,9.76,550.19,0.167,0.604,-63.4,99.6,131
2026-08-03 14:11:00,Cell_0108,North,LTE,31.66,25.59,1.123,0.682,-60.8,97.6,290
2026-08-03 14:11:00,Cell_0109,South,LTE,12.11,53.37,0.39,0.716,-70.8,98.88,381
2026-08-03 14:11:00,Cell_0110,Central,5G,7.43,494.67,1.242,0.06,-46.6,99.14,421
2026-08-03 14:11:00,Cell_0111,South,5G,4.27,744.96,0.767,0.65,-60.0,95.62,124
2026-08-03 14:11:00,Cell_0112,South,5G,7.82,621.83,1.187,0.722,-62.2,98.28,122
2026-08-03 14:11:00,Cell_0113,West,LTE,33.87,36.81,0.146,0.642,-72.4,99.5,301
2026-08-03 14:11:00,Cell_0114,North,5G,7.81,408.2,1.034,0.331,-59.2,96.29,190
2026-08-03 14:11:00,Cell_0115,Central,LTE,32.84,31.84,0.433,0.221,-62.0,96.81,199
2026-08-03 14:11:00,Cell_0116,North,LTE,31.48,65.41,0.457,0.713,-51.4,95.77,462
2026-08-03 14:11:00,Cell_0117,North,LTE,14.4,43.39,0.576,0.637,-74.0,96.06,205
2026-08-03 14:11:00,Cell_0118,South,5G,1.11,427.75,0.763,0.87,-56.9,97.38,137
2026-08-03 14:11:00,Cell_0119,West,5G,6.79,628.42,0.752,0.523,-61.8,99.63,381
2026-08-03 14:11:00,Cell_0120,South,5G,5.73,257.85,1.346,0.014,-41.9,96.71,208
2026-08-03 14:12:00,Cell_0001,North,LTE,14.5,68.69,1.093,0.12,-68.1,97.49,341
2026-08-03 14:12:00,Cell_0002,East,LTE,37.19,87.2,1.269,0.783,-56.7,96.14,153
2026-08-03 14:12:00,Cell_0003,South,LTE,10.99,70.11,1.428,0.507,-65.5,99.81,483
2026-08-03 14:12:00,Cell_0004,North,LTE,36.18,97.63,0.084,0.567,-66.3,96.28,428
2026-08-03 14:12:00,Cell_0005,Central,5G,9.43,871.77,0.343,0.717,-68.8,99.9,186
2026-08-03 14:12:00,Cell_0006,North,LTE,12.74,35.2,1.246,0.064,-43.4,97.61,81
2026-08-03 14:12:00,Cell_0007,North,LTE,17.32,80.93,0.716,0.098,-44.1,95.26,454
2026-08-03 14:12:00,Cell_0008,South,LTE,15.89,29.31,0.125,0.197,-56.0,96.07,299
2026-08-03 14:12:00,Cell_0009,Central,LTE,10.29,54.38,1.357,0.72,-59.5,98.21,351
2026-08-03 14:12:00,Cell_0010,Central,5G,6.53,510.63,0.001,0.755,-54.0,97.46,140
2026-08-03 14:12:00,Cell_0011,South,5G,5.35,355.38,0.968,0.264,-56.4,96.71,397
2026-08-03 14:12:00,Cell_0012,Central,5G,3.78,496.04,1.466,0.946,-57.9,96.6,310
2026-08-03 14:12:00,Cell_0013,North,LTE,14.89,25.24,0.648,0.305,-42.6,97.22,376
2026-08-03 14:12:00,Cell_0014,West,5G,8.4,274.24,0.163,0.232,-64.2,96.53,442
2026-08-03 14:12:00,Cell_0015,East,LTE,13.09,44.0,0.914,0.571,-69.6,95.78,442
2026-08-03 14:12:00,Cell_0016,South,5G,2.55,242.15,0.994,0.326,-56.9,97.37,354
2026-08-03 14:12:00,Cell_0017,North,LTE,33.39,41.55,1.399,0.472,-45.0,96.52,124
2026-08-03 14:12:00,Cell_0018,West,LTE,31.8,86.34,0.473,0.308,-55.3,98.81,52
2026-08-03 14:12:00,Cell_0019,East,5G,4.64,971.81,0.53,0.805,-40.9,98.84,59
2026-08-03 14:12:00,Cell_0020,Central,5G,2.82,695.85,0.384,0.833,-74.2,97.14,245
2026-08-03 14:12:00,Cell_0021,North,5G,6.04,279.51,0.322,0.503,-45.0,95.53,174
2026-08-03 14:12:00,Cell_0022,Central,LTE,31.69,95.32,0.889,0.952,-41.9,98.91,249
2026-08-03 14:12:00,Cell_0023,West,LTE,37.27,58.96,0.42,0.607,-61.9,95.51,377
2026-08-03 14:12:00,Cell_0024,Central,5G,5.84,494.31,0.426,0.472,-44.2,95.37,446
2026-08-03 14:12:00,Cell_0025,Central,5G,8.42,886.56,0.885,0.574,-55.3,97.19,217
2026-08-03 14:12:00,Cell_0026,Central,LTE,32.88,40.86,0.797,0.291,-74.2,98.86,84
2026-08-03 14:12:00,Cell_0027,North,LTE,30.98,79.12,1.436,0.361,-48.0,98.74,159
2026-08-03 14:12:00,Cell_0028,South,5G,5.21,514.72,0.5,0.678,-50.4,96.28,432
2026-08-03 14:12:00,Cell_0029,North,LTE,14.21,71.38,0.641,0.806,-47.1,99.16,80
2026-08-03 14:12:00,Cell_0030,North,5G,5.61,114.58,0.656,0.032,-57.4,98.99,454
2026-08-03 14:12:00,Cell_0031,East,5G,3.54,400.38,0.101,0.076,-71.8,97.79,107
2026-08-03 14:12:00,Cell_0032,East,LTE,33.96,87.7,0.132,0.922,-53.6,99.96,434
2026-08-03 14:12:00,Cell_0033,East,5G,51.8,835.98,0.699,0.889,-40.2,95.76,219
2026-08-03 14:12:00,Cell_0034,South,5G,5.09,803.0,1.109,0.949,-43.9,97.01,200
2026-08-03 14:12:00,Cell_0035,North,LTE,230.65,21.51,18.071,14.981,-99.6,96.11,395
2026-08-03 14:12:00,Cell_0036,Central,LTE,20.64,90.42,1.301,0.153,-47.9,96.03,142
2026-08-03 14:12:00,Cell_0037,South,5G,5.8,950.05,0.059,0.127,-62.8,95.35,495
2026-08-03 14:12:00,Cell_0038,West,5G,3.07,287.93,0.454,0.424,-65.5,99.68,161
2026-08-03 14:12:00,Cell_0039,Central,LTE,10.82,90.21,1.417,0.123,-41.8,95.13,494
2026-08-03 14:12:00,Cell_0040,East,LTE,32.2,50.43,0.67,0.399,-67.8,96.9,467
2026-08-03 14:12:00,Cell_0041,South,LTE,39.08,60.54,0.867,0.516,-69.3,96.05,300
2026-08-03 14:12:00,Cell_0042,East,5G,4.23,995.82,0.623,0.21,-71.8,97.53,294
2026-08-03 14:12:00,Cell_0043,East,LTE,13.36,56.56,0.011,0.803,-61.0,99.29,231
2026-08-03 14:12:00,Cell_0044,South,5G,3.79,158.78,1.419,0.652,-67.0,98.51,383
2026-08-03 14:12:00,Cell_0045,South,5G,4.51,524.23,1.427,0.275,-52.3,96.62,122
2026-08-03 14:12:00,Cell_0046,West,5G,2.6,108.35,0.778,0.14,-58.6,95.19,355
2026-08-03 14:12:00,Cell_0047,South,5G,8.8,694.86,0.558,0.415,-69.5,95.86,315
2026-08-03 14:12:00,Cell_0048,South,LTE,32.26,84.83,0.272,0.879,-71.2,95.81,304
2026-08-03 14:12:00,Cell_0049,Central,5G,4.63,435.87,1.262,0.622,-74.0,95.13,64
2026-08-03 14:12:00,Cell_0050,Central,5G,1.31,884.83,1.37,0.046,-61.8,97.99,318
2026-08-03 14:12:00,Cell_0051,Central,5G,1.9,413.8,0.334,0.42,-72.7,99.84,287
2026-08-03 14:12:00,Cell_0052,East,LTE,35.68,62.94,0.202,0.603,-52.7,96.56,290
2026-08-03 14:12:00,Cell_0053,South,5G,3.31,390.59,0.81,0.957,-51.6,95.48,302
2026-08-03 14:12:00,Cell_0054,North,LTE,35.56,35.7,0.329,0.13,-42.0,96.13,92
2026-08-03 14:12:00,Cell_0055,North,LTE,31.52,42.58,0.923,0.25,-66.2,98.65,204
2026-08-03 14:12:00,Cell_0056,South,5G,9.77,701.52,0.78,0.577,-44.1,98.8,117
2026-08-03 14:12:00,Cell_0057,Central,LTE,21.24,31.62,1.105,0.851,-48.8,99.0,373
2026-08-03 14:12:00,Cell_0058,West,5G,98.65,263.96,0.214,0.034,-47.2,95.81,215
2026-08-03 14:12:00,Cell_0059,Central,5G,4.1,665.84,1.225,0.577,-59.2,96.07,368
2026-08-03 14:12:00,Cell_0060,Central,5G,4.96,770.46,0.983,0.514,-63.2,99.98,145
2026-08-03 14:12:00,Cell_0061,Central,LTE,34.21,58.99,0.823,0.663,-51.6,96.71,315
2026-08-03 14:12:00,Cell_0062,North,5G,8.04,483.86,0.038,0.543,-71.7,99.88,474
2026-08-03 14:12:00,Cell_0063,East,LTE,26.51,43.66,1.31,0.307,-59.7,99.92,92
2026-08-03 14:12:00,Cell_0064,East,5G,9.75,264.35,1.23,0.886,-57.1,95.71,398
2026-08-03 14:12:00,Cell_0065,South,5G,1.15,760.07,0.531,0.601,-69.7,99.3,318
2026-08-03 14:12:00,Cell_0066,North,5G,5.8,27.22,1.041,0.997,-69.2,95.79,398
2026-08-03 14:12:00,Cell_0067,Central,LTE,16.79,94.45,1.074,0.541,-41.6,97.12,153
2026-08-03 14:12:00,Cell_0068,Central,LTE,38.77,95.91,0.445,0.901,-41.0,99.47,289
2026-08-03 14:12:00,Cell_0069,East,LTE,31.65,44.0,0.112,0.708,-51.6,96.04,425
2026-08-03 14:12:00,Cell_0070,South,5G,9.63,153.3,0.616,0.144,-46.2,98.82,463
2026-08-03 14:12:00,Cell_0071,South,LTE,39.35,51.3,0.239,0.419,-54.3,96.24,229
2026-08-03 14:12:00,Cell_0072,Central,5G,9.67,20.52,1.339,0.123,-49.1,99.72,127
2026-08-03 14:12:00,Cell_0073,West,LTE,32.82,20.86,0.176,0.311,-71.4,98.14,291
2026-08-03 14:12:00,Cell_0074,North,5G,4.94,840.02,0.812,0.61,-69.6,99.4,436
2026-08-03 14:12:00,Cell_0075,East,LTE,20.24,41.77,1.482,0.382,-43.8,95.56,288
2026-08-03 14:12:00,Cell_0076,North,LTE,15.05,76.78,1.298,0.487,-64.8,97.61,95
2026-08-03 14:12:00,Cell_0077,Central,LTE,28.1,67.92,0.544,0.869,-51.7,99.18,271
2026-08-03 14:12:00,Cell_0078,North,5G,6.74,878.65,0.42,0.724,-65.3,96.26,310
2026-08-03 14:12:00,Cell_0079,North,LTE,30.01,40.1,0.535,0.013,-50.0,97.43,349
2026-08-03 14:12:00,Cell_0080,South,5G,6.32,699.07,0.156,0.781,-50.2,97.8,478
2026-08-03 14:12:00,Cell_0081,Central,LTE,28.2,89.63,1.001,0.042,-71.2,99.19,379
2026-08-03 14:12:00,Cell_0082,East,5G,6.18,205.73,1.146,0.361,-51.5,99.52,265
2026-08-03 14:12:00,Cell_0083,South,LTE,31.55,23.19,0.971,0.44,-58.9,99.32,69
2026-08-03 14:12:00,Cell_0084,East,5G,8.32,665.31,1.166,0.669,-74.1,97.83,62
2026-08-03 14:12:00,Cell_0085,East,5G,3.96,363.05,0.618,0.028,-59.0,99.45,233
2026-08-03 14:12:00,Cell_0086,Central,5G,4.1,976.22,0.373,0.446,-73.3,97.29,375
2026-08-03 14:12:00,Cell_0087,North,LTE,33.81,36.75,1.156,0.547,-63.7,97.01,228
2026-08-03 14:12:00,Cell_0088,South,LTE,15.16,59.99,0.133,0.352,-56.2,99.03,166
2026-08-03 14:12:00,Cell_0089,East,LTE,19.18,93.13,0.136,0.406,-53.2,98.2,437
2026-08-03 14:12:00,Cell_0090,Central,LTE,17.94,76.59,0.526,0.806,-43.6,98.77,136
2026-08-03 14:12:00,Cell_0091,Central,LTE,13.34,66.55,1.363,0.7,-55.4,98.78,325
2026-08-03 14:12:00,Cell_0092,North,LTE,28.55,26.07,0.14,0.712,-43.0,98.32,486
2026-08-03 14:12:00,Cell_0093,North,LTE,31.48,62.63,0.595,0.921,-71.4,99.78,467
2026-08-03 14:12:00,Cell_0094,North,LTE,33.95,69.07,1.456,0.324,-67.1,99.13,175
2026-08-03 14:12:00,Cell_0095,East,LTE,30.03,41.9,0.742,0.833,-40.6,96.23,165
2026-08-03 14:12:00,Cell_0096,Central,LTE,34.35,31.63,0.445,0.965,-45.0,97.42,274
2026-08-03 14:12:00,Cell_0097,East,5G,5.96,611.28,0.618,0.848,-54.7,98.14,248
2026-08-03 14:12:00,Cell_0098,South,LTE,31.2,98.55,1.205,0.264,-62.0,99.5,170
2026-08-03 14:12:00,Cell_0099,Central,5G,4.21,962.28,0.202,0.86,-40.5,96.23,325
2026-08-03 14:12:00,Cell_0100,South,5G,1.87,925.73,1.478,0.708,-56.3,95.52,473
2026-08-03 14:12:00,Cell_0101,West,LTE,31.6,77.41,0.967,0.554,-40.5,97.33,344
2026-08-03 14:12:00,Cell_0102,North,LTE,23.81,55.03,0.887,0.065,-40.1,95.11,279
2026-08-03 14:12:00,Cell_0103,West,5G,1.52,412.84,1.301,0.148,-51.1,95.33,418
2026-08-03 14:12:00,Cell_0104,West,5G,3.27,906.88,0.041,0.598,-59.9,98.82,118
2026-08-03 14:12:00,Cell_0105,West,LTE,16.46,56.17,0.808,0.675,-63.4,97.85,498
2026-08-03 14:12:00,Cell_0106,North,LTE,22.21,81.3,1.47,0.587,-44.8,99.85,77
2026-08-03 14:12:00,Cell_0107,West,5G,4.23,207.72,1.466,0.614,-56.5,98.65,425
2026-08-03 14:12:00,Cell_0108,North,LTE,39.39,81.9,1.484,0.836,-74.0,99.64,423
2026-08-03 14:12:00,Cell_0109,South,LTE,12.67,95.69,0.861,0.949,-61.4,97.04,406
2026-08-03 14:12:00,Cell_0110,Central,5G,8.63,264.69,0.467,0.177,-59.9,96.26,96
2026-08-03 14:12:00,Cell_0111,South,5G,4.61,303.98,1.478,0.633,-63.1,98.76,318
2026-08-03 14:12:00,Cell_0112,South,5G,8.91,154.81,0.836,0.683,-71.7,95.01,320
2026-08-03 14:12:00,Cell_0113,West,LTE,19.81,5.27,1.2,0.568,-61.9,95.35,138
2026-08-03 14:12:00,Cell_0114,North,5G,5.82,978.2,0.145,0.683,-69.6,96.87,140
2026-08-03 14:12:00,Cell_0115,Central,LTE,31.19,90.37,0.266,0.149,-46.3,95.15,69
2026-08-03 14:12:00,Cell_0116,North,LTE,36.65,83.49,0.18,0.934,-42.3,95.54,399
2026-08-03 14:12:00,Cell_0117,North,LTE,25.55,92.02,0.746,0.604,-40.1,99.6,282
2026-08-03 14:12:00,Cell_0118,South,5G,5.93,449.96,0.672,0.116,-55.6,96.69,237
2026-08-03 14:12:00,Cell_0119,West,5G,9.64,541.69,1.191,0.042,-72.9,99.91,295
2026-08-03 14:12:00,Cell_0120,South,5G,9.19,736.87,1.259,0.099,-56.8,98.32,214
2026-08-03 14:13:00,Cell_0001,North,LTE,26.89,76.18,0.783,0.757,-52.5,96.41,119
2026-08-03 14:13:00,Cell_0002,East,LTE,15.94,95.54,0.639,0.435,-72.1,95.12,103
2026-08-03 14:13:00,Cell_0003,South,LTE,24.52,51.1,0.746,0.786,-64.9,98.42,78
2026-08-03 14:13:00,Cell_0004,North,LTE,11.25,95.74,0.461,0.587,-43.5,97.71,378
2026-08-03 14:13:00,Cell_0005,Central,5G,1.43,125.17,1.45,0.385,-62.7,97.69,471
2026-08-03 14:13:00,Cell_0006,North,LTE,36.21,79.08,0.786,0.178,-62.0,98.5,159
2026-08-03 14:13:00,Cell_0007,North,LTE,38.5,91.39,1.069,0.073,-67.9,96.03,377
2026-08-03 14:13:00,Cell_0008,South,LTE,11.36,50.52,1.35,0.116,-64.8,99.52,387
2026-08-03 14:13:00,Cell_0009,Central,LTE,34.94,98.75,1.481,0.827,-62.0,99.19,72
2026-08-03 14:13:00,Cell_0010,Central,5G,6.39,659.59,0.387,0.922,-51.2,98.55,370
2026-08-03 14:13:00,Cell_0011,South,5G,9.46,688.0,1.371,0.409,-74.6,99.12,243
2026-08-03 14:13:00,Cell_0012,Central,5G,9.11,835.05,0.732,0.6,-53.1,96.98,406
2026-08-03 14:13:00,Cell_0013,North,LTE,13.87,75.16,0.106,0.114,-69.4,98.96,84
2026-08-03 14:13:00,Cell_0014,West,5G,3.95,949.15,0.385,0.681,-42.4,96.99,324
2026-08-03 14:13:00,Cell_0015,East,LTE,35.67,40.92,1.141,0.395,-44.0,96.01,94
2026-08-03 14:13:00,Cell_0016,South,5G,5.48,214.4,1.493,0.469,-71.2,96.14,476
2026-08-03 14:13:00,Cell_0017,North,LTE,12.51,75.49,0.101,0.436,-62.0,98.69,276
2026-08-03 14:13:00,Cell_0018,West,LTE,11.23,94.69,1.15,0.189,-67.6,96.59,341
2026-08-03 14:13:00,Cell_0019,East,5G,2.37,873.54,0.376,7.56,-58.8,99.51,78
2026-08-03 14:13:00,Cell_0020,Central,5G,5.55,302.71,0.941,0.336,-49.8,95.13,275
2026-08-03 14:13:00,Cell_0021,North,5G,79.19,575.7,0.835,0.143,-41.3,95.28,400
2026-08-03 14:13:00,Cell_0022,Central,LTE,28.56,33.59,1.399,0.37,-70.0,95.52,169
2026-08-03 14:13:00,Cell_0023,West,LTE,10.1,24.67,0.581,0.567,-99.1,60.49,68
2026-08-03 14:13:00,Cell_0024,Central,5G,5.29,614.34,0.579,0.686,-61.5,99.55,171
2026-08-03 14:13:00,Cell_0025,Central,5G,6.51,410.63,1.482,0.455,-42.8,95.77,324
2026-08-03 14:13:00,Cell_0026,Central,LTE,16.72,42.95,1.096,0.963,-61.4,96.29,132
2026-08-03 14:13:00,Cell_0027,North,LTE,10.63,84.44,0.216,0.46,-50.1,97.71,166
2026-08-03 14:13:00,Cell_0028,South,5G,2.13,663.85,0.312,0.406,-44.1,97.3,281
2026-08-03 14:13:00,Cell_0029,North,LTE,21.65,49.08,0.489,0.399,-49.7,96.03,161
2026-08-03 14:13:00,Cell_0030,North,5G,6.12,953.2,1.094,0.784,-62.3,97.32,491
2026-08-03 14:13:00,Cell_0031,East,5G,4.67,679.6,0.32,0.141,-71.2,98.26,203
2026-08-03 14:13:00,Cell_0032,East,LTE,38.67,89.61,0.618,0.199,-63.2,99.45,387
2026-08-03 14:13:00,Cell_0033,East,5G,5.66,262.28,0.664,0.694,-61.5,98.33,189
2026-08-03 14:13:00,Cell_0034,South,5G,7.13,792.32,0.962,0.575,-47.0,95.75,212
2026-08-03 14:13:00,Cell_0035,North,LTE,36.04,30.44,1.397,0.316,-42.3,98.06,426
2026-08-03 14:13:00,Cell_0036,Central,LTE,11.06,27.77,0.098,0.021,-42.8,99.35,219
2026-08-03 14:13:00,Cell_0037,South,5G,3.82,911.62,0.305,0.151,-67.5,99.2,235
2026-08-03 14:13:00,Cell_0038,West,5G,3.84,914.06,0.67,0.339,-68.9,96.52,460
2026-08-03 14:13:00,Cell_0039,Central,LTE,37.02,32.16,0.623,0.532,-53.4,95.79,332
2026-08-03 14:13:00,Cell_0040,East,LTE,31.0,42.5,1.272,0.249,-71.0,99.73,277
2026-08-03 14:13:00,Cell_0041,South,LTE,11.18,90.42,0.709,0.477,-48.2,97.93,468
2026-08-03 14:13:00,Cell_0042,East,5G,4.97,614.72,0.671,0.02,-57.8,98.36,226
2026-08-03 14:13:00,Cell_0043,East,LTE,39.63,90.92,0.103,0.135,-64.5,96.97,126
2026-08-03 14:13:00,Cell_0044,South,5G,9.42,964.37,0.296,0.634,-64.8,98.96,452
2026-08-03 14:13:00,Cell_0045,South,5G,6.43,819.39,0.024,0.891,-60.4,95.85,485
2026-08-03 14:13:00,Cell_0046,West,5G,5.62,983.83,1.356,0.023,-63.9,95.83,382
2026-08-03 14:13:00,Cell_0047,South,5G,3.76,504.04,0.649,0.04,-48.8,98.8,284
2026-08-03 14:13:00,Cell_0048,South,LTE,19.99,22.51,1.308,0.927,-74.6,97.87,204
2026-08-03 14:13:00,Cell_0049,Central,5G,9.14,442.02,0.054,0.672,-50.6,96.68,461
2026-08-03 14:13:00,Cell_0050,Central,5G,9.94,482.06,1.061,0.132,-62.9,96.31,148
2026-08-03 14:13:00,Cell_0051,Central,5G,3.4,922.02,1.378,0.085,-51.7,96.59,310
2026-08-03 14:13:00,Cell_0052,East,LTE,10.69,30.28,1.143,0.243,-68.8,95.32,342
2026-08-03 14:13:00,Cell_0053,South,5G,8.01,877.32,0.014,0.013,-46.8,99.35,366
2026-08-03 14:13:00,Cell_0054,North,LTE,92.36,97.25,1.454,0.631,-63.4,98.32,363
2026-08-03 14:13:00,Cell_0055,North,LTE,37.54,94.12,0.278,0.718,-71.8,97.16,401
2026-08-03 14:13:00,Cell_0056,South,5G,1.45,171.47,0.481,0.529,-58.3,95.99,303
2026-08-03 14:13:00,Cell_0057,Central,LTE,15.58,43.05,1.014,0.865,-72.9,95.92,53
2026-08-03 14:13:00,Cell_0058,West,5G,52.58,336.94,1.317,0.575,-68.4,95.62,439
2026-08-03 14:13:00,Cell_0059,Central,5G,7.81,304.94,0.592,0.836,-64.6,97.06,377
2026-08-03 14:13:00,Cell_0060,Central,5G,4.84,842.02,1.103,0.531,-52.1,99.84,178
2026-08-03 14:13:00,Cell_0061,Central,LTE,14.84,24.93,0.741,0.903,-72.9,98.78,270
2026-08-03 14:13:00,Cell_0062,North,5G,29.22,236.86,0.018,0.744,-71.9,97.94,934
2026-08-03 14:13:00,Cell_0063,East,LTE,20.74,84.88,0.556,0.3,-57.9,97.73,431
2026-08-03 14:13:00,Cell_0064,East,5G,6.29,138.43,0.529,0.465,-58.8,99.62,483
2026-08-03 14:13:00,Cell_0065,South,5G,4.63,881.81,0.697,0.153,-49.2,96.93,62
2026-08-03 14:13:00,Cell_0066,North,5G,8.09,443.31,1.305,0.149,-62.2,97.17,468
2026-08-03 14:13:00,Cell_0067,Central,LTE,15.18,67.43,0.276,0.095,-61.3,95.75,222
2026-08-03 14:13:00,Cell_0068,Central,LTE,24.92,32.67,1.245,0.854,-65.3,95.95,360
2026-08-03 14:13:00,Cell_0069,East,LTE,22.99,95.79,0.24,0.969,-72.9,99.81,84
2026-08-03 14:13:00,Cell_0070,South,5G,7.35,647.04,0.212,0.519,-57.7,96.08,301
2026-08-03 14:13:00,Cell_0071,South,LTE,19.24,32.69,0.946,0.684,-104.4,78.12,116
2026-08-03 14:13:00,Cell_0072,Central,5G,8.78,432.61,1.456,0.063,-59.4,97.09,157
2026-08-03 14:13:00,Cell_0073,West,LTE,30.65,92.81,1.354,0.634,-43.4,97.38,193
2026-08-03 14:13:00,Cell_0074,North,5G,6.19,397.95,0.292,0.127,-63.7,98.16,167
2026-08-03 14:13:00,Cell_0075,East,LTE,28.28,85.07,0.374,0.563,-43.8,96.57,500
2026-08-03 14:13:00,Cell_0076,North,LTE,32.51,69.89,0.122,0.491,-53.9,99.45,422
2026-08-03 14:13:00,Cell_0077,Central,LTE,23.48,82.19,1.187,0.276,-70.0,99.24,80
2026-08-03 14:13:00,Cell_0078,North,5G,3.01,102.75,0.534,0.621,-55.3,98.92,213
2026-08-03 14:13:00,Cell_0079,North,LTE,19.43,90.66,0.3,0.811,-68.4,99.62,359
2026-08-03 14:13:00,Cell_0080,South,5G,7.6,761.95,0.292,0.799,-65.1,98.95,266
2026-08-03 14:13:00,Cell_0081,Central,LTE,35.58,43.85,0.306,0.296,-74.0,98.22,265
2026-08-03 14:13:00,Cell_0082,East,5G,5.18,918.83,7.155,0.626,-55.6,97.97,438
2026-08-03 14:13:00,Cell_0083,South,LTE,18.28,76.5,0.68,0.163,-70.5,99.78,113
2026-08-03 14:13:00,Cell_0084,East,5G,12.56,104.81,0.213,0.832,-61.9,95.13,1463
2026-08-03 14:13:00,Cell_0085,East,5G,1.31,354.62,0.848,0.569,-44.1,95.28,417
2026-08-03 14:13:00,Cell_0086,Central,5G,5.47,934.25,0.21,0.102,-69.3,98.57,97
2026-08-03 14:13:00,Cell_0087,North,LTE,39.17,47.05,0.619,0.751,-57.8,97.73,318
2026-08-03 14:13:00,Cell_0088,South,LTE,33.69,75.57,0.822,0.089,-67.7,95.8,440
2026-08-03 14:13:00,Cell_0089,East,LTE,17.82,39.14,0.967,0.558,-73.2,99.21,165
2026-08-03 14:13:00,Cell_0090,Central,LTE,11.27,80.68,1.425,0.954,-70.2,96.6,248
2026-08-03 14:13:00,Cell_0091,Central,LTE,30.11,21.54,1.148,0.492,-51.6,98.49,331
2026-08-03 14:13:00,Cell_0092,North,LTE,16.0,22.88,0.344,0.491,-92.0,64.1,238
2026-08-03 14:13:00,Cell_0093,North,LTE,26.09,93.22,1.116,0.281,-55.5,97.55,131
2026-08-03 14:13:00,Cell_0094,North,LTE,32.63,40.5,0.294,0.898,-61.3,98.25,281
2026-08-03 14:13:00,Cell_0095,East,LTE,243.42,72.11,0.768,0.406,-68.5,95.21,461
2026-08-03 14:13:00,Cell_0096,Central,LTE,16.0,65.62,1.121,0.833,-51.4,99.43,468
2026-08-03 14:13:00,Cell_0097,East,5G,5.17,683.05,0.345,0.89,-45.5,96.08,62
2026-08-03 14:13:00,Cell_0098,South,LTE,16.49,34.47,0.501,0.5,-49.8,98.6,284
2026-08-03 14:13:00,Cell_0099,Central,5G,6.42,248.73,0.738,0.561,-65.0,99.93,488
2026-08-03 14:13:00,Cell_0100,South,5G,1.7,196.54,0.0,0.031,-73.2,95.06,190
2026-08-03 14:13:00,Cell_0101,West,LTE,19.1,50.51,0.852,0.159,-73.1,96.08,147
2026-08-03 14:13:00,Cell_0102,North,LTE,32.26,49.83,0.42,0.654,-64.6,95.17,111
2026-08-03 14:13:00,Cell_0103,West,5G,3.36,937.11,1.331,0.801,-67.8,99.6,431
2026-08-03 14:13:00,Cell_0104,West,5G,8.13,892.26,1.398,0.175,-71.1,98.62,283
2026-08-03 14:13:00,Cell_0105,West,LTE,27.39,64.6,0.405,0.703,-58.2,98.66,128
2026-08-03 14:13:00,Cell_0106,North,LTE,21.93,50.19,0.056,0.432,-58.7,95.88,56
2026-08-03 14:13:00,Cell_0107,West,5G,1.4,156.71,1.154,0.281,-65.1,97.4,460
2026-08-03 14:13:00,Cell_0108,North,LTE,30.14,97.06,0.282,0.69,-46.6,99.98,72
2026-08-03 14:13:00,Cell_0109,South,LTE,35.06,54.83,1.428,0.489,-66.9,99.24,74
2026-08-03 14:13:00,Cell_0110,Central,5G,1.8,430.57,1.231,0.545,-61.9,99.51,421
2026-08-03 14:13:00,Cell_0111,South,5G,2.31,761.68,0.52,0.174,-60.9,97.34,227
2026-08-03 14:13:00,Cell_0112,South,5G,2.33,705.39,1.334,0.676,-60.7,99.81,94
2026-08-03 14:13:00,Cell_0113,West,LTE,36.54,46.62,0.538,0.467,-48.6,99.31,134
2026-08-03 14:13:00,Cell_0114,North,5G,4.09,926.47,1.474,0.145,-63.0,98.16,431
2026-08-03 14:13:00,Cell_0115,Central,LTE,33.96,31.16,1.224,0.206,-50.7,95.41,264
2026-08-03 14:13:00,Cell_0116,North,LTE,39.72,63.52,0.779,0.575,-66.1,97.75,134
2026-08-03 14:13:00,Cell_0117,North,LTE,30.52,83.02,0.734,0.325,-45.7,96.87,252
2026-08-03 14:13:00,Cell_0118,South,5G,8.37,297.16,0.527,0.408,-48.7,95.53,377
2026-08-03 14:13:00,Cell_0119,West,5G,2.4,724.55,1.13,0.716,-43.7,99.85,459
2026-08-03 14:13:00,Cell_0120,South,5G,2.3,164.99,1.425,0.242,-60.8,99.13,327
2026-08-03 14:14:00,Cell_0001,North,LTE,38.55,35.28,0.024,0.296,-67.8,99.14,398
2026-08-03 14:14:00,Cell_0002,East,LTE,17.6,96.08,12.755,0.358,-60.9,98.49,203
2026-08-03 14:14:00,Cell_0003,South,LTE,22.86,67.18,0.718,0.615,-73.5,97.46,66
2026-08-03 14:14:00,Cell_0004,North,LTE,20.54,40.46,0.71,0.798,-48.6,98.85,266
2026-08-03 14:14:00,Cell_0005,Central,5G,6.58,415.95,1.457,0.49,-74.0,95.19,299
2026-08-03 14:14:00,Cell_0006,North,LTE,12.6,40.17,0.138,0.245,-45.9,98.16,98
2026-08-03 14:14:00,Cell_0007,North,LTE,32.47,39.31,1.476,0.034,-64.2,98.89,487
2026-08-03 14:14:00,Cell_0008,South,LTE,28.41,27.6,1.026,0.593,-51.4,95.14,309
2026-08-03 14:14:00,Cell_0009,Central,LTE,25.06,57.05,1.046,0.388,-42.6,98.27,74
2026-08-03 14:14:00,Cell_0010,Central,5G,2.06,565.06,0.261,0.452,-45.1,95.2,357
2026-08-03 14:14:00,Cell_0011,South,5G,1.99,239.32,1.256,0.199,-58.0,95.03,447
2026-08-03 14:14:00,Cell_0012,Central,5G,6.88,258.97,0.565,0.302,-67.2,99.33,348
2026-08-03 14:14:00,Cell_0013,North,LTE,16.86,55.57,1.051,0.912,-71.4,95.7,429
2026-08-03 14:14:00,Cell_0014,West,5G,6.45,121.31,0.744,0.794,-60.0,98.54,405
2026-08-03 14:14:00,Cell_0015,East,LTE,26.3,53.49,0.05,0.436,-50.4,95.33,94
2026-08-03 14:14:00,Cell_0016,South,5G,9.54,421.88,0.602,0.919,-43.3,99.38,111
2026-08-03 14:14:00,Cell_0017,North,LTE,293.59,34.94,0.295,0.66,-55.9,97.79,294
2026-08-03 14:14:00,Cell_0018,West,LTE,27.46,29.27,0.06,0.202,-64.5,98.73,250
2026-08-03 14:14:00,Cell_0019,East,5G,154.82,809.28,28.256,17.909,-99.0,95.04,500
2026-08-03 14:14:00,Cell_0020,Central,5G,5.27,530.86,0.149,0.388,-52.8,97.71,461
2026-08-03 14:14:00,Cell_0021,North,5G,7.0,872.06,0.218,0.761,-106.7,75.67,87
2026-08-03 14:14:00,Cell_0022,Central,LTE,28.77,95.01,1.242,0.406,-48.7,95.21,214
2026-08-03 14:14:00,Cell_0023,West,LTE,10.83,73.73,1.396,0.391,-53.8,99.33,433
2026-08-03 14:14:00,Cell_0024,Central,5G,5.31,954.45,0.764,0.407,-44.5,98.18,173
2026-08-03 14:14:00,Cell_0025,Central,5G,3.59,795.79,0.649,0.031,-72.7,95.42,447
2026-08-03 14:14:00,Cell_0026,Central,LTE,29.24,49.56,0.59,0.465,-46.8,99.59,205
2026-08-03 14:14:00,Cell_0027,North,LTE,28.16,93.55,1.283,0.47,-57.9,98.79,479
2026-08-03 14:14:00,Cell_0028,South,5G,7.26,931.11,0.908,0.661,-54.9,97.35,96
2026-08-03 14:14:00,Cell_0029,North,LTE,39.26,62.62,0.925,0.063,-53.0,99.67,497
2026-08-03 14:14:00,Cell_0030,North,5G,5.62,381.75,1.359,0.907,-55.2,96.74,206
2026-08-03 14:14:00,Cell_0031,East,5G,4.01,708.49,0.418,0.598,-51.6,95.94,363
2026-08-03 14:14:00,Cell_0032,East,LTE,14.18,81.59,0.443,0.687,-62.3,97.71,214
2026-08-03 14:14:00,Cell_0033,East,5G,5.16,568.1,0.176,0.723,-64.8,96.24,356
2026-08-03 14:14:00,Cell_0034,South,5G,8.47,264.77,0.971,0.497,-66.4,97.42,188
2026-08-03 14:14:00,Cell_0035,North,LTE,23.77,47.31,0.382,0.072,-70.6,96.88,331
2026-08-03 14:14:00,Cell_0036,Central,LTE,10.1,35.11,1.401,0.928,-59.1,99.95,348
2026-08-03 14:14:00,Cell_0037,South,5G,5.6,478.44,0.399,0.982,-53.0,97.45,105
2026-08-03 14:14:00,Cell_0038,West,5G,4.48,207.5,0.272,0.361,-47.0,95.27,483
2026-08-03 14:14:00,Cell_0039,Central,LTE,28.81,8.38,0.191,0.096,-49.0,97.12,1960
2026-08-03 14:14:00,Cell_0040,East,LTE,31.59,42.74,0.361,0.22,-53.9,98.76,332
2026-08-03 14:14:00,Cell_0041,South,LTE,17.09,21.84,0.876,0.762,-69.0,99.83,246
2026-08-03 14:14:00,Cell_0042,East,5G,6.55,959.03,0.137,0.74,-40.7,96.35,298
2026-08-03 14:14:00,Cell_0043,East,LTE,17.39,52.51,0.363,0.61,-43.8,99.59,193
2026-08-03 14:14:00,Cell_0044,South,5G,3.15,377.64,0.869,0.6,-61.5,96.07,101
2026-08-03 14:14:00,Cell_0045,South,5G,4.68,499.72,0.226,0.888,-45.2,98.75,61
2026-08-03 14:14:00,Cell_0046,West,5G,3.45,893.63,0.737,0.79,-56.7,96.61,305
2026-08-03 14:14:00,Cell_0047,South,5G,4.49,497.97,0.308,0.145,-72.3,99.18,399
2026-08-03 14:14:00,Cell_0048,South,LTE,33.64,36.57,0.471,0.405,-66.3,96.45,168
2026-08-03 14:14:00,Cell_0049,Central,5G,8.9,964.59,1.03,0.563,-52.4,95.32,415
2026-08-03 14:14:00,Cell_0050,Central,5G,4.5,410.67,0.571,0.491,-49.7,99.55,95
2026-08-03 14:14:00,Cell_0051,Central,5G,4.13,342.21,1.367,0.26,-69.5,96.1,349
2026-08-03 14:14:00,Cell_0052,East,LTE,27.97,84.81,1.269,0.979,-62.2,98.8,96
2026-08-03 14:14:00,Cell_0053,South,5G,2.43,653.9,0.829,0.25,-56.6,96.28,126
2026-08-03 14:14:00,Cell_0054,North,LTE,35.76,42.28,1.374,0.229,-64.1,97.6,168
2026-08-03 14:14:00,Cell_0055,North,LTE,28.63,65.81,1.175,0.872,-44.7,98.71,197
2026-08-03 14:14:00,Cell_0056,South,5G,9.48,905.43,0.354,0.808,-68.2,98.56,84
2026-08-03 14:14:00,Cell_0057,Central,LTE,18.07,82.65,0.801,0.779,-55.6,96.84,141
2026-08-03 14:14:00,Cell_0058,West,5G,9.39,321.08,0.013,0.855,-48.2,97.57,60
2026-08-03 14:14:00,Cell_0059,Central,5G,9.05,454.43,0.251,0.469,-45.4,96.21,361
2026-08-03 14:14:00,Cell_0060,Central,5G,6.16,351.35,0.369,0.175,-71.2,96.24,377
2026-08-03 14:14:00,Cell_0061,Central,LTE,11.27,98.63,0.204,0.287,-56.5,97.45,436
2026-08-03 14:14:00,Cell_0062,North,5G,5.87,463.51,0.788,0.962,-42.0,96.77,360
2026-08-03 14:14:00,Cell_0063,East,LTE,35.13,52.42,0.377,0.937,-69.2,99.29,114
2026-08-03 14:14:00,Cell_0064,East,5G,2.86,639.82,0.551,0.298,-53.8,97.06,242
2026-08-03 14:14:00,Cell_0065,South,5G,1.21,538.5,1.125,0.216,-47.9,98.75,280
2026-08-03 14:14:00,Cell_0066,North,5G,8.11,774.3,0.974,0.302,-66.4,95.08,166
2026-08-03 14:14:00,Cell_0067,Central,LTE,17.59,51.94,1.069,0.372,-67.8,95.65,76
2026-08-03 14:14:00,Cell_0068,Central,LTE,14.37,71.2,0.152,0.374,-62.7,99.55,384
2026-08-03 14:14:00,Cell_0069,East,LTE,12.34,43.52,1.232,0.552,-73.6,99.91,483
2026-08-03 14:14:00,Cell_0070,South,5G,4.17,274.13,1.383,0.166,-40.3,95.73,414
2026-08-03 14:14:00,Cell_0071,South,LTE,11.8,60.76,0.946,0.371,-59.3,96.67,363
2026-08-03 14:14:00,Cell_0072,Central,5G,6.6,356.43,0.076,0.517,-70.7,97.19,299
2026-08-03 14:14:00,Cell_0073,West,LTE,25.42,73.31,0.822,0.749,-57.3,99.99,128
2026-08-03 14:14:00,Cell_0074,North,5G,4.4,694.55,0.66,0.723,-65.7,95.71,150
2026-08-03 14:14:00,Cell_0075,East,LTE,21.52,51.55,0.063,0.303,-41.6,95.97,341
2026-08-03 14:14:00,Cell_0076,North,LTE,33.98,90.65,0.64,0.568,-40.3,96.05,83
2026-08-03 14:14:00,Cell_0077,Central,LTE,11.12,78.18,1.181,0.219,-43.0,95.83,394
2026-08-03 14:14:00,Cell_0078,North,5G,1.72,513.65,1.349,0.617,-40.7,99.25,182
2026-08-03 14:14:00,Cell_0079,North,LTE,26.44,92.11,1.113,0.632,-63.6,95.78,399
2026-08-03 14:14:00,Cell_0080,South,5G,6.31,714.34,1.209,0.778,-66.4,99.07,272
2026-08-03 14:14:00,Cell_0081,Central,LTE,19.84,60.71,0.748,0.724,-60.8,99.76,203
2026-08-03 14:14:00,Cell_0082,East,5G,3.32,841.66,0.833,0.844,-67.3,99.78,287
2026-08-03 14:14:00,Cell_0083,South,LTE,37.78,75.79,0.759,0.413,-61.0,97.83,203
2026-08-03 14:14:00,Cell_0084,East,5G,2.46,533.06,1.393,0.066,-64.0,99.45,273
2026-08-03 14:14:00,Cell_0085,East,5G,4.89,472.8,1.468,0.334,-62.0,96.54,299
2026-08-03 14:14:00,Cell_0086,Central,5G,5.43,962.45,0.883,0.405,-45.3,96.43,362
2026-08-03 14:14:00,Cell_0087,North,LTE,20.08,67.84,0.89,0.853,-71.5,95.41,427
2026-08-03 14:14:00,Cell_0088,South,LTE,183.67,59.41,0.138,0.97,-46.7,98.24,76
2026-08-03 14:14:00,Cell_0089,East,LTE,116.35,87.49,1.018,0.918,-50.5,98.33,94
2026-08-03 14:14:00,Cell_0090,Central,LTE,13.0,99.71,0.124,0.04,-75.0,99.61,454
2026-08-03 14:14:00,Cell_0091,Central,LTE,21.73,99.48,0.161,0.593,-53.5,97.63,475
2026-08-03 14:14:00,Cell_0092,North,LTE,14.16,56.99,1.279,0.157,-47.8,97.57,304
2026-08-03 14:14:00,Cell_0093,North,LTE,30.67,22.56,1.278,0.665,-50.7,99.05,233
2026-08-03 14:14:00,Cell_0094,North,LTE,19.19,72.28,1.222,0.418,-42.4,98.97,483
2026-08-03 14:14:00,Cell_0095,East,LTE,19.8,39.25,0.223,0.155,-72.2,97.94,110
2026-08-03 14:14:00,Cell_0096,Central,LTE,39.95,30.09,1.084,0.282,-63.4,96.6,172
2026-08-03 14:14:00,Cell_0097,East,5G,4.92,210.36,0.966,0.943,-55.7,97.94,413
2026-08-03 14:14:00,Cell_0098,South,LTE,24.2,22.71,0.235,0.191,-72.7,95.16,486
2026-08-03 14:14:00,Cell_0099,Central,5G,4.51,831.27,0.695,0.967,-47.6,99.31,280
2026-08-03 14:14:00,Cell_0100,South,5G,3.94,970.03,0.634,0.315,-43.0,97.83,408
2026-08-03 14:14:00,Cell_0101,West,LTE,36.08,33.13,0.376,0.093,-44.4,96.67,71
2026-08-03 14:14:00,Cell_0102,North,LTE,17.2,68.31,1.436,0.907,-49.8,97.09,444
2026-08-03 14:14:00,Cell_0103,West,5G,4.25,12.39,0.922,0.337,-71.3,98.86,306
2026-08-03 14:14:00,Cell_0104,West,5G,6.93,762.89,0.757,0.531,-43.9,99.97,363
2026-08-03 14:14:00,Cell_0105,West,LTE,15.9,81.58,1.097,0.039,-41.3,97.95,198
2026-08-03 14:14:00,Cell_0106,North,LTE,32.67,23.56,0.499,0.407,-53.1,98.96,292
2026-08-03 14:14:00,Cell_0107,West,5G,4.76,517.19,1.327,0.572,-42.7,99.17,164
2026-08-03 14:14:00,Cell_0108,North,LTE,19.01,72.16,0.058,0.229,-43.3,96.27,185
2026-08-03 14:14:00,Cell_0109,South,LTE,421.31,37.74,19.776,18.492,-96.2,95.24,88
2026-08-03 14:14:00,Cell_0110,Central,5G,8.82,759.48,1.15,0.788,-105.7,76.53,304
2026-08-03 14:14:00,Cell_0111,South,5G,2.04,311.35,1.484,0.561,-63.5,97.73,152
2026-08-03 14:14:00,Cell_0112,South,5G,4.87,395.9,8.38,0.48,-71.5,99.66,424
2026-08-03 14:14:00,Cell_0113,West,LTE,17.71,32.95,0.64,0.729,-62.3,98.83,197
2026-08-03 14:14:00,Cell_0114,North,5G,5.88,593.81,0.103,0.983,-44.4,99.27,51
2026-08-03 14:14:00,Cell_0115,Central,LTE,11.98,81.63,1.138,0.27,-68.7,98.82,222
2026-08-03 14:14:00,Cell_0116,North,LTE,32.98,82.36,0.698,0.122,-51.6,96.39,92
2026-08-03 14:14:00,Cell_0117,North,LTE,12.76,34.11,1.21,0.545,-66.2,95.09,367
2026-08-03 14:14:00,Cell_0118,South,5G,8.14,177.78,0.095,0.146,-69.4,99.08,323
2026-08-03 14:14:00,Cell_0119,West,5G,9.92,781.58,0.527,0.34,-61.4,98.78,103
2026-08-03 14:14:00,Cell_0120,South,5G,7.98,462.21,0.251,0.621,-58.1,97.93,407
2026-08-03 14:15:00,Cell_0001,North,LTE,39.79,38.14,17.851,0.913,-57.7,98.85,248
2026-08-03 14:15:00,Cell_0002,East,LTE,11.26,56.23,0.006,0.355,-40.4,99.67,382
2026-08-03 14:15:00,Cell_0003,South,LTE,32.49,20.6,0.473,0.463,-70.3,95.48,316
2026-08-03 14:15:00,Cell_0004,North,LTE,13.49,30.86,0.742,0.996,-49.6,96.7,369
2026-08-03 14:15:00,Cell_0005,Central,5G,8.08,674.27,0.369,0.537,-60.1,95.19,104
2026-08-03 14:15:00,Cell_0006,North,LTE,264.81,97.13,9.637,12.964,-113.5,95.77,224
2026-08-03 14:15:00,Cell_0007,North,LTE,18.99,21.82,1.472,0.328,-50.1,99.35,318
2026-08-03 14:15:00,Cell_0008,South,LTE,35.55,49.0,0.143,0.264,-63.3,99.44,143
2026-08-03 14:15:00,Cell_0009,Central,LTE,27.47,26.31,0.074,0.311,-48.4,98.77,489
2026-08-03 14:15:00,Cell_0010,Central,5G,7.42,941.69,1.305,12.028,-43.3,98.29,101
2026-08-03 14:15:00,Cell_0011,South,5G,42.82,478.15,0.987,0.269,-73.2,95.34,351
2026-08-03 14:15:00,Cell_0012,Central,5G,5.22,425.02,0.813,0.264,-54.3,97.81,456
2026-08-03 14:15:00,Cell_0013,North,LTE,20.02,34.81,1.377,0.701,-71.4,99.06,290
2026-08-03 14:15:00,Cell_0014,West,5G,7.37,252.43,1.436,0.864,-57.2,99.95,52
2026-08-03 14:15:00,Cell_0015,East,LTE,36.25,66.14,1.095,0.842,-57.8,96.19,270
2026-08-03 14:15:00,Cell_0016,South,5G,7.0,273.22,0.792,0.344,-60.8,97.95,346
2026-08-03 14:15:00,Cell_0017,North,LTE,17.47,88.49,0.187,0.42,-52.3,97.49,108
2026-08-03 14:15:00,Cell_0018,West,LTE,15.73,40.23,0.192,0.184,-52.6,95.6,393
2026-08-03 14:15:00,Cell_0019,East,5G,7.4,307.77,0.375,0.047,-72.5,96.97,161
2026-08-03 14:15:00,Cell_0020,Central,5G,2.01,102.54,0.315,0.111,-50.6,97.07,224
2026-08-03 14:15:00,Cell_0021,North,5G,2.3,751.88,1.178,0.869,-63.6,97.06,387
2026-08-03 14:15:00,Cell_0022,Central,LTE,18.25,73.05,1.287,0.146,-61.4,95.94,390
2026-08-03 14:15:00,Cell_0023,West,LTE,29.87,59.19,1.424,0.437,-66.2,97.17,131
2026-08-03 14:15:00,Cell_0024,Central,5G,9.0,153.63,10.587,0.289,-60.5,99.41,122
2026-08-03 14:15:00,Cell_0025,Central,5G,1.12,807.13,0.794,0.586,-62.8,98.22,280
2026-08-03 14:15:00,Cell_0026,Central,LTE,35.92,87.16,1.445,0.27,-58.2,97.19,118
2026-08-03 14:15:00,Cell_0027,North,LTE,17.03,58.87,19.425,0.949,-57.2,99.67,106
2026-08-03 14:15:00,Cell_0028,South,5G,7.21,344.63,0.987,0.799,-48.9,95.1,340
2026-08-03 14:15:00,Cell_0029,North,LTE,13.21,91.9,0.378,0.244,-41.5,99.66,488
2026-08-03 14:15:00,Cell_0030,North,5G,8.19,576.93,0.274,0.497,-56.5,95.75,60
2026-08-03 14:15:00,Cell_0031,East,5G,7.21,598.49,0.852,0.001,-68.2,95.54,206
2026-08-03 14:15:00,Cell_0032,East,LTE,22.75,75.68,0.408,0.199,-60.9,99.21,358
2026-08-03 14:15:00,Cell_0033,East,5G,4.21,441.93,0.937,0.89,-63.6,99.29,232
2026-08-03 14:15:00,Cell_0034,South,5G,3.17,400.09,0.341,0.958,-74.4,95.38,339
2026-08-03 14:15:00,Cell_0035,North,LTE,16.94,89.32,0.307,0.412,-40.1,95.36,398
2026-08-03 14:15:00,Cell_0036,Central,LTE,26.46,77.47,0.331,0.215,-62.0,95.18,55
2026-08-03 14:15:00,Cell_0037,South,5G,4.68,992.18,0.965,0.89,-43.7,95.47,171
2026-08-03 14:15:00,Cell_0038,West,5G,1.84,325.29,0.897,0.746,-42.2,96.21,293
2026-08-03 14:15:00,Cell_0039,Central,LTE,26.23,72.58,1.044,0.006,-45.5,99.09,160
2026-08-03 14:15:00,Cell_0040,East,LTE,36.62,28.01,0.756,0.229,-54.9,95.0,406
2026-08-03 14:15:00,Cell_0041,South,LTE,20.71,56.19,1.044,0.027,-71.6,98.14,60
2026-08-03 14:15:00,Cell_0042,East,5G,2.73,840.08,0.351,0.045,-68.7,99.14,151
2026-08-03 14:15:00,Cell_0043,East,LTE,23.83,72.93,0.338,0.135,-70.9,99.56,154
2026-08-03 14:15:00,Cell_0044,South,5G,7.81,784.98,1.252,0.432,-50.9,99.17,131
2026-08-03 14:15:00,Cell_0045,South,5G,1.07,437.08,0.8,0.684,-43.7,95.54,441
2026-08-03 14:15:00,Cell_0046,West,5G,1.66,473.55,0.652,0.7,-69.2,98.57,415
2026-08-03 14:15:00,Cell_0047,South,5G,7.09,954.97,1.398,0.899,-42.9,99.92,281
2026-08-03 14:15:00,Cell_0048,South,LTE,39.92,62.63,0.851,0.954,-60.1,98.05,456
2026-08-03 14:15:00,Cell_0049,Central,5G,3.84,645.65,1.389,0.798,-45.8,95.98,201
2026-08-03 14:15:00,Cell_0050,Central,5G,5.82,934.52,1.312,0.115,-50.7,99.5,167
2026-08-03 14:15:00,Cell_0051,Central,5G,5.8,871.46,0.84,0.395,-52.3,98.56,468
2026-08-03 14:15:00,Cell_0052,East,LTE,25.54,63.12,0.348,0.126,-43.2,97.54,360
2026-08-03 14:15:00,Cell_0053,South,5G,1.67,585.1,0.125,0.525,-71.7,96.31,331
2026-08-03 14:15:00,Cell_0054,North,LTE,15.35,54.22,1.275,0.205,-46.9,96.1,375
2026-08-03 14:15:00,Cell_0055,North,LTE,14.43,55.39,0.633,0.634,-72.2,98.8,285
2026-08-03 14:15:00,Cell_0056,South,5G,3.49,862.5,0.045,0.765,-47.7,98.88,403
2026-08-03 14:15:00,Cell_0057,Central,LTE,118.04,7.66,0.484,0.758,-46.7,97.93,1189
2026-08-03 14:15:00,Cell_0058,West,5G,9.05,682.79,0.086,0.631,-41.1,95.13,126
2026-08-03 14:15:00,Cell_0059,Central,5G,3.82,704.96,1.192,0.504,-64.9,96.46,131
2026-08-03 14:15:00,Cell_0060,Central,5G,8.31,640.31,0.865,0.477,-57.8,99.55,89
2026-08-03 14:15:00,Cell_0061,Central,LTE,34.73,43.12,0.932,0.042,-61.7,95.2,272
2026-08-03 14:15:00,Cell_0062,North,5G,1.4,143.97,0.993,0.886,-61.8,98.18,95
2026-08-03 14:15:00,Cell_0063,East,LTE,25.48,62.4,0.608,0.563,-66.7,95.75,187
2026-08-03 14:15:00,Cell_0064,East,5G,9.92,432.61,0.073,0.31,-69.0,97.88,423
2026-08-03 14:15:00,Cell_0065,South,5G,7.43,662.52,0.08,10.417,-60.6,99.28,335
2026-08-03 14:15:00,Cell_0066,North,5G,1.15,661.96,0.954,0.939,-42.6,95.92,83
2026-08-03 14:15:00,Cell_0067,Central,LTE,94.85,30.16,1.298,0.253,-56.5,99.45,810
2026-08-03 14:15:00,Cell_0068,Central,LTE,29.31,63.8,0.71,0.88,-66.3,95.97,417
2026-08-03 14:15:00,Cell_0069,East,LTE,25.85,25.13,0.402,0.155,-72.7,98.48,366
2026-08-03 14:15:00,Cell_0070,South,5G,7.53,569.55,0.968,0.667,-64.2,96.49,60
2026-08-03 14:15:00,Cell_0071,South,LTE,22.59,77.36,0.552,0.725,-56.5,96.07,208
2026-08-03 14:15:00,Cell_0072,Central,5G,3.27,515.77,0.061,0.39,-41.9,98.16,130
2026-08-03 14:15:00,Cell_0073,West,LTE,32.51,80.61,1.299,0.042,-60.9,96.15,395
2026-08-03 14:15:00,Cell_0074,North,5G,5.89,268.26,0.288,0.865,-49.5,98.34,290
2026-08-03 14:15:00,Cell_0075,East,LTE,22.34,42.38,0.436,0.576,-46.5,97.53,61
2026-08-03 14:15:00,Cell_0076,North,LTE,31.92,49.47,0.834,0.501,-68.8,99.91,219
2026-08-03 14:15:00,Cell_0077,Central,LTE,14.03,68.81,1.046,0.674,-63.1,96.45,377
2026-08-03 14:15:00,Cell_0078,North,5G,8.68,314.94,1.375,0.209,-104.8,67.88,474
2026-08-03 14:15:00,Cell_0079,North,LTE,21.84,37.75,0.212,0.102,-71.7,98.0,319
2026-08-03 14:15:00,Cell_0080,South,5G,8.91,211.4,0.072,0.976,-66.6,95.46,397
2026-08-03 14:15:00,Cell_0081,Central,LTE,16.5,52.4,0.485,0.226,-44.1,99.27,420
2026-08-03 14:15:00,Cell_0082,East,5G,1.75,775.04,1.142,14.529,-41.3,99.96,98
2026-08-03 14:15:00,Cell_0083,South,LTE,33.37,77.62,0.787,0.008,-43.1,96.04,63
2026-08-03 14:15:00,Cell_0084,East,5G,1.26,196.07,1.168,0.112,-70.5,97.99,56
2026-08-03 14:15:00,Cell_0085,East,5G,4.4,525.05,1.054,0.264,-65.1,99.9,111
2026-08-03 14:15:00,Cell_0086,Central,5G,9.17,925.0,1.323,0.68,-61.3,98.05,227
2026-08-03 14:15:00,Cell_0087,North,LTE,11.74,44.9,0.106,0.123,-56.6,98.86,196
2026-08-03 14:15:00,Cell_0088,South,LTE,18.77,38.51,0.795,0.343,-74.1,95.7,258
2026-08-03 14:15:00,Cell_0089,East,LTE,34.45,32.61,0.323,0.602,-69.8,96.2,190
2026-08-03 14:15:00,Cell_0090,Central,LTE,22.55,27.38,1.401,0.695,-45.0,96.47,316
2026-08-03 14:15:00,Cell_0091,Central,LTE,38.22,23.43,0.55,0.021,-47.3,96.19,252
2026-08-03 14:15:00,Cell_0092,North,LTE,38.99,79.5,0.779,0.096,-48.9,97.13,483
2026-08-03 14:15:00,Cell_0093,North,LTE,260.0,35.44,1.485,0.52,-67.9,96.95,361
2026-08-03 14:15:00,Cell_0094,North,LTE,21.59,74.79,0.109,0.94,-67.6,99.76,443
2026-08-03 14:15:00,Cell_0095,East,LTE,36.92,48.46,1.226,0.509,-68.6,97.86,298
2026-08-03 14:15:00,Cell_0096,Central,LTE,24.56,81.04,0.966,0.143,-67.6,97.62,185
2026-08-03 14:15:00,Cell_0097,East,5G,9.67,204.25,0.456,0.555,-47.2,99.93,449
2026-08-03 14:15:00,Cell_0098,South,LTE,18.95,58.15,1.001,0.55,-43.7,95.68,73
2026-08-03 14:15:00,Cell_0099,Central,5G,6.81,653.06,0.186,0.102,-62.0,98.46,59
2026-08-03 14:15:00,Cell_0100,South,5G,1.43,431.42,0.847,0.708,-46.9,96.43,143
2026-08-03 14:15:00,Cell_0101,West,LTE,31.44,56.25,0.383,0.807,-60.9,97.99,343
2026-08-03 14:15:00,Cell_0102,North,LTE,28.78,81.33,0.859,0.376,-47.7,96.48,332
2026-08-03 14:15:00,Cell_0103,West,5G,7.84,771.42,1.014,0.761,-45.1,95.45,317
2026-08-03 14:15:00,Cell_0104,West,5G,5.82,429.56,0.576,0.952,-66.3,96.65,102
2026-08-03 14:15:00,Cell_0105,West,LTE,33.17,90.99,0.854,0.792,-45.0,99.77,147
2026-08-03 14:15:00,Cell_0106,North,LTE,35.18,84.57,0.335,0.781,-47.8,97.15,338
2026-08-03 14:15:00,Cell_0107,West,5G,9.44,467.04,1.05,0.99,-58.4,96.99,110
2026-08-03 14:15:00,Cell_0108,North,LTE,22.53,91.33,0.963,0.174,-67.4,97.81,420
2026-08-03 14:15:00,Cell_0109,South,LTE,28.2,46.06,0.994,0.908,-52.2,99.49,316
2026-08-03 14:15:00,Cell_0110,Central,5G,9.07,781.31,1.254,0.981,-46.0,99.49,258
2026-08-03 14:15:00,Cell_0111,South,5G,2.06,228.21,1.043,0.61,-63.1,97.75,484
2026-08-03 14:15:00,Cell_0112,South,5G,4.66,786.79,0.817,0.147,-51.9,95.47,331
2026-08-03 14:15:00,Cell_0113,West,LTE,21.35,52.55,0.109,0.829,-74.5,97.41,268
2026-08-03 14:15:00,Cell_0114,North,5G,8.48,894.06,1.15,0.807,-64.0,96.68,434
2026-08-03 14:15:00,Cell_0115,Central,LTE,35.3,82.18,0.598,0.149,-54.4,98.87,485
2026-08-03 14:15:00,Cell_0116,North,LTE,28.78,23.24,0.044,0.959,-58.3,96.12,53
2026-08-03 14:15:00,Cell_0117,North,LTE,25.42,68.03,1.361,0.389,-40.1,95.58,440
2026-08-03 14:15:00,Cell_0118,South,5G,2.82,173.09,0.29,0.612,-46.2,99.12,63
2026-08-03 14:15:00,Cell_0119,West,5G,3.46,127.85,0.918,0.279,-64.7,98.03,1458
2026-08-03 14:15:00,Cell_0120,South,5G,6.67,276.31,0.874,0.443,-60.6,95.72,423
2026-08-03 14:16:00,Cell_0001,North,LTE,29.13,41.61,1.344,0.441,-54.0,96.95,79
2026-08-03 14:16:00,Cell_0002,East,LTE,23.47,31.18,0.605,0.863,-51.5,97.98,226
2026-08-03 14:16:00,Cell_0003,South,LTE,33.96,4.74,0.738,0.625,-58.4,96.92,74
2026-08-03 14:16:00,Cell_0004,North,LTE,12.0,82.22,0.034,0.937,-51.4,96.31,149
2026-08-03 14:16:00,Cell_0005,Central,5G,5.08,180.27,0.199,0.931,-62.5,99.65,153
2026-08-03 14:16:00,Cell_0006,North,LTE,38.83,28.7,0.817,0.079,-74.6,99.25,134
2026-08-03 14:16:00,Cell_0007,North,LTE,12.36,33.07,0.57,0.219,-60.2,99.13,392
2026-08-03 14:16:00,Cell_0008,South,LTE,24.03,63.69,1.465,0.376,-68.3,97.24,391
2026-08-03 14:16:00,Cell_0009,Central,LTE,19.21,67.4,1.089,0.169,-54.7,95.24,492
2026-08-03 14:16:00,Cell_0010,Central,5G,5.59,975.77,0.142,0.275,-40.2,96.18,154
2026-08-03 14:16:00,Cell_0011,South,5G,8.49,458.52,0.801,0.928,-43.3,98.7,305
2026-08-03 14:16:00,Cell_0012,Central,5G,2.53,267.98,0.021,0.161,-71.8,97.46,470
2026-08-03 14:16:00,Cell_0013,North,LTE,34.82,28.19,0.29,0.519,-40.9,95.86,329
2026-08-03 14:16:00,Cell_0014,West,5G,8.47,805.96,1.03,0.438,-48.5,99.33,168
2026-08-03 14:16:00,Cell_0015,East,LTE,26.18,90.13,1.272,0.177,-51.1,96.59,64
2026-08-03 14:16:00,Cell_0016,South,5G,6.15,504.68,1.108,0.493,-50.4,97.72,375
2026-08-03 14:16:00,Cell_0017,North,LTE,30.42,99.56,0.68,0.7,-60.9,99.69,170
2026-08-03 14:16:00,Cell_0018,West,LTE,25.55,84.61,1.29,0.015,-48.2,96.88,123
2026-08-03 14:16:00,Cell_0019,East,5G,8.57,262.4,0.944,0.328,-69.4,99.96,397
2026-08-03 14:16:00,Cell_0020,Central,5G,4.29,799.56,0.809,0.447,-71.3,96.32,341
2026-08-03 14:16:00,Cell_0021,North,5G,1.66,686.17,1.406,0.073,-55.0,96.64,253
2026-08-03 14:16:00,Cell_0022,Central,LTE,32.65,96.39,0.836,0.534,-51.1,96.18,369
2026-08-03 14:16:00,Cell_0023,West,LTE,18.66,63.74,0.024,0.158,-43.8,95.19,219
2026-08-03 14:16:00,Cell_0024,Central,5G,9.56,722.61,0.345,0.842,-59.8,98.6,416
2026-08-03 14:16:00,Cell_0025,Central,5G,5.57,362.68,0.195,0.882,-63.2,98.68,312
2026-08-03 14:16:00,Cell_0026,Central,LTE,11.98,26.72,0.52,0.626,-57.2,99.81,434
2026-08-03 14:16:00,Cell_0027,North,LTE,30.86,55.31,0.535,0.179,-43.7,97.01,249
2026-08-03 14:16:00,Cell_0028,South,5G,5.85,974.9,0.28,0.934,-59.2,96.9,89
2026-08-03 14:16:00,Cell_0029,North,LTE,11.9,70.23,1.46,0.495,-56.4,96.92,126
2026-08-03 14:16:00,Cell_0030,North,5G,6.17,492.82,0.746,0.846,-45.7,95.65,314
2026-08-03 14:16:00,Cell_0031,East,5G,5.45,774.79,1.186,0.532,-51.1,95.0,379
2026-08-03 14:16:00,Cell_0032,East,LTE,28.76,39.0,0.078,0.269,-74.0,99.47,234
2026-08-03 14:16:00,Cell_0033,East,5G,4.51,754.92,0.498,0.457,-73.7,98.37,135
2026-08-03 14:16:00,Cell_0034,South,5G,5.88,800.54,0.514,0.375,-66.2,99.67,251
2026-08-03 14:16:00,Cell_0035,North,LTE,21.82,31.23,1.24,0.611,-68.5,96.23,118
2026-08-03 14:16:00,Cell_0036,Central,LTE,32.18,87.74,1.184,0.83,-67.2,99.7,329
2026-08-03 14:16:00,Cell_0037,South,5G,9.31,941.08,0.51,0.164,-72.2,98.4,217
2026-08-03 14:16:00,Cell_0038,West,5G,7.85,750.18,1.398,0.178,-41.9,96.95,344
2026-08-03 14:16:00,Cell_0039,Central,LTE,38.38,37.73,1.042,0.343,-53.7,98.43,102
2026-08-03 14:16:00,Cell_0040,East,LTE,39.74,60.36,0.84,0.391,-62.2,99.76,300
2026-08-03 14:16:00,Cell_0041,South,LTE,38.69,95.97,0.838,0.016,-63.8,97.44,398
2026-08-03 14:16:00,Cell_0042,East,5G,3.36,106.84,0.46,0.623,-44.3,99.47,472
2026-08-03 14:16:00,Cell_0043,East,LTE,37.79,29.06,0.722,0.484,-73.4,97.61,410
2026-08-03 14:16:00,Cell_0044,South,5G,3.12,814.11,0.129,0.364,-61.2,95.44,200
2026-08-03 14:16:00,Cell_0045,South,5G,3.94,394.99,0.161,0.729,-62.2,99.43,468
2026-08-03 14:16:00,Cell_0046,West,5G,7.55,955.56,0.146,0.799,-59.3,96.59,58
2026-08-03 14:16:00,Cell_0047,South,5G,3.39,861.94,1.046,0.643,-71.2,99.75,455
2026-08-03 14:16:00,Cell_0048,South,LTE,33.29,34.19,0.574,0.529,-40.1,98.48,318
2026-08-03 14:16:00,Cell_0049,Central,5G,1.54,759.25,0.197,0.478,-65.5,95.65,482
2026-08-03 14:16:00,Cell_0050,Central,5G,6.02,790.29,0.603,0.89,-42.3,97.79,464
2026-08-03 14:16:00,Cell_0051,Central,5G,4.74,959.99,1.296,0.584,-60.5,98.77,325
2026-08-03 14:16:00,Cell_0052,East,LTE,18.96,33.41,0.739,0.338,-63.2,98.7,392
2026-08-03 14:16:00,Cell_0053,South,5G,6.69,759.6,0.633,0.364,-44.7,98.94,480
2026-08-03 14:16:00,Cell_0054,North,LTE,15.33,30.31,1.437,0.91,-41.1,99.06,269
2026-08-03 14:16:00,Cell_0055,North,LTE,10.76,94.61,0.009,0.039,-69.5,96.53,377
2026-08-03 14:16:00,Cell_0056,South,5G,6.83,308.88,1.438,0.131,-44.3,99.42,473
2026-08-03 14:16:00,Cell_0057,Central,LTE,19.78,45.39,0.313,0.324,-58.2,97.61,374
2026-08-03 14:16:00,Cell_0058,West,5G,6.0,263.93,0.151,0.303,-45.2,97.62,246
2026-08-03 14:16:00,Cell_0059,Central,5G,6.58,745.06,0.216,0.963,-50.8,99.68,266
2026-08-03 14:16:00,Cell_0060,Central,5G,6.74,496.96,1.424,0.643,-69.8,95.03,237
2026-08-03 14:16:00,Cell_0061,Central,LTE,39.54,76.29,1.379,0.288,-41.8,95.35,161
2026-08-03 14:16:00,Cell_0062,North,5G,2.56,589.03,1.225,0.737,-68.3,95.31,152
2026-08-03 14:16:00,Cell_0063,East,LTE,36.36,71.61,0.94,0.624,-72.9,98.69,96
2026-08-03 14:16:00,Cell_0064,East,5G,4.74,540.58,0.306,0.553,-62.9,97.66,442
2026-08-03 14:16:00,Cell_0065,South,5G,5.67,178.38,0.684,0.787,-43.5,97.4,214
2026-08-03 14:16:00,Cell_0066,North,5G,9.76,605.84,0.398,0.136,-69.6,97.86,66
2026-08-03 14:16:00,Cell_0067,Central,LTE,28.56,60.87,1.163,0.67,-59.1,99.5,333
2026-08-03 14:16:00,Cell_0068,Central,LTE,13.07,24.25,1.304,0.718,-41.4,98.23,139
2026-08-03 14:16:00,Cell_0069,East,LTE,470.43,35.87,15.168,7.588,-103.5,98.28,145
2026-08-03 14:16:00,Cell_0070,South,5G,6.53,766.9,1.322,0.955,-49.4,99.0,386
2026-08-03 14:16:00,Cell_0071,South,LTE,12.26,44.26,0.83,0.144,-43.6,96.63,236
2026-08-03 14:16:00,Cell_0072,Central,5G,3.2,619.84,1.342,0.203,-55.5,96.54,263
2026-08-03 14:16:00,Cell_0073,West,LTE,31.74,57.04,1.115,0.493,-69.3,96.97,176
2026-08-03 14:16:00,Cell_0074,North,5G,6.14,334.93,0.381,0.811,-47.9,98.06,421
2026-08-03 14:16:00,Cell_0075,East,LTE,36.8,68.29,1.272,0.582,-74.9,97.86,275
2026-08-03 14:16:00,Cell_0076,North,LTE,11.66,4.18,1.352,0.469,-56.6,97.49,107
2026-08-03 14:16:00,Cell_0077,Central,LTE,19.81,66.37,0.837,0.915,-66.5,95.75,465
2026-08-03 14:16:00,Cell_0078,North,5G,9.75,221.24,0.546,0.729,-49.6,95.27,146
2026-08-03 14:16:00,Cell_0079,North,LTE,36.5,41.22,0.831,0.607,-42.1,99.42,315
2026-08-03 14:16:00,Cell_0080,South,5G,8.77,494.53,1.025,0.693,-49.7,99.39,391
2026-08-03 14:16:00,Cell_0081,Central,LTE,15.54,70.99,0.592,0.061,-45.7,98.75,466
2026-08-03 14:16:00,Cell_0082,East,5G,2.82,350.32,0.453,0.923,-52.4,99.07,487
2026-08-03 14:16:00,Cell_0083,South,LTE,19.62,56.82,0.52,0.872,-41.6,99.36,342
2026-08-03 14:16:00,Cell_0084,East,5G,8.81,120.56,0.224,0.577,-47.7,98.65,350
2026-08-03 14:16:00,Cell_0085,East,5G,6.98,183.23,0.298,0.277,-44.6,97.56,79
2026-08-03 14:16:00,Cell_0086,Central,5G,2.77,104.42,0.623,0.47,-67.6,97.97,97
2026-08-03 14:16:00,Cell_0087,North,LTE,13.46,51.83,0.95,0.732,-71.0,95.79,493
2026-08-03 14:16:00,Cell_0088,South,LTE,31.01,56.83,0.7,0.66,-73.1,98.03,431
2026-08-03 14:16:00,Cell_0089,East,LTE,13.48,50.61,0.157,0.913,-73.5,98.09,66
2026-08-03 14:16:00,Cell_0090,Central,LTE,31.69,72.94,1.388,0.76,-42.4,95.99,368
2026-08-03 14:16:00,Cell_0091,Central,LTE,16.42,43.49,0.289,0.38,-67.7,95.07,141
2026-08-03 14:16:00,Cell_0092,North,LTE,36.31,84.9,1.165,0.104,-48.2,96.41,101
2026-08-03 14:16:00,Cell_0093,North,LTE,10.68,64.67,0.592,0.525,-42.7,99.3,345
2026-08-03 14:16:00,Cell_0094,North,LTE,39.46,32.01,0.43,0.129,-45.6,97.96,408
2026-08-03 14:16:00,Cell_0095,East,LTE,39.84,48.0,0.571,0.791,-46.6,98.68,50
2026-08-03 14:16:00,Cell_0096,Central,LTE,16.44,73.36,0.894,0.128,-50.7,97.48,58
2026-08-03 14:16:00,Cell_0097,East,5G,3.06,508.36,0.213,0.191,-42.3,97.75,326
2026-08-03 14:16:00,Cell_0098,South,LTE,19.21,93.92,0.318,0.027,-42.0,99.44,448
2026-08-03 14:16:00,Cell_0099,Central,5G,2.27,533.67,0.081,0.123,-53.5,97.4,335
2026-08-03 14:16:00,Cell_0100,South,5G,1.54,639.16,0.092,0.719,-41.3,97.16,491
2026-08-03 14:16:00,Cell_0101,West,LTE,22.37,30.4,1.29,0.531,-41.9,95.54,213
2026-08-03 14:16:00,Cell_0102,North,LTE,35.92,86.22,1.027,0.642,-67.2,98.55,196
2026-08-03 14:16:00,Cell_0103,West,5G,4.75,42.37,0.545,0.905,-41.5,97.82,1724
2026-08-03 14:16:00,Cell_0104,West,5G,1.58,498.53,1.016,0.998,-62.0,97.13,138
2026-08-03 14:16:00,Cell_0105,West,LTE,17.54,87.33,0.205,0.81,-58.8,95.01,72
2026-08-03 14:16:00,Cell_0106,North,LTE,33.07,83.78,0.771,0.039,-74.1,99.56,455
2026-08-03 14:16:00,Cell_0107,West,5G,3.07,504.39,0.414,0.943,-57.9,97.12,71
2026-08-03 14:16:00,Cell_0108,North,LTE,25.51,84.99,1.005,0.448,-69.8,95.15,418
2026-08-03 14:16:00,Cell_0109,South,LTE,20.28,24.86,0.127,0.508,-60.7,95.51,77
2026-08-03 14:16:00,Cell_0110,Central,5G,3.06,171.74,0.072,0.87,-62.4,97.65,191
2026-08-03 14:16:00,Cell_0111,South,5G,2.8,460.56,0.171,0.197,-74.4,97.18,228
2026-08-03 14:16:00,Cell_0112,South,5G,5.75,419.8,0.639,0.429,-66.1,95.15,111
2026-08-03 14:16:00,Cell_0113,West,LTE,20.01,99.98,1.205,0.777,-53.8,95.78,464
2026-08-03 14:16:00,Cell_0114,North,5G,4.96,328.8,0.656,0.394,-46.2,95.39,349
2026-08-03 14:16:00,Cell_0115,Central,LTE,17.22,31.06,1.281,4.202,-73.0,96.33,262
2026-08-03 14:16:00,Cell_0116,North,LTE,28.81,21.99,0.102,0.116,-59.4,97.43,289
2026-08-03 14:16:00,Cell_0117,North,LTE,17.57,21.57,0.983,0.586,-56.0,99.71,84
2026-08-03 14:16:00,Cell_0118,South,5G,6.07,729.94,1.061,0.696,-54.9,96.58,391
2026-08-03 14:16:00,Cell_0119,West,5G,1.59,806.01,0.063,0.611,-57.4,99.04,202
2026-08-03 14:16:00,Cell_0120,South,5G,6.38,547.22,1.369,0.783,-56.5,97.46,164
2026-08-03 14:17:00,Cell_0001,North,LTE,15.96,67.23,1.028,0.814,-61.6,97.78,199
2026-08-03 14:17:00,Cell_0002,East,LTE,37.24,96.44,0.223,0.485,-41.7,97.43,342
2026-08-03 14:17:00,Cell_0003,South,LTE,17.0,33.94,0.483,0.183,-49.2,99.84,392
2026-08-03 14:17:00,Cell_0004,North,LTE,18.67,65.48,0.171,0.611,-46.8,95.33,471
2026-08-03 14:17:00,Cell_0005,Central,5G,2.49,487.71,1.482,0.66,-74.1,97.34,313
2026-08-03 14:17:00,Cell_0006,North,LTE,37.12,87.54,0.159,0.411,-45.6,98.3,387
2026-08-03 14:17:00,Cell_0007,North,LTE,131.75,70.22,0.143,0.931,-42.2,99.72,459
2026-08-03 14:17:00,Cell_0008,South,LTE,32.53,65.72,0.893,0.885,-47.7,97.24,125
2026-08-03 14:17:00,Cell_0009,Central,LTE,12.51,55.56,0.034,0.836,-57.4,97.94,198
2026-08-03 14:17:00,Cell_0010,Central,5G,5.57,833.79,1.277,0.971,-42.5,99.47,205
2026-08-03 14:17:00,Cell_0011,South,5G,2.45,208.22,1.42,0.883,-56.7,98.69,169
2026-08-03 14:17:00,Cell_0012,Central,5G,4.96,556.16,0.657,0.012,-69.0,99.06,182
2026-08-03 14:17:00,Cell_0013,North,LTE,22.56,45.62,1.0,0.829,-68.7,95.94,338
2026-08-03 14:17:00,Cell_0014,West,5G,6.36,182.35,0.972,0.084,-69.5,99.45,395
2026-08-03 14:17:00,Cell_0015,East,LTE,18.11,33.23,1.006,0.56,-57.3,97.32,435
2026-08-03 14:17:00,Cell_0016,South,5G,9.49,703.25,1.272,0.665,-73.2,95.22,231
2026-08-03 14:17:00,Cell_0017,North,LTE,13.54,92.38,0.133,0.581,-71.1,97.14,303
2026-08-03 14:17:00,Cell_0018,West,LTE,29.27,34.16,0.426,0.894,-50.8,97.79,220
2026-08-03 14:17:00,Cell_0019,East,5G,4.19,801.13,0.69,0.798,-46.8,98.35,253
2026-08-03 14:17:00,Cell_0020,Central,5G,6.76,896.29,1.389,0.702,-65.1,98.05,246
2026-08-03 14:17:00,Cell_0021,North,5G,7.48,942.0,0.644,0.266,-57.1,95.76,277
2026-08-03 14:17:00,Cell_0022,Central,LTE,75.78,7.44,0.214,0.981,-62.6,98.8,1632
2026-08-03 14:17:00,Cell_0023,West,LTE,39.03,96.81,1.168,0.266,-109.2,70.9,166
2026-08-03 14:17:00,Cell_0024,Central,5G,4.56,236.2,1.481,0.527,-53.9,95.34,61
2026-08-03 14:17:00,Cell_0025,Central,5G,1.57,369.91,0.322,0.83,-54.5,98.78,421
2026-08-03 14:17:00,Cell_0026,Central,LTE,29.84,98.97,0.96,0.163,-46.3,96.02,258
2026-08-03 14:17:00,Cell_0027,North,LTE,16.4,77.58,1.342,0.342,-40.7,95.22,180
2026-08-03 14:17:00,Cell_0028,South,5G,5.6,460.55,1.17,0.7,-43.1,96.8,192
2026-08-03 14:17:00,Cell_0029,North,LTE,24.87,40.97,0.924,0.429,-52.2,99.37,406
2026-08-03 14:17:00,Cell_0030,North,5G,1.25,610.5,0.603,0.063,-48.6,97.42,432
2026-08-03 14:17:00,Cell_0031,East,5G,25.94,174.16,0.892,0.573,-55.9,95.21,805
2026-08-03 14:17:00,Cell_0032,East,LTE,12.91,26.37,0.406,0.517,-40.2,98.94,479
2026-08-03 14:17:00,Cell_0033,East,5G,2.66,455.07,0.565,0.265,-60.2,98.32,366
2026-08-03 14:17:00,Cell_0034,South,5G,3.24,977.73,0.594,0.619,-59.6,99.65,245
2026-08-03 14:17:00,Cell_0035,North,LTE,30.66,89.34,0.491,0.588,-40.7,99.02,75
2026-08-03 14:17:00,Cell_0036,Central,LTE,28.41,77.79,1.019,0.059,-50.9,97.39,234
2026-08-03 14:17:00,Cell_0037,South,5G,9.36,900.24,0.067,0.113,-58.4,97.11,422
2026-08-03 14:17:00,Cell_0038,West,5G,19.53,159.9,1.157,0.808,-67.8,96.57,1057
2026-08-03 14:17:00,Cell_0039,Central,LTE,27.98,50.32,0.012,0.025,-52.0,97.86,463
2026-08-03 14:17:00,Cell_0040,East,LTE,25.91,66.43,0.268,0.293,-61.8,96.88,492
2026-08-03 14:17:00,Cell_0041,South,LTE,37.09,88.93,0.92,0.431,-60.6,96.63,273
2026-08-03 14:17:00,Cell_0042,East,5G,1.13,811.45,0.466,0.424,-62.3,98.78,224
2026-08-03 14:17:00,Cell_0043,East,LTE,10.88,56.05,1.429,0.768,-41.2,95.96,309
2026-08-03 14:17:00,Cell_0044,South,5G,1.26,217.77,1.286,0.37,-47.0,99.38,451
2026-08-03 14:17:00,Cell_0045,South,5G,6.7,793.38,0.505,0.289,-71.2,98.16,359
2026-08-03 14:17:00,Cell_0046,West,5G,3.06,148.33,1.042,0.675,-69.4,95.93,139
2026-08-03 14:17:00,Cell_0047,South,5G,2.63,785.83,0.678,0.964,-58.3,98.28,209
2026-08-03 14:17:00,Cell_0048,South,LTE,32.91,69.06,0.585,0.104,-68.8,98.55,101
2026-08-03 14:17:00,Cell_0049,Central,5G,9.2,866.61,1.223,0.251,-47.1,98.2,80
2026-08-03 14:17:00,Cell_0050,Central,5G,9.14,583.17,0.163,0.589,-107.4,81.87,303
2026-08-03 14:17:00,Cell_0051,Central,5G,6.36,947.59,0.666,0.786,-74.5,99.01,278
2026-08-03 14:17:00,Cell_0052,East,LTE,31.55,83.4,1.279,0.639,-60.1,95.74,106
2026-08-03 14:17:00,Cell_0053,South,5G,1.48,575.89,0.343,0.76,-58.2,96.14,227
2026-08-03 14:17:00,Cell_0054,North,LTE,31.88,89.31,0.798,0.461,-62.7,99.1,136
2026-08-03 14:17:00,Cell_0055,North,LTE,17.94,61.12,0.465,0.123,-55.5,98.76,307
2026-08-03 14:17:00,Cell_0056,South,5G,3.28,817.22,1.47,0.268,-73.9,99.72,180
2026-08-03 14:17:00,Cell_0057,Central,LTE,21.02,72.18,0.508,0.146,-68.1,99.4,107
2026-08-03 14:17:00,Cell_0058,West,5G,2.74,941.19,1.477,0.285,-56.2,98.83,424
2026-08-03 14:17:00,Cell_0059,Central,5G,7.14,658.71,1.223,0.085,-59.7,98.87,441
2026-08-03 14:17:00,Cell_0060,Central,5G,6.98,680.56,1.018,0.166,-69.1,95.96,476
2026-08-03 14:17:00,Cell_0061,Central,LTE,21.39,33.58,0.109,0.475,-50.0,98.28,81
2026-08-03 14:17:00,Cell_0062,North,5G,1.61,805.63,1.443,0.827,-66.1,98.57,149
2026-08-03 14:17:00,Cell_0063,East,LTE,28.27,2.98,0.344,0.719,-57.4,95.72,369
2026-08-03 14:17:00,Cell_0064,East,5G,3.75,132.19,1.381,0.7,-52.8,95.52,85
2026-08-03 14:17:00,Cell_0065,South,5G,4.57,526.75,0.43,0.905,-45.5,96.73,138
2026-08-03 14:17:00,Cell_0066,North,5G,3.29,703.02,0.539,0.262,-73.1,97.66,469
2026-08-03 14:17:00,Cell_0067,Central,LTE,20.85,25.28,0.904,0.217,-50.3,97.76,57
2026-08-03 14:17:00,Cell_0068,Central,LTE,29.53,92.83,1.089,0.32,-52.5,95.62,324
2026-08-03 14:17:00,Cell_0069,East,LTE,25.07,72.89,1.311,0.735,-46.9,97.84,267
2026-08-03 14:17:00,Cell_0070,South,5G,5.75,798.77,1.327,0.764,-54.0,96.53,211
2026-08-03 14:17:00,Cell_0071,South,LTE,31.09,87.0,0.157,0.84,-51.2,96.27,169
2026-08-03 14:17:00,Cell_0072,Central,5G,1.81,36.66,0.897,0.748,-61.7,96.26,187
2026-08-03 14:17:00,Cell_0073,West,LTE,29.46,67.39,0.244,0.235,-55.1,95.52,107
2026-08-03 14:17:00,Cell_0074,North,5G,6.94,549.97,0.588,0.817,-42.0,97.83,138
2026-08-03 14:17:00,Cell_0075,East,LTE,25.44,23.95,0.867,0.924,-69.1,95.61,467
2026-08-03 14:17:00,Cell_0076,North,LTE,15.55,34.06,0.003,0.063,-56.7,97.31,244
2026-08-03 14:17:00,Cell_0077,Central,LTE,37.3,60.63,0.947,0.671,-55.5,99.01,296
2026-08-03 14:17:00,Cell_0078,North,5G,2.1,592.97,1.227,0.189,-61.6,95.46,81
2026-08-03 14:17:00,Cell_0079,North,LTE,17.06,64.24,1.393,0.65,-52.6,95.43,311
2026-08-03 14:17:00,Cell_0080,South,5G,8.08,348.73,1.175,0.766,-55.7,95.69,211
2026-08-03 14:17:00,Cell_0081,Central,LTE,35.99,67.1,1.248,0.79,-73.8,95.99,445
2026-08-03 14:17:00,Cell_0082,East,5G,5.11,776.44,1.374,0.004,-46.4,96.39,218
2026-08-03 14:17:00,Cell_0083,South,LTE,27.65,55.0,0.112,0.02,-50.9,97.18,392
2026-08-03 14:17:00,Cell_0084,East,5G,3.42,166.44,1.357,0.393,-62.0,99.34,412
2026-08-03 14:17:00,Cell_0085,East,5G,8.57,993.81,0.337,0.282,-46.7,97.71,101
2026-08-03 14:17:00,Cell_0086,Central,5G,8.36,924.68,0.403,0.619,-73.5,98.08,238
2026-08-03 14:17:00,Cell_0087,North,LTE,32.81,54.39,0.822,0.294,-70.1,97.67,340
2026-08-03 14:17:00,Cell_0088,South,LTE,22.16,51.07,0.689,0.015,-66.8,97.17,334
2026-08-03 14:17:00,Cell_0089,East,LTE,29.06,29.47,0.794,0.682,-52.6,98.91,87
2026-08-03 14:17:00,Cell_0090,Central,LTE,21.13,67.31,0.271,0.454,-72.3,97.27,243
2026-08-03 14:17:00,Cell_0091,Central,LTE,27.84,30.12,1.415,13.191,-44.2,98.82,233
2026-08-03 14:17:00,Cell_0092,North,LTE,27.32,86.48,0.28,0.015,-40.8,97.77,52
2026-08-03 14:17:00,Cell_0093,North,LTE,39.41,65.73,1.402,0.941,-47.6,96.81,311
2026-08-03 14:17:00,Cell_0094,North,LTE,38.72,56.85,0.685,0.706,-51.5,95.69,201
2026-08-03 14:17:00,Cell_0095,East,LTE,15.55,25.97,0.813,0.797,-52.4,95.72,97
2026-08-03 14:17:00,Cell_0096,Central,LTE,27.77,95.2,0.654,0.177,-70.1,99.72,221
2026-08-03 14:17:00,Cell_0097,East,5G,1.67,148.06,1.061,0.996,-44.1,98.61,237
2026-08-03 14:17:00,Cell_0098,South,LTE,13.96,85.86,0.52,0.294,-58.0,99.18,213
2026-08-03 14:17:00,Cell_0099,Central,5G,5.55,102.6,0.867,0.126,-44.6,97.48,50
2026-08-03 14:17:00,Cell_0100,South,5G,1.16,760.89,0.095,0.399,-42.6,99.49,259
2026-08-03 14:17:00,Cell_0101,West,LTE,11.59,33.73,1.241,0.278,-44.7,99.96,307
2026-08-03 14:17:00,Cell_0102,North,LTE,26.8,46.25,1.082,0.788,-74.8,95.44,316
2026-08-03 14:17:00,Cell_0103,West,5G,9.21,565.04,0.241,0.262,-59.2,95.45,264
2026-08-03 14:17:00,Cell_0104,West,5G,9.47,588.02,23.859,0.772,-74.8,95.33,452
2026-08-03 14:17:00,Cell_0105,West,LTE,32.59,24.72,0.174,0.372,-75.0,95.89,287
2026-08-03 14:17:00,Cell_0106,North,LTE,13.28,85.3,0.129,0.186,-72.2,99.4,430
2026-08-03 14:17:00,Cell_0107,West,5G,9.52,875.98,0.661,0.821,-70.2,95.22,286
2026-08-03 14:17:00,Cell_0108,North,LTE,273.0,45.11,0.022,0.957,-66.0,98.5,384
2026-08-03 14:17:00,Cell_0109,South,LTE,19.37,76.91,1.049,0.227,-52.4,98.99,317
2026-08-03 14:17:00,Cell_0110,Central,5G,6.34,615.78,1.298,0.412,-70.4,96.29,291
2026-08-03 14:17:00,Cell_0111,South,5G,4.72,759.43,1.439,0.793,-57.0,95.71,292
2026-08-03 14:17:00,Cell_0112,South,5G,3.8,584.58,0.32,0.771,-47.9,95.18,220
2026-08-03 14:17:00,Cell_0113,West,LTE,20.55,7.78,0.916,0.222,-68.6,97.34,201
2026-08-03 14:17:00,Cell_0114,North,5G,7.56,494.07,0.786,0.881,-66.5,99.36,127
2026-08-03 14:17:00,Cell_0115,Central,LTE,11.81,88.96,1.469,0.435,-48.9,97.24,351
2026-08-03 14:17:00,Cell_0116,North,LTE,39.69,99.72,1.336,0.931,-57.4,97.74,140
2026-08-03 14:17:00,Cell_0117,North,LTE,16.84,93.69,1.197,0.631,-45.3,97.03,120
2026-08-03 14:17:00,Cell_0118,South,5G,3.98,147.77,1.224,0.927,-50.3,96.97,279
2026-08-03 14:17:00,Cell_0119,West,5G,4.17,427.8,0.596,0.206,-68.6,99.12,354
2026-08-03 14:17:00,Cell_0120,South,5G,44.02,118.5,0.487,0.043,-53.0,96.55,1008
2026-08-03 14:18:00,Cell_0001,North,LTE,13.0,82.31,1.412,0.095,-40.5,95.1,218
2026-08-03 14:18:00,Cell_0002,East,LTE,31.12,55.61,0.584,0.687,-68.8,98.17,257
2026-08-03 14:18:00,Cell_0003,South,LTE,21.13,38.7,1.226,0.932,-50.5,95.42,140
2026-08-03 14:18:00,Cell_0004,North,LTE,36.79,73.35,0.273,0.901,-47.5,99.5,232
2026-08-03 14:18:00,Cell_0005,Central,5G,1.54,242.12,0.627,0.812,-42.8,95.39,106
2026-08-03 14:18:00,Cell_0006,North,LTE,35.88,94.44,1.36,0.347,-47.1,98.43,351
2026-08-03 14:18:00,Cell_0007,North,LTE,29.01,69.41,0.048,0.283,-41.5,97.46,441
2026-08-03 14:18:00,Cell_0008,South,LTE,15.74,30.33,0.892,0.05,-62.6,98.72,395
2026-08-03 14:18:00,Cell_0009,Central,LTE,10.84,38.45,1.126,0.066,-74.7,96.96,396
2026-08-03 14:18:00,Cell_0010,Central,5G,9.73,795.58,0.018,0.69,-54.7,95.02,228
2026-08-03 14:18:00,Cell_0011,South,5G,1.28,293.06,0.068,0.612,-41.0,96.42,86
2026-08-03 14:18:00,Cell_0012,Central,5G,6.64,918.87,1.433,0.99,-63.2,98.08,139
2026-08-03 14:18:00,Cell_0013,North,LTE,20.78,80.8,0.365,0.374,-55.2,95.73,235
2026-08-03 14:18:00,Cell_0014,West,5G,1.3,466.8,0.73,0.941,-74.5,95.1,342
2026-08-03 14:18:00,Cell_0015,East,LTE,37.42,85.94,0.088,0.547,-49.9,97.39,72
2026-08-03 14:18:00,Cell_0016,South,5G,9.06,996.5,0.751,0.694,-70.6,99.45,161
2026-08-03 14:18:00,Cell_0017,North,LTE,27.11,43.12,0.872,0.963,-61.9,96.13,51
2026-08-03 14:18:00,Cell_0018,West,LTE,23.75,80.7,1.27,0.334,-74.7,95.8,228
2026-08-03 14:18:00,Cell_0019,East,5G,1.66,291.26,0.569,0.255,-43.5,95.92,104
2026-08-03 14:18:00,Cell_0020,Central,5G,3.29,623.9,0.942,0.661,-55.0,98.9,162
2026-08-03 14:18:00,Cell_0021,North,5G,3.77,870.41,0.105,0.737,-73.9,95.2,265
2026-08-03 14:18:00,Cell_0022,Central,LTE,11.39,39.54,0.956,0.959,-55.5,97.07,179
2026-08-03 14:18:00,Cell_0023,West,LTE,14.54,92.23,0.133,0.393,-67.3,95.68,53
2026-08-03 14:18:00,Cell_0024,Central,5G,7.11,961.92,1.385,0.457,-48.6,99.98,334
2026-08-03 14:18:00,Cell_0025,Central,5G,5.89,390.95,0.848,0.186,-69.0,98.68,444
2026-08-03 14:18:00,Cell_0026,Central,LTE,15.02,23.71,1.43,0.24,-51.5,99.41,458
2026-08-03 14:18:00,Cell_0027,North,LTE,61.76,13.22,0.531,0.187,-66.0,99.92,1058
2026-08-03 14:18:00,Cell_0028,South,5G,4.1,245.89,1.071,0.551,-68.7,97.16,136
2026-08-03 14:18:00,Cell_0029,North,LTE,33.86,78.04,0.256,0.353,-43.1,98.93,317
2026-08-03 14:18:00,Cell_0030,North,5G,5.4,103.85,0.549,0.094,-71.3,95.56,273
2026-08-03 14:18:00,Cell_0031,East,5G,4.34,595.21,0.122,0.589,-64.0,98.75,403
2026-08-03 14:18:00,Cell_0032,East,LTE,15.02,75.26,0.573,0.517,-50.2,98.75,445
2026-08-03 14:18:00,Cell_0033,East,5G,3.13,581.48,1.212,0.604,-67.4,97.74,242
2026-08-03 14:18:00,Cell_0034,South,5G,2.39,917.75,0.719,0.172,-57.2,96.66,209
2026-08-03 14:18:00,Cell_0035,North,LTE,29.72,99.63,0.207,0.722,-58.3,95.01,140
2026-08-03 14:18:00,Cell_0036,Central,LTE,28.45,62.93,0.938,0.839,-67.0,98.31,129
2026-08-03 14:18:00,Cell_0037,South,5G,1.8,350.87,1.481,0.655,-95.0,61.65,490
2026-08-03 14:18:00,Cell_0038,West,5G,9.61,619.55,1.066,0.701,-51.4,98.68,426
2026-08-03 14:18:00,Cell_0039,Central,LTE,11.08,5.88,0.076,0.937,-50.6,96.1,117
2026-08-03 14:18:00,Cell_0040,East,LTE,35.51,30.18,1.314,0.244,-49.9,95.21,447
2026-08-03 14:18:00,Cell_0041,South,LTE,25.1,53.43,1.33,0.407,-61.1,95.01,472
2026-08-03 14:18:00,Cell_0042,East,5G,103.33,635.38,1.402,0.44,-58.9,96.99,349
2026-08-03 14:18:00,Cell_0043,East,LTE,33.04,74.7,0.978,0.991,-71.9,98.41,466
2026-08-03 14:18:00,Cell_0044,South,5G,7.68,522.71,0.567,0.608,-44.9,95.8,433
2026-08-03 14:18:00,Cell_0045,South,5G,2.96,949.7,0.044,0.248,-41.2,97.71,191
2026-08-03 14:18:00,Cell_0046,West,5G,90.13,245.98,0.851,0.801,-67.9,95.59,299
2026-08-03 14:18:00,Cell_0047,South,5G,6.01,431.72,1.262,0.841,-43.2,97.3,435
2026-08-03 14:18:00,Cell_0048,South,LTE,11.22,38.71,0.591,0.153,-55.0,99.02,235
2026-08-03 14:18:00,Cell_0049,Central,5G,3.73,358.25,1.145,0.255,-52.0,97.2,270
2026-08-03 14:18:00,Cell_0050,Central,5G,2.77,375.55,1.155,0.717,-55.1,96.72,204
2026-08-03 14:18:00,Cell_0051,Central,5G,4.39,508.25,0.194,0.169,-70.3,99.41,110
2026-08-03 14:18:00,Cell_0052,East,LTE,39.06,40.46,1.179,0.665,-42.8,98.69,385
2026-08-03 14:18:00,Cell_0053,South,5G,3.89,706.16,0.152,0.515,-57.0,99.43,70
2026-08-03 14:18:00,Cell_0054,North,LTE,24.79,98.91,1.426,0.618,-49.1,99.65,125
2026-08-03 14:18:00,Cell_0055,North,LTE,31.73,92.6,1.067,0.658,-55.0,96.9,162
2026-08-03 14:18:00,Cell_0056,South,5G,4.05,315.48,0.201,0.966,-40.4,99.74,145
2026-08-03 14:18:00,Cell_0057,Central,LTE,30.0,49.17,0.354,0.246,-41.8,99.75,67
2026-08-03 14:18:00,Cell_0058,West,5G,3.17,170.82,1.252,0.848,-56.5,97.03,241
2026-08-03 14:18:00,Cell_0059,Central,5G,3.4,877.21,1.168,0.39,-50.9,98.38,305
2026-08-03 14:18:00,Cell_0060,Central,5G,5.08,628.14,1.342,0.797,-65.6,98.86,375
2026-08-03 14:18:00,Cell_0061,Central,LTE,15.98,97.36,0.655,0.564,-40.3,96.35,247
2026-08-03 14:18:00,Cell_0062,North,5G,6.35,552.51,1.443,0.064,-67.7,96.4,90
2026-08-03 14:18:00,Cell_0063,East,LTE,18.57,21.77,1.047,0.008,-63.4,99.19,366
2026-08-03 14:18:00,Cell_0064,East,5G,3.76,178.78,0.513,0.76,-54.1,96.62,240
2026-08-03 14:18:00,Cell_0065,South,5G,4.57,859.82,0.273,0.853,-66.6,97.27,191
2026-08-03 14:18:00,Cell_0066,North,5G,4.31,745.66,1.481,0.266,-61.5,99.67,196
2026-08-03 14:18:00,Cell_0067,Central,LTE,146.54,41.18,25.089,18.292,-110.7,95.79,262
2026-08-03 14:18:00,Cell_0068,Central,LTE,23.58,53.01,0.987,0.458,-71.4,99.54,59
2026-08-03 14:18:00,Cell_0069,East,LTE,161.04,78.47,0.744,0.531,-62.5,95.84,111
2026-08-03 14:18:00,Cell_0070,South,5G,1.83,939.28,0.421,0.156,-62.3,99.85,193
2026-08-03 14:18:00,Cell_0071,South,LTE,15.29,91.13,0.758,0.461,-65.7,98.4,397
2026-08-03 14:18:00,Cell_0072,Central,5G,2.01,274.6,1.447,0.87,-42.3,98.38,404
2026-08-03 14:18:00,Cell_0073,West,LTE,33.9,90.02,1.231,0.223,-59.4,97.26,345
2026-08-03 14:18:00,Cell_0074,North,5G,7.14,466.06,0.292,0.003,-65.2,95.31,473
2026-08-03 14:18:00,Cell_0075,East,LTE,32.9,76.02,17.982,0.814,-42.4,95.31,238
2026-08-03 14:18:00,Cell_0076,North,LTE,11.37,22.03,0.228,0.856,-68.8,95.64,208
2026-08-03 14:18:00,Cell_0077,Central,LTE,23.89,87.73,0.292,0.425,-53.9,96.13,343
2026-08-03 14:18:00,Cell_0078,North,5G,2.11,926.63,1.145,0.529,-53.0,95.43,134
2026-08-03 14:18:00,Cell_0079,North,LTE,15.95,35.85,0.934,0.351,-69.6,98.88,140
2026-08-03 14:18:00,Cell_0080,South,5G,1.24,680.39,0.863,0.631,-58.0,96.23,115
2026-08-03 14:18:00,Cell_0081,Central,LTE,38.99,48.18,1.34,0.659,-67.5,96.17,136
2026-08-03 14:18:00,Cell_0082,East,5G,7.24,833.21,0.34,0.616,-43.7,98.02,139
2026-08-03 14:18:00,Cell_0083,South,LTE,20.91,2.2,1.04,0.894,-45.9,98.91,165
2026-08-03 14:18:00,Cell_0084,East,5G,5.57,974.79,0.704,0.092,-73.3,99.88,73
2026-08-03 14:18:00,Cell_0085,East,5G,4.5,548.05,1.439,0.764,-46.8,99.15,152
2026-08-03 14:18:00,Cell_0086,Central,5G,1.89,542.25,0.234,0.1,-52.4,99.76,333
2026-08-03 14:18:00,Cell_0087,North,LTE,38.88,74.22,0.948,0.183,-71.9,99.3,391
2026-08-03 14:18:00,Cell_0088,South,LTE,28.91,93.84,1.143,0.534,-66.0,97.01,152
2026-08-03 14:18:00,Cell_0089,East,LTE,32.61,30.48,0.315,0.97,-67.4,98.45,128
2026-08-03 14:18:00,Cell_0090,Central,LTE,14.84,76.97,0.025,0.106,-53.7,96.27,128
2026-08-03 14:18:00,Cell_0091,Central,LTE,39.71,88.65,0.849,0.717,-51.7,98.43,490
2026-08-03 14:18:00,Cell_0092,North,LTE,32.03,48.3,0.086,0.183,-43.9,99.96,222
2026-08-03 14:18:00,Cell_0093,North,LTE,29.68,92.02,0.363,0.897,-47.3,97.39,458
2026-08-03 14:18:00,Cell_0094,North,LTE,35.65,29.18,0.083,0.397,-47.2,96.38,473
2026-08-03 14:18:00,Cell_0095,East,LTE,24.57,45.22,1.285,0.95,-48.0,98.27,215
2026-08-03 14:18:00,Cell_0096,Central,LTE,36.65,25.74,1.162,0.175,-51.9,97.54,196
2026-08-03 14:18:00,Cell_0097,East,5G,3.06,845.35,0.71,0.365,-72.8,98.65,454
2026-08-03 14:18:00,Cell_0098,South,LTE,20.85,40.11,0.109,0.174,-53.1,95.34,94
2026-08-03 14:18:00,Cell_0099,Central,5G,7.48,164.82,0.849,0.918,-63.0,97.14,58
2026-08-03 14:18:00,Cell_0100,South,5G,7.03,618.61,0.564,0.985,-54.3,97.25,304
2026-08-03 14:18:00,Cell_0101,West,LTE,15.55,58.17,0.001,0.137,-66.1,97.17,131
2026-08-03 14:18:00,Cell_0102,North,LTE,12.13,89.35,0.744,0.136,-51.8,95.75,87
2026-08-03 14:18:00,Cell_0103,West,5G,6.14,776.71,0.645,0.947,-60.9,97.66,381
2026-08-03 14:18:00,Cell_0104,West,5G,1.33,959.4,0.712,0.074,-60.1,99.47,168
2026-08-03 14:18:00,Cell_0105,West,LTE,137.26,21.26,0.198,0.652,-51.4,95.14,1981
2026-08-03 14:18:00,Cell_0106,North,LTE,26.34,48.19,1.261,0.936,-42.1,98.42,407
2026-08-03 14:18:00,Cell_0107,West,5G,2.83,642.36,0.945,0.382,-64.2,95.15,312
2026-08-03 14:18:00,Cell_0108,North,LTE,33.57,70.95,0.273,0.125,-73.4,95.61,85
2026-08-03 14:18:00,Cell_0109,South,LTE,10.71,47.93,1.211,0.272,-65.1,98.2,459
2026-08-03 14:18:00,Cell_0110,Central,5G,5.32,739.87,0.002,0.421,-55.4,96.98,208
2026-08-03 14:18:00,Cell_0111,South,5G,7.86,546.77,0.447,0.448,-59.2,96.55,95
2026-08-03 14:18:00,Cell_0112,South,5G,2.81,901.47,0.64,0.991,-66.0,96.65,61
2026-08-03 14:18:00,Cell_0113,West,LTE,20.59,75.92,0.705,0.038,-49.1,99.88,339
2026-08-03 14:18:00,Cell_0114,North,5G,2.68,517.96,0.119,0.883,-55.2,96.79,341
2026-08-03 14:18:00,Cell_0115,Central,LTE,16.68,36.47,1.042,0.594,-49.8,95.9,229
2026-08-03 14:18:00,Cell_0116,North,LTE,25.87,57.01,1.012,0.427,-66.8,95.39,210
2026-08-03 14:18:00,Cell_0117,North,LTE,37.48,69.66,0.839,0.57,-63.3,96.97,194
2026-08-03 14:18:00,Cell_0118,South,5G,4.91,368.68,0.496,0.262,-43.5,99.62,431
2026-08-03 14:18:00,Cell_0119,West,5G,7.38,807.01,1.188,0.305,-70.8,97.85,358
2026-08-03 14:18:00,Cell_0120,South,5G,7.78,318.21,1.059,0.858,-65.3,97.25,165
2026-08-03 14:19:00,Cell_0001,North,LTE,18.09,52.79,0.026,0.759,-45.7,98.5,137
2026-08-03 14:19:00,Cell_0002,East,LTE,11.43,46.26,0.63,0.605,-58.3,99.68,344
2026-08-03 14:19:00,Cell_0003,South,LTE,26.0,81.64,0.784,0.858,-65.6,96.25,103
2026-08-03 14:19:00,Cell_0004,North,LTE,39.93,80.82,0.668,0.061,-68.9,99.3,439
2026-08-03 14:19:00,Cell_0005,Central,5G,3.94,909.31,14.452,0.193,-52.9,98.92,239
2026-08-03 14:19:00,Cell_0006,North,LTE,35.77,30.05,0.367,0.043,-65.3,97.16,205
2026-08-03 14:19:00,Cell_0007,North,LTE,11.92,77.88,0.335,0.055,-74.0,99.49,497
2026-08-03 14:19:00,Cell_0008,South,LTE,14.09,29.18,1.101,0.461,-45.0,99.32,320
2026-08-03 14:19:00,Cell_0009,Central,LTE,21.75,46.46,0.506,0.678,-58.5,95.01,270
2026-08-03 14:19:00,Cell_0010,Central,5G,1.71,616.3,0.328,0.069,-50.3,97.76,146
2026-08-03 14:19:00,Cell_0011,South,5G,3.95,449.1,0.127,0.223,-56.0,96.85,154
2026-08-03 14:19:00,Cell_0012,Central,5G,2.65,845.93,0.236,0.671,-70.2,99.29,149
2026-08-03 14:19:00,Cell_0013,North,LTE,18.78,41.21,0.312,0.108,-64.5,98.32,415
2026-08-03 14:19:00,Cell_0014,West,5G,5.54,723.83,1.201,0.396,-46.2,99.16,66
2026-08-03 14:19:00,Cell_0015,East,LTE,37.05,95.96,0.471,0.708,-70.1,99.3,245
2026-08-03 14:19:00,Cell_0016,South,5G,9.63,237.69,1.207,0.09,-51.8,97.44,196
2026-08-03 14:19:00,Cell_0017,North,LTE,433.89,99.48,28.839,7.451,-98.7,96.14,456
2026-08-03 14:19:00,Cell_0018,West,LTE,18.41,51.27,0.272,0.752,-49.5,98.77,438
2026-08-03 14:19:00,Cell_0019,East,5G,2.81,568.28,0.23,0.793,-74.7,95.08,219
2026-08-03 14:19:00,Cell_0020,Central,5G,9.92,293.97,1.317,0.23,-67.3,96.27,289
2026-08-03 14:19:00,Cell_0021,North,5G,7.61,210.57,1.351,0.783,-62.2,99.08,274
2026-08-03 14:19:00,Cell_0022,Central,LTE,14.26,58.27,0.915,0.751,-64.0,99.49,79
2026-08-03 14:19:00,Cell_0023,West,LTE,29.25,36.85,0.117,0.904,-43.1,98.67,334
2026-08-03 14:19:00,Cell_0024,Central,5G,8.34,253.56,0.044,0.271,-42.9,98.96,73
2026-08-03 14:19:00,Cell_0025,Central,5G,3.66,161.29,1.458,0.582,-49.1,100.0,444
2026-08-03 14:19:00,Cell_0026,Central,LTE,23.63,33.04,0.245,12.772,-64.8,99.41,79
2026-08-03 14:19:00,Cell_0027,North,LTE,37.49,40.72,1.325,0.463,-47.8,95.51,293
2026-08-03 14:19:00,Cell_0028,South,5G,7.22,389.0,0.391,0.106,-47.5,98.0,491
2026-08-03 14:19:00,Cell_0029,North,LTE,17.91,50.91,0.96,0.227,-44.5,97.2,453
2026-08-03 14:19:00,Cell_0030,North,5G,6.66,405.53,1.308,0.064,-69.6,97.99,460
2026-08-03 14:19:00,Cell_0031,East,5G,8.04,408.92,0.591,0.534,-50.1,99.57,421
2026-08-03 14:19:00,Cell_0032,East,LTE,38.41,58.84,0.941,0.451,-48.1,95.38,145
2026-08-03 14:19:00,Cell_0033,East,5G,1.76,981.39,0.179,0.458,-57.0,96.18,227
2026-08-03 14:19:00,Cell_0034,South,5G,5.98,826.61,1.114,0.05,-42.9,99.88,87
2026-08-03 14:19:00,Cell_0035,North,LTE,11.48,85.95,0.437,0.036,-53.0,96.13,127
2026-08-03 14:19:00,Cell_0036,Central,LTE,27.63,69.55,0.378,0.355,-54.1,98.68,441
2026-08-03 14:19:00,Cell_0037,South,5G,1.92,257.95,1.358,0.945,-48.8,96.25,335
2026-08-03 14:19:00,Cell_0038,West,5G,2.47,424.64,0.434,0.144,-61.9,96.88,214
2026-08-03 14:19:00,Cell_0039,Central,LTE,17.82,90.33,0.574,0.958,-43.2,98.7,50
2026-08-03 14:19:00,Cell_0040,East,LTE,34.49,36.19,0.435,0.302,-44.3,99.17,206
2026-08-03 14:19:00,Cell_0041,South,LTE,25.56,60.69,0.87,0.331,-65.5,95.1,135
2026-08-03 14:19:00,Cell_0042,East,5G,4.37,32.58,1.149,0.684,-72.5,98.83,210
2026-08-03 14:19:00,Cell_0043,East,LTE,17.72,76.16,0.272,0.427,-52.0,95.8,499
2026-08-03 14:19:00,Cell_0044,South,5G,3.85,309.85,0.277,0.921,-58.4,98.97,131
2026-08-03 14:19:00,Cell_0045,South,5G,6.11,115.78,0.121,0.399,-56.0,95.71,359
2026-08-03 14:19:00,Cell_0046,West,5G,6.89,615.43,1.391,0.151,-65.0,95.36,492
2026-08-03 14:19:00,Cell_0047,South,5G,7.92,296.53,0.227,0.318,-48.5,98.51,255
2026-08-03 14:19:00,Cell_0048,South,LTE,17.33,73.47,1.219,0.646,-69.0,98.11,201
2026-08-03 14:19:00,Cell_0049,Central,5G,9.59,138.47,0.565,0.335,-65.9,97.57,380
2026-08-03 14:19:00,Cell_0050,Central,5G,4.06,275.08,1.086,0.223,-56.2,99.26,72
2026-08-03 14:19:00,Cell_0051,Central,5G,5.81,865.89,1.057,0.157,-46.3,95.42,485
2026-08-03 14:19:00,Cell_0052,East,LTE,38.49,33.83,0.114,0.749,-57.1,99.56,107
2026-08-03 14:19:00,Cell_0053,South,5G,5.84,882.76,0.815,0.536,-40.3,96.49,54
2026-08-03 14:19:00,Cell_0054,North,LTE,27.49,62.47,0.393,0.537,-61.4,99.94,434
2026-08-03 14:19:00,Cell_0055,North,LTE,35.1,20.08,1.192,0.178,-42.5,99.58,304
2026-08-03 14:19:00,Cell_0056,South,5G,5.72,320.1,0.471,0.327,-49.2,96.94,255
2026-08-03 14:19:00,Cell_0057,Central,LTE,36.11,79.91,1.163,0.119,-59.8,95.65,201
2026-08-03 14:19:00,Cell_0058,West,5G,2.01,226.82,1.395,0.809,-68.7,95.97,58
2026-08-03 14:19:00,Cell_0059,Central,5G,1.58,355.89,0.918,0.532,-47.1,95.56,425
2026-08-03 14:19:00,Cell_0060,Central,5G,5.6,891.98,1.159,0.7,-71.1,97.36,364
2026-08-03 14:19:00,Cell_0061,Central,LTE,34.76,52.5,0.914,0.977,-65.3,98.45,99
2026-08-03 14:19:00,Cell_0062,North,5G,5.62,279.25,1.103,0.02,-67.3,97.16,259
2026-08-03 14:19:00,Cell_0063,East,LTE,30.65,33.45,8.868,0.005,-42.2,98.74,326
2026-08-03 14:19:00,Cell_0064,East,5G,8.86,103.46,0.948,0.327,-68.7,96.22,321
2026-08-03 14:19:00,Cell_0065,South,5G,5.95,101.72,0.533,0.689,-42.6,99.21,365
2026-08-03 14:19:00,Cell_0066,North,5G,8.01,790.58,0.094,0.451,-56.3,97.16,471
2026-08-03 14:19:00,Cell_0067,Central,LTE,23.08,39.53,0.341,0.844,-40.2,96.03,496
2026-08-03 14:19:00,Cell_0068,Central,LTE,36.79,73.85,1.324,0.204,-46.5,97.04,432
2026-08-03 14:19:00,Cell_0069,East,LTE,20.09,29.12,0.947,0.542,-46.6,99.14,256
2026-08-03 14:19:00,Cell_0070,South,5G,5.09,323.05,0.828,0.965,-71.2,99.87,147
2026-08-03 14:19:00,Cell_0071,South,LTE,25.18,32.55,1.35,0.717,-69.7,98.37,484
2026-08-03 14:19:00,Cell_0072,Central,5G,9.74,414.39,0.28,0.737,-49.5,95.32,294
2026-08-03 14:19:00,Cell_0073,West,LTE,38.14,78.9,1.05,0.406,-43.7,97.47,98
2026-08-03 14:19:00,Cell_0074,North,5G,4.8,666.23,0.555,0.582,-74.8,99.49,325
2026-08-03 14:19:00,Cell_0075,East,LTE,35.69,85.06,0.371,0.075,-70.5,98.03,259
2026-08-03 14:19:00,Cell_0076,North,LTE,37.55,75.58,0.529,0.593,-54.7,97.67,176
2026-08-03 14:19:00,Cell_0077,Central,LTE,18.97,72.86,0.267,0.676,-40.3,99.11,127
2026-08-03 14:19:00,Cell_0078,North,5G,4.39,726.34,1.233,0.534,-48.3,98.06,231
2026-08-03 14:19:00,Cell_0079,North,LTE,12.83,45.89,0.306,0.617,-54.2,99.46,133
2026-08-03 14:19:00,Cell_0080,South,5G,3.01,345.55,0.653,0.636,-48.3,98.69,119
2026-08-03 14:19:00,Cell_0081,Central,LTE,28.23,55.6,0.941,0.143,-53.4,97.12,205
2026-08-03 14:19:00,Cell_0082,East,5G,13.66,135.04,0.727,0.562,-55.6,97.98,1819
2026-08-03 14:19:00,Cell_0083,South,LTE,27.13,52.45,0.113,0.509,-46.9,99.01,483
2026-08-03 14:19:00,Cell_0084,East,5G,4.7,318.28,1.258,0.519,-53.0,96.03,425
2026-08-03 14:19:00,Cell_0085,East,5G,8.28,196.14,0.571,0.776,-56.3,96.33,211
2026-08-03 14:19:00,Cell_0086,Central,5G,455.05,696.59,8.691,10.977,-95.8,99.82,110
2026-08-03 14:19:00,Cell_0087,North,LTE,22.01,64.23,12.171,0.018,-55.9,96.35,476
2026-08-03 14:19:00,Cell_0088,South,LTE,16.64,64.5,0.809,0.556,-44.4,99.02,218
2026-08-03 14:19:00,Cell_0089,East,LTE,30.0,63.27,0.355,0.595,-58.4,99.17,430
2026-08-03 14:19:00,Cell_0090,Central,LTE,26.6,53.28,1.298,0.015,-42.6,97.24,239
2026-08-03 14:19:00,Cell_0091,Central,LTE,11.42,37.03,1.019,0.72,-48.4,97.02,353
2026-08-03 14:19:00,Cell_0092,North,LTE,33.36,48.47,0.305,0.911,-41.7,96.94,99
2026-08-03 14:19:00,Cell_0093,North,LTE,33.02,35.33,0.657,0.541,-45.4,99.95,271
2026-08-03 14:19:00,Cell_0094,North,LTE,11.55,80.89,1.371,0.912,-52.1,97.65,132
2026-08-03 14:19:00,Cell_0095,East,LTE,29.28,22.79,0.169,0.75,-60.0,99.44,112
2026-08-03 14:19:00,Cell_0096,Central,LTE,18.14,43.65,1.425,6.291,-53.9,99.69,251
2026-08-03 14:19:00,Cell_0097,East,5G,4.8,912.15,0.601,0.917,-69.2,99.7,243
2026-08-03 14:19:00,Cell_0098,South,LTE,33.34,29.35,1.365,0.611,-59.7,97.39,211
2026-08-03 14:19:00,Cell_0099,Central,5G,7.91,265.81,1.283,0.125,-74.7,96.18,375
2026-08-03 14:19:00,Cell_0100,South,5G,3.65,813.82,0.388,0.307,-43.5,96.52,197
2026-08-03 14:19:00,Cell_0101,West,LTE,19.77,67.78,0.901,0.326,-71.6,99.12,168
2026-08-03 14:19:00,Cell_0102,North,LTE,19.38,59.13,0.123,0.137,-63.3,96.74,102
2026-08-03 14:19:00,Cell_0103,West,5G,8.46,909.52,0.085,0.741,-61.2,98.29,96
2026-08-03 14:19:00,Cell_0104,West,5G,1.61,745.42,0.708,0.923,-52.6,98.17,287
2026-08-03 14:19:00,Cell_0105,West,LTE,22.77,41.66,0.964,0.732,-53.4,97.78,414
2026-08-03 14:19:00,Cell_0106,North,LTE,26.62,33.68,0.877,0.305,-51.2,96.73,414
2026-08-03 14:19:00,Cell_0107,West,5G,1.91,204.09,0.754,0.489,-53.5,97.24,78
2026-08-03 14:19:00,Cell_0108,North,LTE,11.57,88.13,0.071,0.309,-71.8,97.24,207
2026-08-03 14:19:00,Cell_0109,South,LTE,16.91,49.29,0.322,0.772,-64.6,99.37,424
2026-08-03 14:19:00,Cell_0110,Central,5G,7.59,200.92,1.184,0.461,-62.5,96.5,462
2026-08-03 14:19:00,Cell_0111,South,5G,5.14,333.96,1.271,0.603,-73.7,96.16,311
2026-08-03 14:19:00,Cell_0112,South,5G,3.0,212.33,0.327,0.083,-47.4,98.44,172
2026-08-03 14:19:00,Cell_0113,West,LTE,25.63,68.07,0.273,0.936,-57.0,97.53,139
2026-08-03 14:19:00,Cell_0114,North,5G,6.01,417.36,0.261,0.543,-68.1,96.43,334
2026-08-03 14:19:00,Cell_0115,Central,LTE,19.48,25.01,0.272,0.445,-64.3,96.63,388
2026-08-03 14:19:00,Cell_0116,North,LTE,19.82,38.11,1.218,0.784,-73.2,97.56,492
2026-08-03 14:19:00,Cell_0117,North,LTE,22.75,58.27,0.439,0.869,-57.6,98.68,276
2026-08-03 14:19:00,Cell_0118,South,5G,9.4,633.24,0.596,0.932,-40.5,96.12,466
2026-08-03 14:19:00,Cell_0119,West,5G,6.29,618.03,1.333,0.629,-59.9,99.86,224
2026-08-03 14:19:00,Cell_0120,South,5G,6.29,627.25,0.043,5.735,-73.3,97.98,224
2026-08-03 14:20:00,Cell_0001,North,LTE,37.18,86.61,1.026,10.963,-71.7,95.42,354
2026-08-03 14:20:00,Cell_0002,East,LTE,18.62,72.04,0.585,0.736,-57.0,97.58,367
2026-08-03 14:20:00,Cell_0003,South,LTE,37.03,73.6,1.086,0.583,-59.7,97.81,498
2026-08-03 14:20:00,Cell_0004,North,LTE,33.25,59.22,0.953,0.571,-48.6,95.63,315
2026-08-03 14:20:00,Cell_0005,Central,5G,8.58,146.21,0.215,0.441,-54.6,98.66,361
2026-08-03 14:20:00,Cell_0006,North,LTE,29.88,70.5,0.111,0.138,-56.5,95.94,361
2026-08-03 14:20:00,Cell_0007,North,LTE,23.56,26.56,0.022,0.328,-54.7,96.5,184
2026-08-03 14:20:00,Cell_0008,South,LTE,34.33,83.19,1.192,0.206,-57.6,99.37,317
2026-08-03 14:20:00,Cell_0009,Central,LTE,39.46,28.38,0.273,0.218,-74.0,97.64,224
2026-08-03 14:20:00,Cell_0010,Central,5G,8.64,202.67,0.123,0.246,-40.5,97.46,325
2026-08-03 14:20:00,Cell_0011,South,5G,388.05,402.9,21.866,7.504,-112.9,98.09,493
2026-08-03 14:20:00,Cell_0012,Central,5G,1.42,384.06,0.84,0.425,-60.2,96.04,471
2026-08-03 14:20:00,Cell_0013,North,LTE,12.68,86.32,0.47,0.505,-48.7,98.77,287
2026-08-03 14:20:00,Cell_0014,West,5G,1.11,852.52,0.478,0.127,-61.2,98.73,112
2026-08-03 14:20:00,Cell_0015,East,LTE,17.23,66.76,0.016,0.959,-56.4,99.26,292
2026-08-03 14:20:00,Cell_0016,South,5G,6.82,383.63,0.182,0.724,-73.5,95.3,321
2026-08-03 14:20:00,Cell_0017,North,LTE,26.05,28.09,0.753,0.123,-65.1,95.3,119
2026-08-03 14:20:00,Cell_0018,West,LTE,31.44,36.53,0.105,0.343,-50.6,98.94,304
2026-08-03 14:20:00,Cell_0019,East,5G,7.82,225.87,0.66,0.217,-62.8,98.6,255
2026-08-03 14:20:00,Cell_0020,Central,5G,2.88,317.8,0.928,0.704,-53.1,97.72,497
2026-08-03 14:20:00,Cell_0021,North,5G,8.57,487.18,0.55,0.956,-59.2,96.23,383
2026-08-03 14:20:00,Cell_0022,Central,LTE,21.58,50.05,0.877,0.568,-62.5,98.95,109
2026-08-03 14:20:00,Cell_0023,West,LTE,18.71,51.43,1.018,0.043,-70.3,97.54,172
2026-08-03 14:20:00,Cell_0024,Central,5G,2.64,125.36,0.238,0.595,-40.1,98.25,259
2026-08-03 14:20:00,Cell_0025,Central,5G,20.58,134.5,0.782,0.378,-66.1,95.34,1644
2026-08-03 14:20:00,Cell_0026,Central,LTE,30.9,96.71,0.485,0.892,-63.3,99.36,375
2026-08-03 14:20:00,Cell_0027,North,LTE,22.29,41.25,1.463,0.963,-73.7,98.35,329
2026-08-03 14:20:00,Cell_0028,South,5G,5.41,292.59,0.396,0.487,-92.6,66.58,488
2026-08-03 14:20:00,Cell_0029,North,LTE,18.12,29.28,1.132,0.23,-63.9,96.06,61
2026-08-03 14:20:00,Cell_0030,North,5G,6.18,140.41,0.743,0.26,-48.5,99.59,490
2026-08-03 14:20:00,Cell_0031,East,5G,9.69,927.88,0.855,0.173,-56.2,99.29,364
2026-08-03 14:20:00,Cell_0032,East,LTE,32.96,89.69,1.132,0.351,-45.1,96.19,475
2026-08-03 14:20:00,Cell_0033,East,5G,5.84,903.48,0.204,0.491,-59.1,99.44,60
2026-08-03 14:20:00,Cell_0034,South,5G,4.82,597.52,0.84,0.12,-71.3,96.92,476
2026-08-03 14:20:00,Cell_0035,North,LTE,33.27,81.25,0.053,0.305,-67.7,97.52,317
2026-08-03 14:20:00,Cell_0036,Central,LTE,25.22,36.44,0.705,0.652,-62.4,97.56,424
2026-08-03 14:20:00,Cell_0037,South,5G,4.64,784.88,0.674,0.829,-71.7,98.59,359
2026-08-03 14:20:00,Cell_0038,West,5G,9.22,24.07,0.524,0.513,-52.7,97.1,61
2026-08-03 14:20:00,Cell_0039,Central,LTE,20.46,83.0,1.455,0.924,-72.6,99.24,491
2026-08-03 14:20:00,Cell_0040,East,LTE,36.83,68.9,1.086,0.356,-58.8,95.04,438
2026-08-03 14:20:00,Cell_0041,South,LTE,10.59,76.58,0.742,0.592,-50.4,95.5,160
2026-08-03 14:20:00,Cell_0042,East,5G,4.34,802.7,1.26,0.643,-72.9,97.41,365
2026-08-03 14:20:00,Cell_0043,East,LTE,38.64,93.89,0.216,0.277,-41.7,95.14,423
2026-08-03 14:20:00,Cell_0044,South,5G,5.27,769.97,1.474,0.866,-54.9,96.02,140
2026-08-03 14:20:00,Cell_0045,South,5G,9.93,857.78,1.19,0.186,-74.5,99.16,405
2026-08-03 14:20:00,Cell_0046,West,5G,2.93,477.29,0.162,0.828,-73.2,95.96,245
2026-08-03 14:20:00,Cell_0047,South,5G,1.89,443.33,0.075,0.012,-55.9,97.24,384
2026-08-03 14:20:00,Cell_0048,South,LTE,38.03,32.12,0.053,0.595,-47.7,96.18,460
2026-08-03 14:20:00,Cell_0049,Central,5G,2.22,614.12,0.295,0.958,-54.6,95.05,288
2026-08-03 14:20:00,Cell_0050,Central,5G,3.82,153.94,0.742,0.137,-41.6,97.82,56
2026-08-03 14:20:00,Cell_0051,Central,5G,43.1,653.8,0.134,0.753,-73.8,97.26,132
2026-08-03 14:20:00,Cell_0052,East,LTE,21.42,23.3,0.764,0.885,-52.1,97.48,145
2026-08-03 14:20:00,Cell_0053,South,5G,8.24,328.5,1.305,0.71,-65.2,97.04,107
2026-08-03 14:20:00,Cell_0054,North,LTE,13.33,33.37,1.212,0.964,-58.4,95.03,181
2026-08-03 14:20:00,Cell_0055,North,LTE,22.21,98.66,0.217,0.226,-64.4,99.28,117
2026-08-03 14:20:00,Cell_0056,South,5G,2.3,683.15,0.023,0.342,-67.5,97.94,436
2026-08-03 14:20:00,Cell_0057,Central,LTE,38.63,93.11,0.996,0.017,-65.5,98.71,278
2026-08-03 14:20:00,Cell_0058,West,5G,5.27,262.27,0.926,0.208,-68.6,98.21,230
2026-08-03 14:20:00,Cell_0059,Central,5G,3.02,217.49,0.613,0.652,-53.9,96.5,335
2026-08-03 14:20:00,Cell_0060,Central,5G,9.74,220.54,1.422,3.445,-62.4,97.7,107
2026-08-03 14:20:00,Cell_0061,Central,LTE,27.25,28.84,1.433,0.537,-42.7,95.45,462
2026-08-03 14:20:00,Cell_0062,North,5G,8.93,994.03,1.055,0.733,-46.9,99.42,180
2026-08-03 14:20:00,Cell_0063,East,LTE,22.84,90.3,1.471,0.674,-70.6,97.32,80
2026-08-03 14:20:00,Cell_0064,East,5G,5.5,342.31,0.684,0.024,-48.8,97.19,386
2026-08-03 14:20:00,Cell_0065,South,5G,1.8,608.1,0.858,0.491,-53.3,97.84,93
2026-08-03 14:20:00,Cell_0066,North,5G,1.39,463.3,1.105,0.764,-42.3,98.84,153
2026-08-03 14:20:00,Cell_0067,Central,LTE,38.86,70.03,1.25,0.785,-40.7,96.39,187
2026-08-03 14:20:00,Cell_0068,Central,LTE,18.11,95.56,0.059,0.158,-67.2,99.83,260
2026-08-03 14:20:00,Cell_0069,East,LTE,22.95,31.84,1.284,0.168,-40.1,96.0,422
2026-08-03 14:20:00,Cell_0070,South,5G,9.45,233.55,0.022,0.903,-74.9,96.04,161
2026-08-03 14:20:00,Cell_0071,South,LTE,10.62,4.95,0.565,0.793,-49.0,99.97,282
2026-08-03 14:20:00,Cell_0072,Central,5G,1.03,568.98,1.152,0.568,-71.9,96.26,257
2026-08-03 14:20:00,Cell_0073,West,LTE,10.69,96.4,1.276,0.384,-48.6,98.14,470
2026-08-03 14:20:00,Cell_0074,North,5G,7.17,281.39,0.685,0.832,-51.4,99.73,345
2026-08-03 14:20:00,Cell_0075,East,LTE,32.2,69.42,0.582,0.542,-49.3,96.5,481
2026-08-03 14:20:00,Cell_0076,North,LTE,38.28,89.33,0.821,0.48,-66.0,96.22,75
2026-08-03 14:20:00,Cell_0077,Central,LTE,135.57,10.89,0.884,0.277,-67.3,97.17,1300
2026-08-03 14:20:00,Cell_0078,North,5G,8.94,386.51,0.993,0.555,-62.1,96.3,306
2026-08-03 14:20:00,Cell_0079,North,LTE,27.2,84.39,0.225,0.018,-52.7,99.02,390
2026-08-03 14:20:00,Cell_0080,South,5G,4.27,391.55,0.359,0.413,-98.1,67.08,344
2026-08-03 14:20:00,Cell_0081,Central,LTE,18.2,52.35,0.662,0.716,-71.7,97.75,186
2026-08-03 14:20:00,Cell_0082,East,5G,7.49,829.1,1.06,0.539,-71.8,97.53,120
2026-08-03 14:20:00,Cell_0083,South,LTE,25.4,67.72,1.151,0.968,-69.8,99.45,122
2026-08-03 14:20:00,Cell_0084,East,5G,4.12,898.52,17.743,0.689,-43.3,97.34,454
2026-08-03 14:20:00,Cell_0085,East,5G,3.8,955.93,0.333,0.996,-74.4,96.47,131
2026-08-03 14:20:00,Cell_0086,Central,5G,9.93,604.01,0.209,0.701,-71.2,95.58,264
2026-08-03 14:20:00,Cell_0087,North,LTE,28.85,82.9,1.462,0.346,-74.4,98.33,253
2026-08-03 14:20:00,Cell_0088,South,LTE,10.95,57.17,0.259,0.055,-60.1,95.12,93
2026-08-03 14:20:00,Cell_0089,East,LTE,17.27,31.47,0.13,0.09,-44.2,99.54,152
2026-08-03 14:20:00,Cell_0090,Central,LTE,13.81,78.8,1.388,0.427,-62.7,95.63,385
2026-08-03 14:20:00,Cell_0091,Central,LTE,38.4,77.23,0.017,0.735,-59.8,96.63,467
2026-08-03 14:20:00,Cell_0092,North,LTE,31.92,97.88,0.388,0.382,-73.4,99.38,385
2026-08-03 14:20:00,Cell_0093,North,LTE,14.33,55.18,1.481,0.852,-64.5,99.13,62
2026-08-03 14:20:00,Cell_0094,North,LTE,12.64,38.93,0.549,0.719,-47.1,99.92,424
2026-08-03 14:20:00,Cell_0095,East,LTE,35.36,40.76,0.525,0.961,-72.1,100.0,323
2026-08-03 14:20:00,Cell_0096,Central,LTE,38.21,80.55,1.124,0.126,-58.9,99.76,251
2026-08-03 14:20:00,Cell_0097,East,5G,1.03,452.79,0.627,0.809,-42.3,99.66,450
2026-08-03 14:20:00,Cell_0098,South,LTE,14.58,30.4,1.475,0.956,-53.3,97.21,259
2026-08-03 14:20:00,Cell_0099,Central,5G,4.98,870.63,0.404,0.624,-58.4,99.15,389
2026-08-03 14:20:00,Cell_0100,South,5G,1.54,286.92,0.023,0.413,-42.4,99.03,205
2026-08-03 14:20:00,Cell_0101,West,LTE,24.5,44.11,0.218,0.235,-44.8,99.06,207
2026-08-03 14:20:00,Cell_0102,North,LTE,354.88,90.3,26.556,14.069,-100.0,95.75,222
2026-08-03 14:20:00,Cell_0103,West,5G,3.31,807.09,0.026,0.4,-50.8,99.01,379
2026-08-03 14:20:00,Cell_0104,West,5G,7.9,190.97,1.065,0.493,-68.2,97.75,321
2026-08-03 14:20:00,Cell_0105,West,LTE,17.47,88.57,0.644,0.307,-63.2,97.93,197
2026-08-03 14:20:00,Cell_0106,North,LTE,35.92,84.5,1.086,0.528,-65.3,99.01,324
2026-08-03 14:20:00,Cell_0107,West,5G,4.65,8.19,1.161,0.347,-71.6,95.5,72
2026-08-03 14:20:00,Cell_0108,North,LTE,21.13,35.69,1.125,0.082,-49.6,96.24,65
2026-08-03 14:20:00,Cell_0109,South,LTE,22.04,44.88,1.116,0.528,-74.9,99.73,304
2026-08-03 14:20:00,Cell_0110,Central,5G,7.42,677.67,0.758,0.053,-73.0,95.82,407
2026-08-03 14:20:00,Cell_0111,South,5G,6.35,595.68,0.888,0.604,-41.5,95.4,463
2026-08-03 14:20:00,Cell_0112,South,5G,9.45,288.87,1.378,0.475,-70.9,95.53,403
2026-08-03 14:20:00,Cell_0113,West,LTE,12.97,85.81,1.143,0.555,-73.4,98.75,372
2026-08-03 14:20:00,Cell_0114,North,5G,8.96,240.03,1.482,0.355,-50.0,99.89,76
2026-08-03 14:20:00,Cell_0115,Central,LTE,17.75,66.55,0.427,0.978,-58.7,97.62,494
2026-08-03 14:20:00,Cell_0116,North,LTE,10.28,29.64,0.309,0.438,-67.2,97.65,411
2026-08-03 14:20:00,Cell_0117,North,LTE,24.18,33.32,0.793,0.867,-59.5,98.72,291
2026-08-03 14:20:00,Cell_0118,South,5G,5.21,784.41,1.073,0.468,-41.9,95.53,64
2026-08-03 14:20:00,Cell_0119,West,5G,5.61,801.28,0.705,0.835,-70.5,96.01,355
2026-08-03 14:20:00,Cell_0120,South,5G,6.29,989.06,0.377,0.49,-70.8,95.99,223
2026-08-03 14:21:00,Cell_0001,North,LTE,11.21,90.26,0.839,0.106,-43.4,95.91,196
2026-08-03 14:21:00,Cell_0002,East,LTE,30.21,77.31,0.55,0.352,-44.7,97.5,57
2026-08-03 14:21:00,Cell_0003,South,LTE,17.71,89.45,0.291,0.768,-67.5,96.98,145
2026-08-03 14:21:00,Cell_0004,North,LTE,34.73,51.26,0.057,0.993,-53.9,98.82,332
2026-08-03 14:21:00,Cell_0005,Central,5G,5.1,458.57,0.708,0.389,-59.5,98.41,83
2026-08-03 14:21:00,Cell_0006,North,LTE,30.7,39.67,1.275,0.914,-62.2,98.74,499
2026-08-03 14:21:00,Cell_0007,North,LTE,12.68,24.39,0.173,0.407,-64.6,95.73,87
2026-08-03 14:21:00,Cell_0008,South,LTE,37.83,37.41,22.856,0.979,-41.6,98.24,442
2026-08-03 14:21:00,Cell_0009,Central,LTE,35.46,76.23,1.042,0.62,-44.7,97.89,197
2026-08-03 14:21:00,Cell_0010,Central,5G,3.64,159.36,0.035,0.301,-71.3,97.13,464
2026-08-03 14:21:00,Cell_0011,South,5G,8.33,384.75,0.343,0.147,-62.1,95.36,293
2026-08-03 14:21:00,Cell_0012,Central,5G,7.87,742.88,1.484,0.698,-60.9,98.97,168
2026-08-03 14:21:00,Cell_0013,North,LTE,38.07,89.0,0.349,0.55,-71.7,96.63,469
2026-08-03 14:21:00,Cell_0014,West,5G,7.85,920.88,0.631,0.769,-69.6,97.53,463
2026-08-03 14:21:00,Cell_0015,East,LTE,22.73,96.73,0.48,0.247,-63.2,98.72,492
2026-08-03 14:21:00,Cell_0016,South,5G,5.91,168.72,0.674,0.493,-46.7,95.67,353
2026-08-03 14:21:00,Cell_0017,North,LTE,26.88,60.54,0.512,0.26,-61.8,99.69,73
2026-08-03 14:21:00,Cell_0018,West,LTE,34.36,56.95,0.341,0.383,-69.6,98.93,272
2026-08-03 14:21:00,Cell_0019,East,5G,8.58,432.83,0.42,0.773,-58.6,95.18,83
2026-08-03 14:21:00,Cell_0020,Central,5G,1.25,283.22,1.24,0.464,-62.3,99.03,436
2026-08-03 14:21:00,Cell_0021,North,5G,5.78,677.1,0.345,0.665,-72.9,95.49,212
2026-08-03 14:21:00,Cell_0022,Central,LTE,16.85,21.28,0.279,0.442,-46.3,99.2,307
2026-08-03 14:21:00,Cell_0023,West,LTE,31.17,73.74,0.575,0.162,-69.0,96.3,434
2026-08-03 14:21:00,Cell_0024,Central,5G,5.75,983.14,1.34,0.186,-56.9,96.5,73
2026-08-03 14:21:00,Cell_0025,Central,5G,4.86,222.5,0.668,0.892,-51.1,95.72,84
2026-08-03 14:21:00,Cell_0026,Central,LTE,31.19,95.45,0.312,0.548,-42.8,97.38,404
2026-08-03 14:21:00,Cell_0027,North,LTE,28.11,37.43,0.794,0.722,-45.7,98.04,258
2026-08-03 14:21:00,Cell_0028,South,5G,7.25,817.6,0.776,0.936,-40.2,97.96,169
2026-08-03 14:21:00,Cell_0029,North,LTE,30.82,82.41,1.166,0.26,-62.9,95.13,318
2026-08-03 14:21:00,Cell_0030,North,5G,6.44,230.31,0.3,0.418,-72.1,99.52,355
2026-08-03 14:21:00,Cell_0031,East,5G,4.86,331.64,0.013,0.192,-52.0,96.61,280
2026-08-03 14:21:00,Cell_0032,East,LTE,209.07,67.63,0.695,0.711,-63.0,95.79,485
2026-08-03 14:21:00,Cell_0033,East,5G,3.17,803.13,0.39,0.845,-58.3,99.3,433
2026-08-03 14:21:00,Cell_0034,South,5G,5.1,285.62,0.089,0.176,-42.0,95.74,102
2026-08-03 14:21:00,Cell_0035,North,LTE,12.25,57.18,0.556,0.887,-60.1,95.6,301
2026-08-03 14:21:00,Cell_0036,Central,LTE,14.93,82.36,0.236,0.883,-62.0,96.44,478
2026-08-03 14:21:00,Cell_0037,South,5G,6.19,309.42,0.562,0.94,-45.8,99.78,54
2026-08-03 14:21:00,Cell_0038,West,5G,8.71,261.25,0.044,0.18,-60.5,99.81,341
2026-08-03 14:21:00,Cell_0039,Central,LTE,10.42,99.75,1.336,0.184,-61.1,97.48,89
2026-08-03 14:21:00,Cell_0040,East,LTE,168.01,89.47,0.676,0.884,-48.4,99.61,462
2026-08-03 14:21:00,Cell_0041,South,LTE,36.61,23.15,0.514,0.011,-73.8,97.92,156
2026-08-03 14:21:00,Cell_0042,East,5G,8.52,265.19,1.375,0.377,-67.2,95.57,463
2026-08-03 14:21:00,Cell_0043,East,LTE,26.9,82.6,0.65,0.242,-55.6,97.7,338
2026-08-03 14:21:00,Cell_0044,South,5G,4.58,936.67,0.39,0.156,-103.5,77.47,468
2026-08-03 14:21:00,Cell_0045,South,5G,6.44,214.5,1.051,0.991,-57.7,97.7,94
2026-08-03 14:21:00,Cell_0046,West,5G,6.15,840.02,0.333,0.652,-64.6,98.86,468
2026-08-03 14:21:00,Cell_0047,South,5G,2.13,487.4,0.63,0.395,-63.4,95.86,491
2026-08-03 14:21:00,Cell_0048,South,LTE,29.34,48.47,0.308,0.489,-53.2,98.13,241
2026-08-03 14:21:00,Cell_0049,Central,5G,265.11,555.1,27.163,7.545,-104.1,98.74,236
2026-08-03 14:21:00,Cell_0050,Central,5G,9.3,608.54,1.264,0.172,-73.4,95.93,89
2026-08-03 14:21:00,Cell_0051,Central,5G,7.99,950.05,1.323,0.238,-73.9,96.3,343
2026-08-03 14:21:00,Cell_0052,East,LTE,27.54,33.87,0.235,0.957,-66.3,95.87,135
2026-08-03 14:21:00,Cell_0053,South,5G,1.61,238.57,0.561,0.652,-63.4,99.27,80
2026-08-03 14:21:00,Cell_0054,North,LTE,36.54,38.1,0.506,0.329,-49.9,99.49,165
2026-08-03 14:21:00,Cell_0055,North,LTE,27.43,85.05,1.213,0.285,-47.6,98.12,436
2026-08-03 14:21:00,Cell_0056,South,5G,2.73,245.98,1.275,0.394,-69.3,97.13,53
2026-08-03 14:21:00,Cell_0057,Central,LTE,10.8,65.15,1.111,1.0,-66.9,95.63,453
2026-08-03 14:21:00,Cell_0058,West,5G,3.43,245.52,0.87,0.444,-63.3,97.99,210
2026-08-03 14:21:00,Cell_0059,Central,5G,6.51,653.31,1.427,0.118,-66.5,97.48,151
2026-08-03 14:21:00,Cell_0060,Central,5G,207.28,629.2,10.044,8.047,-106.0,95.91,446
2026-08-03 14:21:00,Cell_0061,Central,LTE,33.9,66.88,0.271,0.446,-50.4,95.5,240
2026-08-03 14:21:00,Cell_0062,North,5G,4.61,949.74,1.282,0.274,-63.9,98.34,310
2026-08-03 14:21:00,Cell_0063,East,LTE,21.96,50.65,1.346,0.142,-74.1,98.1,111
2026-08-03 14:21:00,Cell_0064,East,5G,7.9,123.8,0.857,0.158,-49.0,97.67,187
2026-08-03 14:21:00,Cell_0065,South,5G,2.24,154.98,0.249,0.106,-62.6,96.15,219
2026-08-03 14:21:00,Cell_0066,North,5G,3.86,343.82,1.08,0.14,-54.6,95.53,171
2026-08-03 14:21:00,Cell_0067,Central,LTE,11.48,88.11,0.728,0.591,-52.7,96.3,359
2026-08-03 14:21:00,Cell_0068,Central,LTE,21.23,79.3,1.29,0.153,-71.7,97.73,412
2026-08-03 14:21:00,Cell_0069,East,LTE,28.85,74.03,1.051,0.54,-71.2,95.9,53
2026-08-03 14:21:00,Cell_0070,South,5G,5.88,543.37,0.647,0.634,-46.0,95.99,156
2026-08-03 14:21:00,Cell_0071,South,LTE,32.73,67.11,1.479,0.43,-71.7,99.36,79
2026-08-03 14:21:00,Cell_0072,Central,5G,5.21,588.61,0.435,0.433,-73.0,97.6,375
2026-08-03 14:21:00,Cell_0073,West,LTE,33.53,78.82,0.796,0.83,-56.0,99.86,214
2026-08-03 14:21:00,Cell_0074,North,5G,7.4,530.04,0.607,0.172,-49.1,96.33,296
2026-08-03 14:21:00,Cell_0075,East,LTE,27.54,33.46,0.458,0.217,-47.7,99.37,427
2026-08-03 14:21:00,Cell_0076,North,LTE,33.57,51.34,0.833,0.173,-44.6,95.04,104
2026-08-03 14:21:00,Cell_0077,Central,LTE,20.58,83.67,1.401,0.406,-48.5,99.94,278
2026-08-03 14:21:00,Cell_0078,North,5G,4.7,630.08,0.378,0.18,-74.6,99.26,136
2026-08-03 14:21:00,Cell_0079,North,LTE,17.37,41.88,0.431,0.573,-54.2,98.94,360
2026-08-03 14:21:00,Cell_0080,South,5G,4.76,253.22,1.04,0.04,-60.7,95.0,475
2026-08-03 14:21:00,Cell_0081,Central,LTE,34.84,24.21,0.871,0.43,-68.5,97.39,195
2026-08-03 14:21:00,Cell_0082,East,5G,1.17,308.44,0.112,0.737,-72.0,96.1,239
2026-08-03 14:21:00,Cell_0083,South,LTE,26.16,34.21,0.24,0.836,-71.7,99.75,163
2026-08-03 14:21:00,Cell_0084,East,5G,1.05,142.1,1.448,0.932,-70.0,97.43,69
2026-08-03 14:21:00,Cell_0085,East,5G,3.53,199.81,1.028,0.418,-45.6,97.37,273
2026-08-03 14:21:00,Cell_0086,Central,5G,4.52,296.55,0.789,0.939,-74.6,97.86,166
2026-08-03 14:21:00,Cell_0087,North,LTE,16.0,53.89,0.667,0.426,-69.9,96.11,106
2026-08-03 14:21:00,Cell_0088,South,LTE,36.02,35.86,0.616,0.012,-42.2,98.09,194
2026-08-03 14:21:00,Cell_0089,East,LTE,38.95,43.97,1.408,0.715,-61.4,96.38,468
2026-08-03 14:21:00,Cell_0090,Central,LTE,37.46,35.73,0.268,0.47,-43.7,97.62,294
2026-08-03 14:21:00,Cell_0091,Central,LTE,36.83,80.16,0.633,0.693,-47.3,98.02,142
2026-08-03 14:21:00,Cell_0092,North,LTE,11.35,42.2,0.643,0.069,-63.5,96.7,311
2026-08-03 14:21:00,Cell_0093,North,LTE,10.59,26.92,1.269,0.62,-55.2,95.86,407
2026-08-03 14:21:00,Cell_0094,North,LTE,36.47,42.96,0.329,0.308,-48.0,95.39,304
2026-08-03 14:21:00,Cell_0095,East,LTE,18.06,54.27,0.503,0.196,-46.2,97.86,279
2026-08-03 14:21:00,Cell_0096,Central,LTE,39.92,33.24,1.311,0.773,-62.1,96.13,481
2026-08-03 14:21:00,Cell_0097,East,5G,4.76,611.04,0.421,0.468,-68.1,97.17,411
2026-08-03 14:21:00,Cell_0098,South,LTE,29.59,98.34,0.005,0.339,-57.5,96.69,210
2026-08-03 14:21:00,Cell_0099,Central,5G,9.49,256.94,0.586,0.279,-63.8,97.95,58
2026-08-03 14:21:00,Cell_0100,South,5G,1.29,802.91,0.715,0.078,-51.5,95.25,300
2026-08-03 14:21:00,Cell_0101,West,LTE,29.05,78.96,0.44,0.456,-41.5,97.61,191
2026-08-03 14:21:00,Cell_0102,North,LTE,11.54,78.22,0.124,0.752,-45.5,99.82,229
2026-08-03 14:21:00,Cell_0103,West,5G,3.31,472.68,0.701,0.679,-61.4,96.17,333
2026-08-03 14:21:00,Cell_0104,West,5G,9.11,803.93,0.552,0.297,-50.7,97.6,468
2026-08-03 14:21:00,Cell_0105,West,LTE,28.27,22.68,0.09,0.453,-42.6,95.83,481
2026-08-03 14:21:00,Cell_0106,North,LTE,33.31,44.65,0.062,0.454,-45.6,97.81,60
2026-08-03 14:21:00,Cell_0107,West,5G,3.13,470.71,1.323,0.033,-43.5,96.14,176
2026-08-03 14:21:00,Cell_0108,North,LTE,37.45,67.37,0.368,0.027,-58.1,97.2,158
2026-08-03 14:21:00,Cell_0109,South,LTE,22.14,76.07,1.331,7.924,-42.3,95.92,143
2026-08-03 14:21:00,Cell_0110,Central,5G,9.2,678.14,1.164,0.614,-48.0,97.26,381
2026-08-03 14:21:00,Cell_0111,South,5G,3.96,552.14,0.494,0.598,-46.1,96.94,434
2026-08-03 14:21:00,Cell_0112,South,5G,4.73,374.21,1.22,0.696,-50.7,99.34,307
2026-08-03 14:21:00,Cell_0113,West,LTE,39.62,21.93,1.266,0.799,-52.7,99.24,482
2026-08-03 14:21:00,Cell_0114,North,5G,3.72,224.25,1.243,0.694,-72.9,98.24,337
2026-08-03 14:21:00,Cell_0115,Central,LTE,31.0,26.22,1.296,0.683,-59.5,97.04,155
2026-08-03 14:21:00,Cell_0116,North,LTE,11.84,25.58,1.145,0.578,-41.3,99.48,57
2026-08-03 14:21:00,Cell_0117,North,LTE,38.31,66.42,0.266,0.837,-45.6,95.4,340
2026-08-03 14:21:00,Cell_0118,South,5G,9.37,541.48,0.843,0.419,-63.7,99.42,154
2026-08-03 14:21:00,Cell_0119,West,5G,3.1,181.39,1.106,0.922,-56.3,99.11,207
2026-08-03 14:21:00,Cell_0120,South,5G,2.54,628.58,0.237,0.206,-50.7,97.68,390
2026-08-03 14:22:00,Cell_0001,North,LTE,36.53,73.97,0.356,0.327,-51.0,98.2,404
2026-08-03 14:22:00,Cell_0002,East,LTE,215.72,82.01,0.916,0.419,-74.1,96.9,141
2026-08-03 14:22:00,Cell_0003,South,LTE,23.18,20.16,0.388,0.607,-69.3,100.0,168
2026-08-03 14:22:00,Cell_0004,North,LTE,25.38,82.06,0.988,0.245,-73.1,95.73,496
2026-08-03 14:22:00,Cell_0005,Central,5G,8.4,167.81,1.087,0.112,-58.5,99.3,52
2026-08-03 14:22:00,Cell_0006,North,LTE,21.31,71.27,0.995,0.678,-63.0,98.23,346
2026-08-03 14:22:00,Cell_0007,North,LTE,32.76,93.69,0.154,0.65,-66.2,98.86,420
2026-08-03 14:22:00,Cell_0008,South,LTE,37.04,72.32,0.14,0.001,-42.1,98.87,108
2026-08-03 14:22:00,Cell_0009,Central,LTE,38.11,98.19,0.618,0.298,-59.4,95.24,65
2026-08-03 14:22:00,Cell_0010,Central,5G,5.85,565.82,1.347,0.961,-72.7,95.8,126
2026-08-03 14:22:00,Cell_0011,South,5G,6.41,473.16,0.261,0.87,-64.6,96.5,319
2026-08-03 14:22:00,Cell_0012,Central,5G,9.52,694.46,0.029,0.147,-57.2,97.9,223
2026-08-03 14:22:00,Cell_0013,North,LTE,15.52,71.75,0.947,0.089,-60.3,95.01,353
2026-08-03 14:22:00,Cell_0014,West,5G,7.47,896.1,0.577,0.11,-47.0,97.03,117
2026-08-03 14:22:00,Cell_0015,East,LTE,10.99,7.96,0.025,0.625,-59.0,98.18,461
2026-08-03 14:22:00,Cell_0016,South,5G,7.05,894.13,0.421,0.218,-46.9,96.91,383
2026-08-03 14:22:00,Cell_0017,North,LTE,17.59,99.87,1.021,0.875,-43.5,95.41,55
2026-08-03 14:22:00,Cell_0018,West,LTE,18.86,72.95,0.987,0.298,-52.0,96.87,258
2026-08-03 14:22:00,Cell_0019,East,5G,6.27,944.91,0.234,0.223,-62.3,95.04,332
2026-08-03 14:22:00,Cell_0020,Central,5G,6.13,464.56,1.225,0.704,-66.3,96.88,439
2026-08-03 14:22:00,Cell_0021,North,5G,2.19,778.79,0.363,0.318,-45.4,99.46,207
2026-08-03 14:22:00,Cell_0022,Central,LTE,246.89,75.87,28.716,15.195,-95.6,97.66,275
2026-08-03 14:22:00,Cell_0023,West,LTE,34.81,41.76,1.316,0.51,-69.9,96.76,417
2026-08-03 14:22:00,Cell_0024,Central,5G,9.98,323.89,0.554,0.939,-61.0,95.76,151
2026-08-03 14:22:00,Cell_0025,Central,5G,3.08,134.6,0.605,0.464,-47.9,99.85,258
2026-08-03 14:22:00,Cell_0026,Central,LTE,12.21,49.83,0.466,0.817,-41.1,99.28,391
2026-08-03 14:22:00,Cell_0027,North,LTE,14.05,24.04,0.385,0.605,-61.5,95.83,260
2026-08-03 14:22:00,Cell_0028,South,5G,2.16,445.45,0.597,0.966,-41.8,97.85,258
2026-08-03 14:22:00,Cell_0029,North,LTE,36.78,50.16,1.478,0.909,-41.8,98.29,129
2026-08-03 14:22:00,Cell_0030,North,5G,7.64,812.01,1.101,0.248,-63.8,97.76,294
2026-08-03 14:22:00,Cell_0031,East,5G,4.6,563.29,1.065,0.451,-68.4,99.58,272
2026-08-03 14:22:00,Cell_0032,East,LTE,198.81,40.38,15.202,14.047,-100.1,96.26,361
2026-08-03 14:22:00,Cell_0033,East,5G,6.4,239.28,0.189,0.01,-74.8,95.33,202
2026-08-03 14:22:00,Cell_0034,South,5G,221.98,728.56,22.345,8.402,-114.3,98.73,84
2026-08-03 14:22:00,Cell_0035,North,LTE,38.07,25.66,0.451,0.017,-56.9,97.87,214
2026-08-03 14:22:00,Cell_0036,Central,LTE,29.07,63.49,0.199,0.591,-56.1,98.22,476
2026-08-03 14:22:00,Cell_0037,South,5G,3.67,768.05,1.001,0.697,-64.6,95.06,367
2026-08-03 14:22:00,Cell_0038,West,5G,6.84,150.05,0.274,0.337,-66.9,97.85,298
2026-08-03 14:22:00,Cell_0039,Central,LTE,22.84,95.39,0.153,0.943,-55.4,98.1,114
2026-08-03 14:22:00,Cell_0040,East,LTE,27.05,98.14,1.165,0.921,-40.7,95.17,488
2026-08-03 14:22:00,Cell_0041,South,LTE,26.02,90.35,0.128,0.659,-66.4,99.68,279
2026-08-03 14:22:00,Cell_0042,East,5G,4.68,942.8,0.646,0.333,-58.2,98.79,383
2026-08-03 14:22:00,Cell_0043,East,LTE,29.26,81.7,1.274,0.007,-66.3,99.7,301
2026-08-03 14:22:00,Cell_0044,South,5G,7.4,386.19,1.447,0.657,-58.1,98.09,485
2026-08-03 14:22:00,Cell_0045,South,5G,1.11,546.58,0.744,0.642,-72.4,99.95,229
2026-08-03 14:22:00,Cell_0046,West,5G,4.77,781.81,1.143,0.179,-95.1,74.6,476
2026-08-03 14:22:00,Cell_0047,South,5G,6.32,564.07,0.29,0.46,-68.4,98.66,464
2026-08-03 14:22:00,Cell_0048,South,LTE,39.89,42.0,0.673,0.55,-75.0,96.35,270
2026-08-03 14:22:00,Cell_0049,Central,5G,25.11,71.4,1.299,0.774,-64.0,95.33,1763
2026-08-03 14:22:00,Cell_0050,Central,5G,1.64,524.1,0.051,0.919,-55.5,98.91,232
2026-08-03 14:22:00,Cell_0051,Central,5G,7.26,964.91,0.25,0.538,-62.9,96.34,246
2026-08-03 14:22:00,Cell_0052,East,LTE,17.67,68.4,0.11,0.795,-57.2,96.72,328
2026-08-03 14:22:00,Cell_0053,South,5G,7.56,826.98,0.481,0.835,-65.9,98.59,367
2026-08-03 14:22:00,Cell_0054,North,LTE,20.97,68.18,0.175,0.398,-52.4,99.11,51
2026-08-03 14:22:00,Cell_0055,North,LTE,10.34,39.67,1.243,0.013,-104.5,60.46,110
2026-08-03 14:22:00,Cell_0056,South,5G,6.44,809.62,0.819,0.178,-46.9,95.12,157
2026-08-03 14:22:00,Cell_0057,Central,LTE,21.81,32.83,1.41,0.731,-66.7,96.86,470
2026-08-03 14:22:00,Cell_0058,West,5G,4.59,953.67,0.943,0.693,-74.3,97.22,326
2026-08-03 14:22:00,Cell_0059,Central,5G,20.84,76.55,1.047,0.091,-43.5,96.41,1223
2026-08-03 14:22:00,Cell_0060,Central,5G,4.76,280.08,1.399,0.605,-58.6,96.32,60
2026-08-03 14:22:00,Cell_0061,Central,LTE,25.22,24.27,1.153,0.432,-73.5,98.6,359
2026-08-03 14:22:00,Cell_0062,North,5G,9.93,138.3,0.252,0.979,-50.0,98.0,364
2026-08-03 14:22:00,Cell_0063,East,LTE,35.17,85.79,0.944,0.979,-44.7,95.39,152
2026-08-03 14:22:00,Cell_0064,East,5G,9.19,829.68,0.568,0.096,-56.2,97.77,337
2026-08-03 14:22:00,Cell_0065,South,5G,2.47,459.41,0.28,12.585,-54.2,97.02,201
2026-08-03 14:22:00,Cell_0066,North,5G,2.43,116.28,0.339,0.905,-51.3,97.38,189
2026-08-03 14:22:00,Cell_0067,Central,LTE,18.36,58.42,1.047,0.79,-44.8,98.39,397
2026-08-03 14:22:00,Cell_0068,Central,LTE,37.56,91.63,0.12,0.751,-64.9,98.73,471
2026-08-03 14:22:00,Cell_0069,East,LTE,20.17,39.51,0.408,0.876,-58.0,96.94,258
2026-08-03 14:22:00,Cell_0070,South,5G,4.67,323.38,1.055,0.576,-42.7,96.82,56
2026-08-03 14:22:00,Cell_0071,South,LTE,21.53,79.19,0.452,0.13,-58.0,97.78,279
2026-08-03 14:22:00,Cell_0072,Central,5G,9.16,565.24,0.073,5.864,-73.2,96.18,252
2026-08-03 14:22:00,Cell_0073,West,LTE,21.13,30.34,0.796,0.641,-52.4,97.14,478
2026-08-03 14:22:00,Cell_0074,North,5G,396.31,208.61,22.06,7.147,-112.3,99.94,80
2026-08-03 14:22:00,Cell_0075,East,LTE,20.17,75.08,1.151,0.46,-62.0,97.34,355
2026-08-03 14:22:00,Cell_0076,North,LTE,35.72,65.96,1.237,0.969,-73.5,98.12,323
2026-08-03 14:22:00,Cell_0077,Central,LTE,13.99,97.36,0.523,0.815,-57.7,96.48,214
2026-08-03 14:22:00,Cell_0078,North,5G,3.46,667.15,1.428,0.044,-65.0,97.78,359
2026-08-03 14:22:00,Cell_0079,North,LTE,18.56,46.35,0.771,0.124,-74.4,97.81,417
2026-08-03 14:22:00,Cell_0080,South,5G,4.5,666.33,0.794,0.283,-45.6,96.41,219
2026-08-03 14:22:00,Cell_0081,Central,LTE,22.18,89.36,0.896,0.686,-69.8,97.47,303
2026-08-03 14:22:00,Cell_0082,East,5G,7.29,441.9,15.835,0.812,-71.4,97.1,121
2026-08-03 14:22:00,Cell_0083,South,LTE,10.31,3.15,0.961,0.758,-43.4,97.03,117
2026-08-03 14:22:00,Cell_0084,East,5G,4.29,428.65,0.107,0.955,-51.2,95.34,167
2026-08-03 14:22:00,Cell_0085,East,5G,6.71,181.15,0.746,0.094,-60.2,96.73,275
2026-08-03 14:22:00,Cell_0086,Central,5G,4.36,261.32,0.453,0.209,-54.3,96.54,340
2026-08-03 14:22:00,Cell_0087,North,LTE,31.29,97.49,1.098,0.365,-71.6,99.06,405
2026-08-03 14:22:00,Cell_0088,South,LTE,37.54,66.68,0.479,0.46,-55.0,98.68,438
2026-08-03 14:22:00,Cell_0089,East,LTE,25.74,66.05,0.597,0.964,-42.2,99.24,257
2026-08-03 14:22:00,Cell_0090,Central,LTE,22.89,51.07,0.185,0.235,-44.2,98.57,303
2026-08-03 14:22:00,Cell_0091,Central,LTE,30.12,56.8,0.82,0.007,-51.0,95.25,145
2026-08-03 14:22:00,Cell_0092,North,LTE,39.81,75.53,1.271,0.801,-71.9,96.33,488
2026-08-03 14:22:00,Cell_0093,North,LTE,426.95,65.09,23.184,14.056,-105.4,96.21,147
2026-08-03 14:22:00,Cell_0094,North,LTE,14.0,65.24,1.291,0.289,-73.6,99.34,118
2026-08-03 14:22:00,Cell_0095,East,LTE,32.89,85.24,1.402,0.896,-58.9,98.09,353
2026-08-03 14:22:00,Cell_0096,Central,LTE,17.75,55.14,1.378,0.622,-50.2,96.12,323
2026-08-03 14:22:00,Cell_0097,East,5G,6.87,142.06,0.357,0.182,-54.9,96.26,50
2026-08-03 14:22:00,Cell_0098,South,LTE,28.51,38.24,1.198,10.918,-64.7,96.06,202
2026-08-03 14:22:00,Cell_0099,Central,5G,5.73,900.51,0.014,0.673,-63.4,96.61,93
2026-08-03 14:22:00,Cell_0100,South,5G,3.42,407.89,1.345,0.058,-42.6,96.62,341
2026-08-03 14:22:00,Cell_0101,West,LTE,28.67,36.14,1.439,0.124,-74.9,99.16,453
2026-08-03 14:22:00,Cell_0102,North,LTE,17.38,73.87,0.276,0.758,-40.2,98.62,127
2026-08-03 14:22:00,Cell_0103,West,5G,5.43,520.7,0.328,0.939,-60.5,98.63,408
2026-08-03 14:22:00,Cell_0104,West,5G,9.59,461.63,0.448,0.478,-42.6,97.21,156
2026-08-03 14:22:00,Cell_0105,West,LTE,11.57,50.28,0.052,0.614,-69.1,97.52,205
2026-08-03 14:22:00,Cell_0106,North,LTE,18.63,78.23,0.056,0.473,-50.2,98.64,117
2026-08-03 14:22:00,Cell_0107,West,5G,3.43,707.86,1.303,0.473,-48.4,97.53,269
2026-08-03 14:22:00,Cell_0108,North,LTE,14.13,65.53,0.004,0.926,-45.9,95.07,70
2026-08-03 14:22:00,Cell_0109,South,LTE,22.15,84.39,0.994,0.357,-45.4,99.05,256
2026-08-03 14:22:00,Cell_0110,Central,5G,8.16,951.28,1.093,0.283,-59.3,96.58,298
2026-08-03 14:22:00,Cell_0111,South,5G,2.88,570.45,0.326,0.587,-48.0,98.4,433
2026-08-03 14:22:00,Cell_0112,South,5G,5.88,350.02,1.496,0.79,-66.0,99.57,309
2026-08-03 14:22:00,Cell_0113,West,LTE,27.68,69.62,0.472,0.314,-44.7,97.99,459
2026-08-03 14:22:00,Cell_0114,North,5G,2.29,475.25,1.309,0.297,-70.5,98.73,352
2026-08-03 14:22:00,Cell_0115,Central,LTE,21.43,30.46,0.235,0.548,-50.4,99.4,462
2026-08-03 14:22:00,Cell_0116,North,LTE,29.82,92.82,0.494,0.288,-42.4,96.14,58
2026-08-03 14:22:00,Cell_0117,North,LTE,336.63,74.8,19.683,18.731,-96.2,95.82,148
2026-08-03 14:22:00,Cell_0118,South,5G,8.44,936.23,0.242,0.398,-58.9,97.52,301
2026-08-03 14:22:00,Cell_0119,West,5G,12.21,163.77,0.212,0.965,-67.8,97.63,1789
2026-08-03 14:22:00,Cell_0120,South,5G,3.61,449.14,0.074,0.698,-40.4,96.0,420
2026-08-03 14:23:00,Cell_0001,North,LTE,29.27,52.07,0.701,0.98,-54.0,99.86,188
2026-08-03 14:23:00,Cell_0002,East,LTE,32.59,45.97,0.643,0.444,-65.6,98.88,248
2026-08-03 14:23:00,Cell_0003,South,LTE,30.35,39.32,0.006,0.621,-42.9,95.77,252
2026-08-03 14:23:00,Cell_0004,North,LTE,11.52,63.44,0.861,0.141,-72.1,97.0,53
2026-08-03 14:23:00,Cell_0005,Central,5G,3.9,910.78,1.099,0.684,-60.8,96.39,305
2026-08-03 14:23:00,Cell_0006,North,LTE,25.68,51.89,0.492,0.759,-43.9,96.76,138
2026-08-03 14:23:00,Cell_0007,North,LTE,22.93,20.46,0.078,0.524,-63.2,98.93,262
2026-08-03 14:23:00,Cell_0008,South,LTE,35.68,43.29,0.086,0.071,-61.6,96.28,104
2026-08-03 14:23:00,Cell_0009,Central,LTE,36.75,88.93,0.39,0.77,-54.4,97.36,201
2026-08-03 14:23:00,Cell_0010,Central,5G,193.35,849.87,15.002,12.049,-114.2,97.13,312
2026-08-03 14:23:00,Cell_0011,South,5G,1.18,22.94,0.291,0.882,-64.6,99.68,128
2026-08-03 14:23:00,Cell_0012,Central,5G,2.56,817.58,0.499,0.049,-53.6,97.67,65
2026-08-03 14:23:00,Cell_0013,North,LTE,33.31,42.24,0.104,0.269,-54.8,97.92,271
2026-08-03 14:23:00,Cell_0014,West,5G,8.41,528.07,0.727,0.845,-46.3,97.88,299
2026-08-03 14:23:00,Cell_0015,East,LTE,18.18,99.2,0.833,0.11,-62.3,98.05,319
2026-08-03 14:23:00,Cell_0016,South,5G,3.86,138.01,0.307,0.754,-90.5,60.35,203
2026-08-03 14:23:00,Cell_0017,North,LTE,29.21,96.27,0.86,0.677,-43.9,97.92,371
2026-08-03 14:23:00,Cell_0018,West,LTE,11.35,72.63,0.648,0.169,-53.4,96.35,383
2026-08-03 14:23:00,Cell_0019,East,5G,8.71,821.29,1.454,0.354,-56.4,99.87,121
2026-08-03 14:23:00,Cell_0020,Central,5G,3.52,857.38,0.026,0.191,-64.1,95.2,99
2026-08-03 14:23:00,Cell_0021,North,5G,4.96,513.85,0.429,0.437,-62.3,96.83,108
2026-08-03 14:23:00,Cell_0022,Central,LTE,12.0,91.95,1.107,0.993,-51.0,98.61,153
2026-08-03 14:23:00,Cell_0023,West,LTE,25.66,77.91,1.259,0.32,-93.9,66.91,406
2026-08-03 14:23:00,Cell_0024,Central,5G,2.43,682.03,0.33,0.971,-60.0,98.68,234
2026-08-03 14:23:00,Cell_0025,Central,5G,4.39,660.44,0.42,0.459,-45.6,96.46,314
2026-08-03 14:23:00,Cell_0026,Central,LTE,35.48,55.48,1.05,0.384,-68.6,97.95,386
2026-08-03 14:23:00,Cell_0027,North,LTE,37.44,26.92,0.138,0.812,-42.7,98.99,96
2026-08-03 14:23:00,Cell_0028,South,5G,5.51,365.41,0.22,0.381,-62.3,96.7,209
2026-08-03 14:23:00,Cell_0029,North,LTE,26.46,86.88,1.4,0.928,-66.8,97.3,123
2026-08-03 14:23:00,Cell_0030,North,5G,5.26,505.28,0.754,0.579,-40.7,99.42,166
2026-08-03 14:23:00,Cell_0031,East,5G,8.45,150.95,1.063,0.797,-40.8,96.58,189
2026-08-03 14:23:00,Cell_0032,East,LTE,31.43,70.21,0.672,0.671,-55.7,99.05,278
2026-08-03 14:23:00,Cell_0033,East,5G,7.33,163.54,1.187,0.421,-64.0,96.01,318
2026-08-03 14:23:00,Cell_0034,South,5G,8.37,878.41,0.811,0.685,-108.7,74.58,286
2026-08-03 14:23:00,Cell_0035,North,LTE,28.08,64.63,0.454,0.51,-53.7,98.56,249
2026-08-03 14:23:00,Cell_0036,Central,LTE,34.8,36.81,0.395,0.512,-60.6,97.63,490
2026-08-03 14:23:00,Cell_0037,South,5G,1.15,531.09,0.119,0.238,-61.0,95.54,108
2026-08-03 14:23:00,Cell_0038,West,5G,8.08,642.36,0.948,0.334,-71.9,99.39,329
2026-08-03 14:23:00,Cell_0039,Central,LTE,37.85,71.76,0.81,0.644,-45.3,98.92,100
2026-08-03 14:23:00,Cell_0040,East,LTE,14.01,84.67,0.973,0.488,-43.0,96.94,439
2026-08-03 14:23:00,Cell_0041,South,LTE,27.88,89.85,0.071,0.586,-67.3,98.9,351
2026-08-03 14:23:00,Cell_0042,East,5G,4.49,646.03,0.346,0.275,-50.3,98.31,484
2026-08-03 14:23:00,Cell_0043,East,LTE,19.11,92.17,1.382,0.243,-63.9,97.1,217
2026-08-03 14:23:00,Cell_0044,South,5G,6.53,876.03,1.174,0.865,-40.1,95.96,231
2026-08-03 14:23:00,Cell_0045,South,5G,1.12,538.15,0.354,0.102,-69.0,99.03,500
2026-08-03 14:23:00,Cell_0046,West,5G,3.91,406.24,0.064,0.844,-63.9,98.38,66
2026-08-03 14:23:00,Cell_0047,South,5G,6.79,572.32,0.927,0.676,-49.1,97.58,413
2026-08-03 14:23:00,Cell_0048,South,LTE,17.9,44.89,1.473,0.537,-71.3,95.38,82
2026-08-03 14:23:00,Cell_0049,Central,5G,5.35,146.27,1.38,0.102,-69.7,96.13,381
2026-08-03 14:23:00,Cell_0050,Central,5G,8.66,278.61,0.804,0.444,-63.6,98.75,469
2026-08-03 14:23:00,Cell_0051,Central,5G,5.8,167.18,0.056,0.639,-44.3,97.25,278
2026-08-03 14:23:00,Cell_0052,East,LTE,36.21,31.37,0.958,0.303,-47.8,96.34,268
2026-08-03 14:23:00,Cell_0053,South,5G,3.37,978.69,0.862,0.293,-43.0,99.95,469
2026-08-03 14:23:00,Cell_0054,North,LTE,31.77,54.18,0.447,0.022,-59.9,99.69,363
2026-08-03 14:23:00,Cell_0055,North,LTE,16.56,59.89,0.993,0.869,-62.6,99.72,237
2026-08-03 14:23:00,Cell_0056,South,5G,9.25,641.28,1.055,0.147,-59.6,95.52,251
2026-08-03 14:23:00,Cell_0057,Central,LTE,33.22,36.67,0.057,0.565,-71.9,97.8,411
2026-08-03 14:23:00,Cell_0058,West,5G,6.78,996.34,0.34,0.175,-71.8,99.27,427
2026-08-03 14:23:00,Cell_0059,Central,5G,5.95,664.15,0.381,0.247,-59.8,96.95,288
2026-08-03 14:23:00,Cell_0060,Central,5G,3.7,815.24,1.27,0.709,-61.4,98.64,226
2026-08-03 14:23:00,Cell_0061,Central,LTE,27.17,63.58,0.975,0.922,-58.0,98.7,362
2026-08-03 14:23:00,Cell_0062,North,5G,1.57,102.64,0.02,0.162,-69.2,97.57,98
2026-08-03 14:23:00,Cell_0063,East,LTE,26.55,71.64,1.414,0.891,-71.5,98.94,203
2026-08-03 14:23:00,Cell_0064,East,5G,7.01,447.94,1.334,0.705,-66.1,97.81,405
2026-08-03 14:23:00,Cell_0065,South,5G,5.05,123.25,1.494,0.591,-49.8,95.63,257
2026-08-03 14:23:00,Cell_0066,North,5G,6.73,317.23,0.302,0.934,-46.6,97.12,486
2026-08-03 14:23:00,Cell_0067,Central,LTE,39.08,79.93,0.863,0.646,-61.5,99.1,109
2026-08-03 14:23:00,Cell_0068,Central,LTE,15.66,50.17,0.69,0.6,-61.8,97.08,272
2026-08-03 14:23:00,Cell_0069,East,LTE,10.04,99.79,1.12,0.915,-65.3,99.06,66
2026-08-03 14:23:00,Cell_0070,South,5G,8.64,215.21,1.02,0.979,-65.6,97.94,70
2026-08-03 14:23:00,Cell_0071,South,LTE,90.48,28.03,1.458,0.554,-43.8,97.44,833
2026-08-03 14:23:00,Cell_0072,Central,5G,3.95,672.1,0.414,0.404,-65.4,95.13,134
2026-08-03 14:23:00,Cell_0073,West,LTE,33.31,48.04,0.687,0.851,-43.2,97.17,207
2026-08-03 14:23:00,Cell_0074,North,5G,8.28,832.2,0.165,0.384,-57.9,95.64,161
2026-08-03 14:23:00,Cell_0075,East,LTE,27.54,80.04,1.103,0.643,-94.8,75.98,232
2026-08-03 14:23:00,Cell_0076,North,LTE,23.16,88.06,0.394,0.093,-53.7,95.13,489
2026-08-03 14:23:00,Cell_0077,Central,LTE,37.58,63.81,0.004,0.179,-46.9,96.72,423
2026-08-03 14:23:00,Cell_0078,North,5G,2.87,943.11,1.453,0.779,-42.6,96.28,331
2026-08-03 14:23:00,Cell_0079,North,LTE,14.22,62.68,0.804,0.573,-64.5,98.78,169
2026-08-03 14:23:00,Cell_0080,South,5G,179.19,348.39,15.867,6.717,-101.1,97.41,347
2026-08-03 14:23:00,Cell_0081,Central,LTE,25.78,57.32,1.236,0.214,-70.3,98.44,198
2026-08-03 14:23:00,Cell_0082,East,5G,3.9,319.47,0.743,0.435,-93.9,72.55,407
2026-08-03 14:23:00,Cell_0083,South,LTE,135.04,62.87,1.448,0.086,-67.8,95.42,97
2026-08-03 14:23:00,Cell_0084,East,5G,5.81,253.75,0.156,0.8,-58.0,97.74,330
2026-08-03 14:23:00,Cell_0085,East,5G,1.41,704.25,0.946,0.32,-64.5,96.65,282
2026-08-03 14:23:00,Cell_0086,Central,5G,4.66,593.12,1.257,0.143,-60.0,97.89,151
2026-08-03 14:23:00,Cell_0087,North,LTE,34.26,25.77,1.413,0.179,-49.0,95.06,67
2026-08-03 14:23:00,Cell_0088,South,LTE,63.85,13.04,0.753,0.874,-40.8,98.46,838
2026-08-03 14:23:00,Cell_0089,East,LTE,18.65,27.65,0.434,0.153,-60.9,97.4,102
2026-08-03 14:23:00,Cell_0090,Central,LTE,17.68,79.08,0.85,0.019,-40.6,97.01,177
2026-08-03 14:23:00,Cell_0091,Central,LTE,32.21,31.25,0.204,0.137,-73.7,99.96,168
2026-08-03 14:23:00,Cell_0092,North,LTE,27.61,34.74,0.264,0.372,-70.1,95.14,389
2026-08-03 14:23:00,Cell_0093,North,LTE,32.73,88.03,0.171,0.208,-56.3,96.05,344
2026-08-03 14:23:00,Cell_0094,North,LTE,16.83,33.94,0.272,0.379,-40.9,98.98,131
2026-08-03 14:23:00,Cell_0095,East,LTE,27.93,46.84,1.29,0.679,-63.3,96.08,145
2026-08-03 14:23:00,Cell_0096,Central,LTE,18.95,84.33,0.914,0.428,-74.8,96.32,312
2026-08-03 14:23:00,Cell_0097,East,5G,2.74,256.48,0.082,0.81,-41.7,96.24,434
2026-08-03 14:23:00,Cell_0098,South,LTE,30.1,70.01,1.3,0.243,-51.8,97.75,370
2026-08-03 14:23:00,Cell_0099,Central,5G,6.6,847.34,0.534,0.835,-71.8,98.44,246
2026-08-03 14:23:00,Cell_0100,South,5G,4.64,832.67,0.844,0.066,-57.9,99.49,130
2026-08-03 14:23:00,Cell_0101,West,LTE,17.39,71.17,0.091,0.916,-60.4,95.53,292
2026-08-03 14:23:00,Cell_0102,North,LTE,21.08,39.94,1.273,0.698,-69.4,99.39,448
2026-08-03 14:23:00,Cell_0103,West,5G,3.44,788.22,0.651,0.318,-66.8,96.04,347
2026-08-03 14:23:00,Cell_0104,West,5G,7.3,466.95,1.143,0.881,-54.8,99.44,432
2026-08-03 14:23:00,Cell_0105,West,LTE,18.69,90.19,1.061,0.99,-57.7,97.96,202
2026-08-03 14:23:00,Cell_0106,North,LTE,24.24,32.53,0.686,0.645,-42.3,99.75,431
2026-08-03 14:23:00,Cell_0107,West,5G,9.38,391.58,0.319,0.659,-60.6,96.64,433
2026-08-03 14:23:00,Cell_0108,North,LTE,30.06,22.09,1.177,0.393,-56.2,96.48,290
2026-08-03 14:23:00,Cell_0109,South,LTE,17.09,68.67,1.334,0.546,-52.0,97.08,231
2026-08-03 14:23:00,Cell_0110,Central,5G,7.06,550.08,0.152,0.897,-57.0,95.98,286
2026-08-03 14:23:00,Cell_0111,South,5G,3.2,547.39,0.312,0.131,-72.9,98.46,446
2026-08-03 14:23:00,Cell_0112,South,5G,1.04,185.88,0.804,0.424,-58.1,97.77,414
2026-08-03 14:23:00,Cell_0113,West,LTE,36.89,50.93,0.413,12.405,-70.4,95.61,196
2026-08-03 14:23:00,Cell_0114,North,5G,3.68,795.93,0.595,0.323,-65.3,95.72,346
2026-08-03 14:23:00,Cell_0115,Central,LTE,28.99,51.09,1.054,0.344,-60.8,99.59,147
2026-08-03 14:23:00,Cell_0116,North,LTE,23.8,79.84,0.878,0.807,-52.9,96.5,160
2026-08-03 14:23:00,Cell_0117,North,LTE,27.18,60.45,0.997,0.993,-71.2,98.21,409
2026-08-03 14:23:00,Cell_0118,South,5G,7.47,610.44,0.133,0.41,-40.4,95.13,399
2026-08-03 14:23:00,Cell_0119,West,5G,3.02,395.77,0.9,0.033,-41.5,95.54,229
2026-08-03 14:23:00,Cell_0120,South,5G,6.14,202.23,1.164,0.247,-53.9,98.66,67
2026-08-03 14:24:00,Cell_0001,North,LTE,12.44,38.11,0.408,0.272,-58.3,98.33,476
2026-08-03 14:24:00,Cell_0002,East,LTE,34.0,96.56,0.41,0.795,-65.1,99.13,329
2026-08-03 14:24:00,Cell_0003,South,LTE,17.96,78.27,1.433,0.865,-57.7,96.08,87
2026-08-03 14:24:00,Cell_0004,North,LTE,37.26,27.29,0.601,0.975,-54.8,98.55,389
2026-08-03 14:24:00,Cell_0005,Central,5G,7.94,142.8,0.467,0.899,-69.3,99.56,127
2026-08-03 14:24:00,Cell_0006,North,LTE,34.92,53.38,0.625,0.119,-42.9,100.0,432
2026-08-03 14:24:00,Cell_0007,North,LTE,36.29,68.18,0.37,0.144,-41.6,98.85,182
2026-08-03 14:24:00,Cell_0008,South,LTE,32.28,46.33,0.83,0.888,-40.1,96.05,151
2026-08-03 14:24:00,Cell_0009,Central,LTE,11.84,7.41,1.477,0.096,-45.7,99.64,101
2026-08-03 14:24:00,Cell_0010,Central,5G,1.72,808.48,0.148,0.702,-72.0,97.48,154
2026-08-03 14:24:00,Cell_0011,South,5G,8.04,187.98,1.023,0.926,-46.4,99.98,205
2026-08-03 14:24:00,Cell_0012,Central,5G,7.02,103.88,1.456,0.521,-46.9,95.44,97
2026-08-03 14:24:00,Cell_0013,North,LTE,35.21,56.75,0.948,0.317,-43.2,99.67,88
2026-08-03 14:24:00,Cell_0014,West,5G,6.47,972.78,0.715,0.51,-57.8,96.47,269
2026-08-03 14:24:00,Cell_0015,East,LTE,12.15,64.33,1.446,0.038,-52.7,96.51,106
2026-08-03 14:24:00,Cell_0016,South,5G,4.41,804.21,1.498,0.169,-52.6,95.59,195
2026-08-03 14:24:00,Cell_0017,North,LTE,12.28,39.0,1.38,0.218,-73.2,97.98,271
2026-08-03 14:24:00,Cell_0018,West,LTE,15.57,25.31,0.822,0.814,-63.2,99.99,139
2026-08-03 14:24:00,Cell_0019,East,5G,5.47,380.7,0.113,0.139,-62.3,97.43,464
2026-08-03 14:24:00,Cell_0020,Central,5G,7.37,625.37,0.896,7.685,-56.8,99.57,233
2026-08-03 14:24:00,Cell_0021,North,5G,6.13,954.67,0.331,0.058,-62.1,97.95,371
2026-08-03 14:24:00,Cell_0022,Central,LTE,20.22,56.11,1.409,0.917,-67.7,96.82,308
2026-08-03 14:24:00,Cell_0023,West,LTE,14.37,99.24,0.672,0.724,-59.1,96.95,118
2026-08-03 14:24:00,Cell_0024,Central,5G,4.25,430.26,0.388,0.874,-58.3,98.32,92
2026-08-03 14:24:00,Cell_0025,Central,5G,9.99,928.88,0.167,0.222,-40.5,96.89,381
2026-08-03 14:24:00,Cell_0026,Central,LTE,22.63,34.4,0.061,0.7,-59.4,99.04,498
2026-08-03 14:24:00,Cell_0027,North,LTE,140.12,98.44,10.983,7.111,-105.6,96.36,461
2026-08-03 14:24:00,Cell_0028,South,5G,5.51,200.19,0.527,0.793,-69.4,96.15,332
2026-08-03 14:24:00,Cell_0029,North,LTE,15.25,32.4,0.02,0.278,-63.6,95.78,148
2026-08-03 14:24:00,Cell_0030,North,5G,6.45,635.95,0.048,0.273,-73.6,98.76,187
2026-08-03 14:24:00,Cell_0031,East,5G,8.22,305.36,1.335,0.102,-71.0,96.23,391
2026-08-03 14:24:00,Cell_0032,East,LTE,357.25,81.94,21.025,18.853,-114.8,99.64,134
2026-08-03 14:24:00,Cell_0033,East,5G,3.6,675.6,1.404,0.359,-57.9,99.9,356
2026-08-03 14:24:00,Cell_0034,South,5G,5.72,126.29,1.39,0.017,-72.5,99.47,102
2026-08-03 14:24:00,Cell_0035,North,LTE,37.3,76.98,0.494,0.301,-53.5,99.36,114
2026-08-03 14:24:00,Cell_0036,Central,LTE,25.32,92.51,1.395,0.263,-58.6,97.05,282
2026-08-03 14:24:00,Cell_0037,South,5G,8.95,216.0,0.055,0.085,-57.2,97.78,362
2026-08-03 14:24:00,Cell_0038,West,5G,4.47,780.41,0.747,0.913,-52.5,99.84,394
2026-08-03 14:24:00,Cell_0039,Central,LTE,23.94,66.81,0.173,0.146,-67.2,98.3,421
2026-08-03 14:24:00,Cell_0040,East,LTE,23.34,94.49,1.356,0.822,-60.9,97.88,213
2026-08-03 14:24:00,Cell_0041,South,LTE,26.58,96.63,1.372,0.784,-54.3,96.53,443
2026-08-03 14:24:00,Cell_0042,East,5G,31.9,55.67,1.342,0.001,-60.3,99.82,900
2026-08-03 14:24:00,Cell_0043,East,LTE,28.23,63.46,0.022,0.067,-73.3,96.66,285
2026-08-03 14:24:00,Cell_0044,South,5G,5.07,346.03,0.666,0.043,-61.0,95.72,262
2026-08-03 14:24:00,Cell_0045,South,5G,3.0,697.49,0.104,0.588,-55.7,95.7,162
2026-08-03 14:24:00,Cell_0046,West,5G,5.61,275.01,1.084,0.616,-69.4,98.06,253
2026-08-03 14:24:00,Cell_0047,South,5G,3.71,796.48,0.748,0.909,-63.7,99.38,54
2026-08-03 14:24:00,Cell_0048,South,LTE,30.26,39.23,0.211,0.251,-67.6,97.56,442
2026-08-03 14:24:00,Cell_0049,Central,5G,1.72,738.49,0.462,0.72,-107.8,73.36,253
2026-08-03 14:24:00,Cell_0050,Central,5G,3.54,961.02,1.392,0.384,-45.8,97.82,243
2026-08-03 14:24:00,Cell_0051,Central,5G,235.17,432.03,21.195,10.383,-96.4,98.29,367
2026-08-03 14:24:00,Cell_0052,East,LTE,19.66,63.03,1.216,0.525,-67.1,96.4,474
2026-08-03 14:24:00,Cell_0053,South,5G,4.92,265.44,1.323,0.617,-71.8,95.79,298
2026-08-03 14:24:00,Cell_0054,North,LTE,14.71,31.11,0.197,0.302,-60.7,97.71,443
2026-08-03 14:24:00,Cell_0055,North,LTE,13.58,74.76,0.886,0.9,-61.6,96.05,489
2026-08-03 14:24:00,Cell_0056,South,5G,1.04,299.16,0.189,0.355,-73.8,96.08,479
2026-08-03 14:24:00,Cell_0057,Central,LTE,14.71,23.61,0.797,0.938,-62.5,95.92,73
2026-08-03 14:24:00,Cell_0058,West,5G,7.04,143.87,0.865,0.643,-67.6,98.09,300
2026-08-03 14:24:00,Cell_0059,Central,5G,1.76,155.61,0.087,0.022,-50.2,98.24,270
2026-08-03 14:24:00,Cell_0060,Central,5G,2.32,857.52,0.565,0.718,-65.2,97.46,313
2026-08-03 14:24:00,Cell_0061,Central,LTE,20.62,67.98,0.004,0.449,-40.1,99.06,123
2026-08-03 14:24:00,Cell_0062,North,5G,3.57,801.67,1.09,0.977,-70.2,96.17,247
2026-08-03 14:24:00,Cell_0063,East,LTE,24.06,93.28,0.802,0.075,-63.4,96.45,425
2026-08-03 14:24:00,Cell_0064,East,5G,3.21,111.56,1.11,0.615,-41.9,96.76,396
2026-08-03 14:24:00,Cell_0065,South,5G,9.21,928.0,1.005,0.974,-60.0,97.1,269
2026-08-03 14:24:00,Cell_0066,North,5G,4.1,692.95,0.972,0.76,-72.7,95.13,344
2026-08-03 14:24:00,Cell_0067,Central,LTE,12.6,76.02,0.482,0.547,-60.8,95.37,419
2026-08-03 14:24:00,Cell_0068,Central,LTE,14.68,39.67,1.013,0.391,-53.1,98.4,276
2026-08-03 14:24:00,Cell_0069,East,LTE,198.61,58.23,0.641,0.335,-70.3,95.99,298
2026-08-03 14:24:00,Cell_0070,South,5G,1.64,224.25,1.228,0.517,-65.0,97.56,262
2026-08-03 14:24:00,Cell_0071,South,LTE,24.94,26.65,1.269,0.606,-68.3,95.2,432
2026-08-03 14:24:00,Cell_0072,Central,5G,8.47,795.62,0.368,0.752,-55.2,98.48,497
2026-08-03 14:24:00,Cell_0073,West,LTE,30.92,36.57,0.389,0.345,-51.9,97.51,244
2026-08-03 14:24:00,Cell_0074,North,5G,2.88,973.81,1.132,0.535,-66.0,97.45,333
2026-08-03 14:24:00,Cell_0075,East,LTE,30.49,53.02,0.855,0.882,-63.1,96.05,318
2026-08-03 14:24:00,Cell_0076,North,LTE,12.83,82.32,1.001,0.03,-61.4,96.77,408
2026-08-03 14:24:00,Cell_0077,Central,LTE,18.79,54.49,1.299,0.877,-44.5,96.84,462
2026-08-03 14:24:00,Cell_0078,North,5G,2.65,351.68,1.415,0.221,-46.7,96.24,477
2026-08-03 14:24:00,Cell_0079,North,LTE,21.77,94.43,0.579,0.469,-60.6,97.64,311
2026-08-03 14:24:00,Cell_0080,South,5G,4.83,248.22,1.221,0.578,-50.2,99.15,61
2026-08-03 14:24:00,Cell_0081,Central,LTE,28.76,45.19,1.438,0.579,-41.0,97.09,246
2026-08-03 14:24:00,Cell_0082,East,5G,4.0,198.87,1.228,0.054,-60.2,95.63,279
2026-08-03 14:24:00,Cell_0083,South,LTE,31.33,34.35,1.417,0.74,-50.4,98.07,349
2026-08-03 14:24:00,Cell_0084,East,5G,3.32,889.6,1.3,0.073,-54.9,96.51,494
2026-08-03 14:24:00,Cell_0085,East,5G,4.34,103.93,0.221,0.196,-43.7,97.31,488
2026-08-03 14:24:00,Cell_0086,Central,5G,8.69,701.32,1.049,0.287,-62.9,97.46,340
2026-08-03 14:24:00,Cell_0087,North,LTE,36.32,49.89,1.296,0.291,-52.1,97.29,154
2026-08-03 14:24:00,Cell_0088,South,LTE,28.33,30.72,0.439,0.556,-45.6,99.72,123
2026-08-03 14:24:00,Cell_0089,East,LTE,15.79,71.61,1.321,0.693,-42.6,98.49,188
2026-08-03 14:24:00,Cell_0090,Central,LTE,31.53,51.58,0.6,0.73,-74.6,95.99,372
2026-08-03 14:24:00,Cell_0091,Central,LTE,14.22,89.03,1.469,0.52,-68.0,95.56,120
2026-08-03 14:24:00,Cell_0092,North,LTE,34.76,22.17,1.424,0.049,-43.9,98.38,199
2026-08-03 14:24:00,Cell_0093,North,LTE,18.05,51.02,0.38,0.965,-56.0,96.02,435
2026-08-03 14:24:00,Cell_0094,North,LTE,35.47,74.06,0.572,0.947,-57.2,99.69,403
2026-08-03 14:24:00,Cell_0095,East,LTE,22.16,77.9,0.957,0.697,-61.7,99.26,377
2026-08-03 14:24:00,Cell_0096,Central,LTE,28.2,42.88,0.652,0.916,-70.3,97.81,239
2026-08-03 14:24:00,Cell_0097,East,5G,3.52,743.67,0.078,0.867,-69.9,98.11,440
2026-08-03 14:24:00,Cell_0098,South,LTE,37.24,94.44,0.561,0.825,-41.1,99.37,89
2026-08-03 14:24:00,Cell_0099,Central,5G,3.99,452.35,0.713,0.787,-56.4,98.45,412
2026-08-03 14:24:00,Cell_0100,South,5G,5.87,143.91,1.427,0.734,-54.8,98.79,426
2026-08-03 14:24:00,Cell_0101,West,LTE,17.66,25.45,6.517,0.272,-72.8,97.03,310
2026-08-03 14:24:00,Cell_0102,North,LTE,19.91,61.8,0.982,0.274,-52.4,97.39,284
2026-08-03 14:24:00,Cell_0103,West,5G,5.55,277.38,0.937,0.012,-42.7,97.58,212
2026-08-03 14:24:00,Cell_0104,West,5G,5.03,538.35,1.223,0.549,-73.7,99.81,361
2026-08-03 14:24:00,Cell_0105,West,LTE,126.52,10.89,0.986,0.405,-53.8,98.47,1218
2026-08-03 14:24:00,Cell_0106,North,LTE,20.97,94.23,0.636,0.799,-40.8,95.56,341
2026-08-03 14:24:00,Cell_0107,West,5G,8.44,446.84,0.534,0.736,-56.8,98.32,131
2026-08-03 14:24:00,Cell_0108,North,LTE,24.29,23.33,0.481,0.028,-41.1,97.68,241
2026-08-03 14:24:00,Cell_0109,South,LTE,20.7,63.13,0.882,0.422,-59.6,95.75,239
2026-08-03 14:24:00,Cell_0110,Central,5G,9.57,988.65,0.868,0.593,-48.4,95.82,131
2026-08-03 14:24:00,Cell_0111,South,5G,6.94,184.84,1.358,0.7,-63.3,95.22,398
2026-08-03 14:24:00,Cell_0112,South,5G,8.33,936.13,0.642,0.485,-44.6,95.02,497
2026-08-03 14:24:00,Cell_0113,West,LTE,10.19,83.1,0.511,0.158,-46.1,95.89,436
2026-08-03 14:24:00,Cell_0114,North,5G,6.33,830.01,0.333,0.317,-52.7,99.06,413
2026-08-03 14:24:00,Cell_0115,Central,LTE,19.6,89.98,0.556,0.3,-100.7,64.76,461
2026-08-03 14:24:00,Cell_0116,North,LTE,26.06,65.14,0.708,0.886,-45.5,98.19,441
2026-08-03 14:24:00,Cell_0117,North,LTE,26.67,77.2,0.25,0.484,-58.4,97.28,432
2026-08-03 14:24:00,Cell_0118,South,5G,2.04,890.94,0.752,0.14,-70.5,98.66,384
2026-08-03 14:24:00,Cell_0119,West,5G,4.51,100.99,0.904,0.009,-43.2,95.73,74
2026-08-03 14:24:00,Cell_0120,South,5G,7.45,350.79,0.29,0.675,-57.9,99.44,76
2026-08-03 14:25:00,Cell_0001,North,LTE,29.76,87.9,1.038,0.447,-58.6,98.79,477
2026-08-03 14:25:00,Cell_0002,East,LTE,31.35,54.18,0.18,0.58,-52.9,95.54,236
2026-08-03 14:25:00,Cell_0003,South,LTE,23.04,81.75,0.604,0.455,-64.6,98.04,420
2026-08-03 14:25:00,Cell_0004,North,LTE,25.72,38.76,0.431,0.266,-74.4,98.57,127
2026-08-03 14:25:00,Cell_0005,Central,5G,8.42,353.39,0.208,0.674,-51.1,96.82,449
2026-08-03 14:25:00,Cell_0006,North,LTE,16.01,75.56,0.191,0.088,-72.3,96.29,369
2026-08-03 14:25:00,Cell_0007,North,LTE,23.76,48.95,0.427,0.672,-60.3,98.81,221
2026-08-03 14:25:00,Cell_0008,South,LTE,29.22,29.14,1.362,0.329,-48.9,95.48,85
2026-08-03 14:25:00,Cell_0009,Central,LTE,34.86,32.11,0.013,0.504,-70.3,96.74,342
2026-08-03 14:25:00,Cell_0010,Central,5G,7.02,860.23,1.365,0.598,-44.8,99.59,154
2026-08-03 14:25:00,Cell_0011,South,5G,3.6,550.35,0.311,0.492,-71.9,95.93,195
2026-08-03 14:25:00,Cell_0012,Central,5G,5.25,182.16,0.378,0.242,-43.6,97.53,261
2026-08-03 14:25:00,Cell_0013,North,LTE,21.62,42.69,1.248,0.812,-74.2,96.04,303
2026-08-03 14:25:00,Cell_0014,West,5G,8.36,466.9,0.547,0.779,-70.0,96.96,220
2026-08-03 14:25:00,Cell_0015,East,LTE,36.67,92.13,1.483,0.498,-70.5,95.01,465
2026-08-03 14:25:00,Cell_0016,South,5G,39.02,138.64,0.212,0.546,-51.8,95.43,1572
2026-08-03 14:25:00,Cell_0017,North,LTE,26.78,47.03,0.313,0.143,-44.3,97.0,383
2026-08-03 14:25:00,Cell_0018,West,LTE,11.71,71.6,1.088,0.988,-63.8,97.1,385
2026-08-03 14:25:00,Cell_0019,East,5G,4.43,741.49,1.249,0.201,-74.5,99.54,79
2026-08-03 14:25:00,Cell_0020,Central,5G,6.3,573.69,0.893,0.235,-55.6,97.61,422
2026-08-03 14:25:00,Cell_0021,North,5G,9.46,868.25,18.98,0.045,-56.6,99.91,168
2026-08-03 14:25:00,Cell_0022,Central,LTE,20.05,90.46,0.9,0.18,-51.1,98.11,167
2026-08-03 14:25:00,Cell_0023,West,LTE,17.88,37.65,0.665,0.425,-91.7,60.62,137
2026-08-03 14:25:00,Cell_0024,Central,5G,1.74,986.54,1.012,0.429,-72.7,99.27,492
2026-08-03 14:25:00,Cell_0025,Central,5G,3.73,512.98,1.046,0.256,-59.0,95.02,227
2026-08-03 14:25:00,Cell_0026,Central,LTE,16.61,99.48,1.295,0.088,-40.7,98.4,158
2026-08-03 14:25:00,Cell_0027,North,LTE,32.25,20.67,0.919,0.497,-67.9,97.24,307
2026-08-03 14:25:00,Cell_0028,South,5G,2.26,601.93,1.481,0.747,-70.1,97.11,169
2026-08-03 14:25:00,Cell_0029,North,LTE,22.25,89.08,0.971,0.757,-71.4,99.06,268
2026-08-03 14:25:00,Cell_0030,North,5G,8.8,558.18,0.718,0.87,-70.6,97.65,464
2026-08-03 14:25:00,Cell_0031,East,5G,4.68,312.57,0.817,0.906,-51.7,95.12,423
2026-08-03 14:25:00,Cell_0032,East,LTE,36.37,82.59,0.242,0.924,-69.0,95.79,267
2026-08-03 14:25:00,Cell_0033,East,5G,4.99,847.72,0.772,0.57,-50.9,97.24,253
2026-08-03 14:25:00,Cell_0034,South,5G,4.56,835.32,0.254,0.55,-52.6,98.38,415
2026-08-03 14:25:00,Cell_0035,North,LTE,28.28,57.1,0.871,0.242,-63.9,97.68,119
2026-08-03 14:25:00,Cell_0036,Central,LTE,28.67,58.42,0.228,0.323,-53.9,97.48,201
2026-08-03 14:25:00,Cell_0037,South,5G,20.3,213.88,0.554,0.742,-74.1,95.15,1395
2026-08-03 14:25:00,Cell_0038,West,5G,8.03,396.7,0.827,0.188,-72.6,99.11,352
2026-08-03 14:25:00,Cell_0039,Central,LTE,35.89,89.39,0.526,0.093,-56.3,95.4,108
2026-08-03 14:25:00,Cell_0040,East,LTE,19.25,54.28,0.084,0.651,-47.9,95.02,358
2026-08-03 14:25:00,Cell_0041,South,LTE,18.09,76.32,0.271,0.948,-55.4,99.44,228
2026-08-03 14:25:00,Cell_0042,East,5G,9.93,663.81,0.964,0.774,-54.4,95.09,102
2026-08-03 14:25:00,Cell_0043,East,LTE,14.5,70.69,0.096,0.507,-45.8,95.18,190
2026-08-03 14:25:00,Cell_0044,South,5G,7.79,120.66,0.992,0.601,-69.8,95.91,166
2026-08-03 14:25:00,Cell_0045,South,5G,4.67,289.74,0.179,0.561,-61.5,99.43,56
2026-08-03 14:25:00,Cell_0046,West,5G,5.49,276.01,1.411,0.812,-47.5,99.52,383
2026-08-03 14:25:00,Cell_0047,South,5G,2.25,731.57,0.861,0.363,-58.6,98.96,375
2026-08-03 14:25:00,Cell_0048,South,LTE,10.75,84.72,0.742,0.782,-71.8,98.21,191
2026-08-03 14:25:00,Cell_0049,Central,5G,9.51,964.93,0.551,0.408,-47.8,97.48,75
2026-08-03 14:25:00,Cell_0050,Central,5G,5.88,543.65,0.312,0.646,-66.1,96.86,180
2026-08-03 14:25:00,Cell_0051,Central,5G,1.59,442.74,0.644,0.549,-56.2,99.11,231
2026-08-03 14:25:00,Cell_0052,East,LTE,25.42,73.3,1.309,0.507,-47.5,97.81,488
2026-08-03 14:25:00,Cell_0053,South,5G,9.46,417.86,0.821,0.429,-69.4,97.08,303
2026-08-03 14:25:00,Cell_0054,North,LTE,39.36,86.39,0.776,0.24,-74.0,98.31,285
2026-08-03 14:25:00,Cell_0055,North,LTE,25.74,20.37,0.762,0.609,-66.5,98.87,383
2026-08-03 14:25:00,Cell_0056,South,5G,8.24,604.77,0.985,0.649,-64.5,99.36,423
2026-08-03 14:25:00,Cell_0057,Central,LTE,27.91,46.98,0.803,0.356,-48.3,98.95,213
2026-08-03 14:25:00,Cell_0058,West,5G,4.25,748.66,0.894,0.532,-61.0,95.83,471
2026-08-03 14:25:00,Cell_0059,Central,5G,5.12,352.33,1.377,8.362,-48.5,97.84,406
2026-08-03 14:25:00,Cell_0060,Central,5G,5.41,227.69,1.458,0.315,-52.8,99.61,391
2026-08-03 14:25:00,Cell_0061,Central,LTE,30.57,39.34,1.388,0.063,-70.2,97.8,229
2026-08-03 14:25:00,Cell_0062,North,5G,1.35,219.39,1.046,0.005,-40.3,95.12,144
2026-08-03 14:25:00,Cell_0063,East,LTE,12.83,36.78,0.34,0.065,-43.2,97.98,445
2026-08-03 14:25:00,Cell_0064,East,5G,7.05,309.29,0.336,0.491,-45.0,98.79,146
2026-08-03 14:25:00,Cell_0065,South,5G,7.49,19.04,0.168,0.239,-62.7,95.15,494
2026-08-03 14:25:00,Cell_0066,North,5G,5.15,337.77,0.827,0.84,-61.7,95.92,391
2026-08-03 14:25:00,Cell_0067,Central,LTE,30.76,61.89,0.744,0.529,-55.6,98.38,228
2026-08-03 14:25:00,Cell_0068,Central,LTE,38.64,40.76,1.135,0.977,-47.1,99.12,370
2026-08-03 14:25:00,Cell_0069,East,LTE,16.96,27.5,0.715,0.902,-64.3,99.14,210
2026-08-03 14:25:00,Cell_0070,South,5G,2.98,508.38,0.047,0.765,-70.3,95.93,482
2026-08-03 14:25:00,Cell_0071,South,LTE,23.67,39.8,0.375,0.095,-45.5,99.23,391
2026-08-03 14:25:00,Cell_0072,Central,5G,5.28,966.99,1.079,0.762,-48.8,98.81,181
2026-08-03 14:25:00,Cell_0073,West,LTE,15.21,53.95,0.771,0.526,-57.1,98.92,276
2026-08-03 14:25:00,Cell_0074,North,5G,1.13,659.29,0.089,0.571,-72.1,99.16,173
2026-08-03 14:25:00,Cell_0075,East,LTE,35.32,93.84,11.712,0.95,-59.7,97.47,80
2026-08-03 14:25:00,Cell_0076,North,LTE,31.63,85.72,0.81,0.918,-70.6,98.39,420
2026-08-03 14:25:00,Cell_0077,Central,LTE,16.83,84.31,1.421,0.952,-67.5,98.91,473
2026-08-03 14:25:00,Cell_0078,North,5G,9.28,577.53,0.058,0.502,-45.2,95.45,199
2026-08-03 14:25:00,Cell_0079,North,LTE,11.72,49.54,1.224,0.401,-62.2,99.3,124
2026-08-03 14:25:00,Cell_0080,South,5G,8.07,313.79,0.369,0.133,-62.3,96.86,243
2026-08-03 14:25:00,Cell_0081,Central,LTE,28.19,25.11,1.078,0.293,-74.2,96.43,182
2026-08-03 14:25:00,Cell_0082,East,5G,1.77,865.76,0.305,0.299,-59.7,98.08,165
2026-08-03 14:25:00,Cell_0083,South,LTE,12.54,23.05,0.98,0.157,-40.7,97.42,110
2026-08-03 14:25:00,Cell_0084,East,5G,1.96,114.22,0.221,0.585,-41.8,99.68,359
2026-08-03 14:25:00,Cell_0085,East,5G,9.13,963.95,1.213,0.91,-67.5,95.81,107
2026-08-03 14:25:00,Cell_0086,Central,5G,2.27,652.95,1.115,0.731,-57.9,99.1,129
2026-08-03 14:25:00,Cell_0087,North,LTE,27.81,39.69,0.851,0.076,-63.7,96.09,285
2026-08-03 14:25:00,Cell_0088,South,LTE,24.52,81.83,0.538,0.565,-51.1,97.44,276
2026-08-03 14:25:00,Cell_0089,East,LTE,20.39,67.59,0.928,0.729,-61.9,95.98,180
2026-08-03 14:25:00,Cell_0090,Central,LTE,11.53,84.71,0.266,0.131,-52.4,98.71,316
2026-08-03 14:25:00,Cell_0091,Central,LTE,24.83,69.03,1.331,0.745,-64.2,96.73,78
2026-08-03 14:25:00,Cell_0092,North,LTE,19.49,51.98,1.142,0.047,-52.3,95.24,54
2026-08-03 14:25:00,Cell_0093,North,LTE,31.56,36.46,0.612,0.69,-51.2,96.49,85
2026-08-03 14:25:00,Cell_0094,North,LTE,31.71,39.21,0.636,0.505,-73.4,99.44,475
2026-08-03 14:25:00,Cell_0095,East,LTE,13.96,33.8,0.073,0.75,-71.5,96.22,242
2026-08-03 14:25:00,Cell_0096,Central,LTE,26.36,1.8,0.004,0.235,-52.0,95.85,457
2026-08-03 14:25:00,Cell_0097,East,5G,7.66,716.63,0.115,0.752,-61.5,95.61,449
2026-08-03 14:25:00,Cell_0098,South,LTE,16.67,87.29,0.356,0.565,-51.6,95.43,409
2026-08-03 14:25:00,Cell_0099,Central,5G,3.21,442.34,0.019,0.749,-54.3,96.53,298
2026-08-03 14:25:00,Cell_0100,South,5G,2.66,138.47,0.53,0.081,-50.5,95.5,75
2026-08-03 14:25:00,Cell_0101,West,LTE,37.4,56.54,0.651,0.269,-62.2,98.97,456
2026-08-03 14:25:00,Cell_0102,North,LTE,25.99,68.53,0.156,0.217,-74.8,96.86,441
2026-08-03 14:25:00,Cell_0103,West,5G,8.03,778.13,0.933,0.799,-64.4,96.3,236
2026-08-03 14:25:00,Cell_0104,West,5G,5.25,655.15,0.516,0.389,-71.0,95.93,269
2026-08-03 14:25:00,Cell_0105,West,LTE,17.09,55.69,1.027,0.116,-48.6,97.51,262
2026-08-03 14:25:00,Cell_0106,North,LTE,35.39,39.24,0.532,0.107,-49.0,98.82,245
2026-08-03 14:25:00,Cell_0107,West,5G,4.97,296.88,0.038,0.363,-67.7,95.49,328
2026-08-03 14:25:00,Cell_0108,North,LTE,25.74,79.8,1.235,0.047,-49.5,96.09,385
2026-08-03 14:25:00,Cell_0109,South,LTE,32.84,43.1,0.571,0.069,-64.6,96.95,245
2026-08-03 14:25:00,Cell_0110,Central,5G,4.82,754.77,0.001,0.951,-71.1,99.03,263
2026-08-03 14:25:00,Cell_0111,South,5G,7.16,256.7,1.006,0.375,-64.7,96.13,357
2026-08-03 14:25:00,Cell_0112,South,5G,5.79,479.35,1.331,0.416,-58.2,99.21,248
2026-08-03 14:25:00,Cell_0113,West,LTE,26.16,65.23,0.89,0.902,-42.6,96.08,332
2026-08-03 14:25:00,Cell_0114,North,5G,9.65,102.69,0.417,0.22,-51.1,99.6,166
2026-08-03 14:25:00,Cell_0115,Central,LTE,16.81,87.44,1.148,0.577,-68.7,99.76,449
2026-08-03 14:25:00,Cell_0116,North,LTE,39.63,67.51,0.992,0.168,-42.3,96.92,356
2026-08-03 14:25:00,Cell_0117,North,LTE,11.93,92.63,0.075,0.743,-51.0,97.9,91
2026-08-03 14:25:00,Cell_0118,South,5G,2.53,562.21,0.421,0.124,-68.3,95.44,108
2026-08-03 14:25:00,Cell_0119,West,5G,6.25,990.01,0.601,0.053,-46.0,96.67,279
2026-08-03 14:25:00,Cell_0120,South,5G,7.56,852.86,0.781,0.252,-54.8,99.47,347
2026-08-03 14:26:00,Cell_0001,North,LTE,28.73,24.55,0.242,0.868,-71.3,95.62,192
2026-08-03 14:26:00,Cell_0002,East,LTE,22.28,46.86,0.626,0.517,-71.7,98.1,389
2026-08-03 14:26:00,Cell_0003,South,LTE,38.21,97.43,0.649,0.493,-52.9,98.42,493
2026-08-03 14:26:00,Cell_0004,North,LTE,22.19,39.46,1.49,0.2,-71.7,97.98,237
2026-08-03 14:26:00,Cell_0005,Central,5G,5.04,260.21,1.3,0.414,-60.4,96.53,260
2026-08-03 14:26:00,Cell_0006,North,LTE,37.42,60.57,0.133,0.839,-67.6,99.26,413
2026-08-03 14:26:00,Cell_0007,North,LTE,27.42,66.82,0.588,0.978,-69.2,95.24,440
2026-08-03 14:26:00,Cell_0008,South,LTE,34.7,59.97,0.639,0.494,-68.4,98.42,137
2026-08-03 14:26:00,Cell_0009,Central,LTE,16.65,98.69,0.292,0.921,-46.9,96.21,290
2026-08-03 14:26:00,Cell_0010,Central,5G,5.74,340.98,0.055,0.848,-64.1,98.01,78
2026-08-03 14:26:00,Cell_0011,South,5G,7.05,641.24,1.125,0.372,-47.8,97.52,224
2026-08-03 14:26:00,Cell_0012,Central,5G,9.13,838.3,0.352,0.598,-54.5,98.79,113
2026-08-03 14:26:00,Cell_0013,North,LTE,35.52,99.94,0.327,0.632,-69.9,96.61,225
2026-08-03 14:26:00,Cell_0014,West,5G,8.28,162.77,0.9,0.74,-63.7,99.4,84
2026-08-03 14:26:00,Cell_0015,East,LTE,35.29,92.26,1.247,0.832,-44.6,99.49,104
2026-08-03 14:26:00,Cell_0016,South,5G,9.92,736.0,0.609,0.037,-50.6,96.98,342
2026-08-03 14:26:00,Cell_0017,North,LTE,20.74,27.81,0.312,0.773,-66.2,96.17,210
2026-08-03 14:26:00,Cell_0018,West,LTE,33.28,68.25,0.013,0.772,-58.5,97.0,388
2026-08-03 14:26:00,Cell_0019,East,5G,7.98,659.59,0.976,0.429,-51.8,96.81,453
2026-08-03 14:26:00,Cell_0020,Central,5G,5.18,666.67,1.372,0.032,-40.5,98.06,493
2026-08-03 14:26:00,Cell_0021,North,5G,1.97,535.11,1.165,0.188,-52.2,98.8,97
2026-08-03 14:26:00,Cell_0022,Central,LTE,25.25,25.32,0.309,0.963,-58.5,99.67,281
2026-08-03 14:26:00,Cell_0023,West,LTE,30.77,29.68,7.652,0.707,-40.9,98.53,142
2026-08-03 14:26:00,Cell_0024,Central,5G,2.54,865.89,0.406,0.688,-56.6,98.96,419
2026-08-03 14:26:00,Cell_0025,Central,5G,8.28,470.62,1.369,0.185,-66.8,96.56,57
2026-08-03 14:26:00,Cell_0026,Central,LTE,26.33,71.91,0.465,0.268,-64.6,99.86,496
2026-08-03 14:26:00,Cell_0027,North,LTE,14.66,98.82,0.046,0.693,-66.4,99.18,238
2026-08-03 14:26:00,Cell_0028,South,5G,6.41,495.3,0.527,10.888,-71.8,98.34,313
2026-08-03 14:26:00,Cell_0029,North,LTE,22.5,41.92,0.919,0.576,-71.4,97.47,148
2026-08-03 14:26:00,Cell_0030,North,5G,6.58,158.46,0.289,0.039,-64.1,98.18,203
2026-08-03 14:26:00,Cell_0031,East,5G,9.91,715.94,0.935,0.509,-46.1,96.93,88
2026-08-03 14:26:00,Cell_0032,East,LTE,34.65,25.65,0.965,0.318,-63.8,96.34,433
2026-08-03 14:26:00,Cell_0033,East,5G,9.91,131.71,1.435,0.242,-61.6,96.91,348
2026-08-03 14:26:00,Cell_0034,South,5G,9.99,639.95,1.163,0.57,-66.8,97.69,97
2026-08-03 14:26:00,Cell_0035,North,LTE,12.79,25.23,1.234,0.782,-68.3,98.38,477
2026-08-03 14:26:00,Cell_0036,Central,LTE,16.91,83.52,0.19,0.654,-44.9,96.47,243
2026-08-03 14:26:00,Cell_0037,South,5G,2.6,770.21,0.405,0.191,-46.8,98.37,325
2026-08-03 14:26:00,Cell_0038,West,5G,9.57,331.62,0.709,0.103,-41.5,97.63,273
2026-08-03 14:26:00,Cell_0039,Central,LTE,17.63,22.98,0.652,0.808,-46.6,95.88,177
2026-08-03 14:26:00,Cell_0040,East,LTE,15.3,95.5,1.417,0.554,-63.0,97.25,154
2026-08-03 14:26:00,Cell_0041,South,LTE,34.99,66.21,0.521,0.974,-45.2,98.17,317
2026-08-03 14:26:00,Cell_0042,East,5G,9.9,647.9,1.319,0.921,-45.5,99.33,177
2026-08-03 14:26:00,Cell_0043,East,LTE,34.2,68.4,1.44,0.283,-67.7,98.0,479
2026-08-03 14:26:00,Cell_0044,South,5G,4.64,140.32,0.687,0.803,-56.7,95.02,440
2026-08-03 14:26:00,Cell_0045,South,5G,6.3,346.57,0.826,0.95,-67.6,96.37,195
2026-08-03 14:26:00,Cell_0046,West,5G,6.49,461.77,0.566,0.963,-60.0,97.95,362
2026-08-03 14:26:00,Cell_0047,South,5G,5.11,467.72,0.16,0.7,-45.1,95.11,492
2026-08-03 14:26:00,Cell_0048,South,LTE,23.0,24.12,1.269,0.621,-43.2,95.4,438
2026-08-03 14:26:00,Cell_0049,Central,5G,5.71,816.51,1.427,0.932,-59.3,96.68,295
2026-08-03 14:26:00,Cell_0050,Central,5G,4.77,755.11,0.0,0.339,-56.0,97.53,60
2026-08-03 14:26:00,Cell_0051,Central,5G,4.46,695.97,0.391,0.887,-51.1,96.02,405
2026-08-03 14:26:00,Cell_0052,East,LTE,38.97,68.86,0.959,0.435,-56.9,95.09,192
2026-08-03 14:26:00,Cell_0053,South,5G,9.18,681.14,1.172,0.409,-50.2,98.95,167
2026-08-03 14:26:00,Cell_0054,North,LTE,19.33,30.86,1.068,0.901,-43.5,98.98,272
2026-08-03 14:26:00,Cell_0055,North,LTE,152.02,62.96,9.225,17.933,-97.8,96.5,67
2026-08-03 14:26:00,Cell_0056,South,5G,8.84,999.09,0.642,0.172,-61.8,99.15,313
2026-08-03 14:26:00,Cell_0057,Central,LTE,12.14,52.9,1.134,0.517,-64.9,96.22,433
2026-08-03 14:26:00,Cell_0058,West,5G,6.03,146.59,0.578,0.323,-62.7,95.09,480
2026-08-03 14:26:00,Cell_0059,Central,5G,7.93,865.14,0.212,0.549,-61.8,96.67,462
2026-08-03 14:26:00,Cell_0060,Central,5G,2.88,783.18,0.964,0.504,-62.1,99.53,412
2026-08-03 14:26:00,Cell_0061,Central,LTE,20.51,50.08,0.712,0.892,-61.4,97.07,76
2026-08-03 14:26:00,Cell_0062,North,5G,7.73,294.07,0.456,0.281,-53.0,96.29,310
2026-08-03 14:26:00,Cell_0063,East,LTE,21.33,79.1,0.367,0.105,-72.5,99.82,150
2026-08-03 14:26:00,Cell_0064,East,5G,4.96,479.51,0.715,0.842,-43.4,97.24,162
2026-08-03 14:26:00,Cell_0065,South,5G,8.97,371.31,1.3,0.461,-44.0,95.87,261
2026-08-03 14:26:00,Cell_0066,North,5G,4.49,948.88,0.667,0.313,-73.6,98.07,333
2026-08-03 14:26:00,Cell_0067,Central,LTE,28.16,85.1,0.397,0.496,-47.9,96.87,189
2026-08-03 14:26:00,Cell_0068,Central,LTE,29.5,95.28,1.259,0.713,-70.2,96.77,147
2026-08-03 14:26:00,Cell_0069,East,LTE,23.79,40.3,1.239,0.027,-48.6,96.2,249
2026-08-03 14:26:00,Cell_0070,South,5G,6.02,353.25,0.398,0.15,-41.5,97.4,289
2026-08-03 14:26:00,Cell_0071,South,LTE,19.24,55.61,0.3,0.088,-63.9,97.36,156
2026-08-03 14:26:00,Cell_0072,Central,5G,2.87,659.79,0.087,0.032,-49.9,97.85,192
2026-08-03 14:26:00,Cell_0073,West,LTE,33.89,49.81,0.536,0.506,-66.5,96.45,184
2026-08-03 14:26:00,Cell_0074,North,5G,5.73,962.73,0.5,0.657,-62.2,96.71,142
2026-08-03 14:26:00,Cell_0075,East,LTE,35.95,30.41,0.617,0.984,-52.9,99.58,393
2026-08-03 14:26:00,Cell_0076,North,LTE,35.85,22.95,0.7,0.855,-55.0,95.39,80
2026-08-03 14:26:00,Cell_0077,Central,LTE,34.45,66.79,1.13,0.362,-60.3,95.39,402
2026-08-03 14:26:00,Cell_0078,North,5G,5.52,632.41,0.599,0.314,-72.2,97.74,399
2026-08-03 14:26:00,Cell_0079,North,LTE,25.07,79.91,0.672,0.929,-60.9,95.38,423
2026-08-03 14:26:00,Cell_0080,South,5G,5.04,930.99,0.766,0.764,-60.7,97.43,50
2026-08-03 14:26:00,Cell_0081,Central,LTE,23.85,66.68,0.6,0.651,-47.6,96.92,125
2026-08-03 14:26:00,Cell_0082,East,5G,1.14,435.58,0.2,0.404,-40.8,97.93,58
2026-08-03 14:26:00,Cell_0083,South,LTE,28.56,42.1,0.246,0.233,-66.9,98.65,344
2026-08-03 14:26:00,Cell_0084,East,5G,5.47,917.44,1.283,0.316,-45.7,98.4,369
2026-08-03 14:26:00,Cell_0085,East,5G,2.57,240.01,0.38,0.355,-67.4,95.44,248
2026-08-03 14:26:00,Cell_0086,Central,5G,3.77,376.78,1.301,0.213,-54.3,95.45,282
2026-08-03 14:26:00,Cell_0087,North,LTE,25.01,33.41,0.683,0.865,-46.0,95.01,217
2026-08-03 14:26:00,Cell_0088,South,LTE,18.46,21.33,1.346,0.874,-69.2,98.61,450
2026-08-03 14:26:00,Cell_0089,East,LTE,29.35,87.06,1.488,0.537,-48.8,98.5,490
2026-08-03 14:26:00,Cell_0090,Central,LTE,19.3,89.37,0.745,0.302,-67.9,99.85,237
2026-08-03 14:26:00,Cell_0091,Central,LTE,227.31,20.69,25.924,10.239,-96.0,99.72,264
2026-08-03 14:26:00,Cell_0092,North,LTE,33.27,49.17,0.252,0.119,-55.7,96.64,498
2026-08-03 14:26:00,Cell_0093,North,LTE,28.6,84.71,0.784,0.706,-51.3,99.87,137
2026-08-03 14:26:00,Cell_0094,North,LTE,26.62,50.01,0.542,0.519,-44.0,99.33,242
2026-08-03 14:26:00,Cell_0095,East,LTE,32.74,34.23,0.807,0.942,-71.6,96.1,322
2026-08-03 14:26:00,Cell_0096,Central,LTE,27.16,63.82,1.075,0.041,-73.1,95.98,322
2026-08-03 14:26:00,Cell_0097,East,5G,112.7,446.66,0.389,0.704,-40.6,95.87,130
2026-08-03 14:26:00,Cell_0098,South,LTE,27.23,79.57,0.363,0.763,-73.2,97.94,102
2026-08-03 14:26:00,Cell_0099,Central,5G,5.64,239.26,1.357,0.295,-40.3,96.48,255
2026-08-03 14:26:00,Cell_0100,South,5G,3.25,399.11,0.962,0.362,-45.3,99.76,214
2026-08-03 14:26:00,Cell_0101,West,LTE,15.69,84.68,0.445,0.45,-56.4,98.36,101
2026-08-03 14:26:00,Cell_0102,North,LTE,28.5,91.04,0.611,0.614,-64.4,98.84,213
2026-08-03 14:26:00,Cell_0103,West,5G,7.67,737.13,0.356,0.8,-63.6,99.43,111
2026-08-03 14:26:00,Cell_0104,West,5G,7.68,265.39,0.887,0.141,-42.1,99.29,356
2026-08-03 14:26:00,Cell_0105,West,LTE,14.58,53.36,1.027,0.935,-42.9,99.02,61
2026-08-03 14:26:00,Cell_0106,North,LTE,13.14,75.58,0.574,0.641,-50.8,95.47,80
2026-08-03 14:26:00,Cell_0107,West,5G,8.99,864.84,1.09,0.636,-69.4,96.25,459
2026-08-03 14:26:00,Cell_0108,North,LTE,22.13,31.31,1.236,0.925,-69.7,95.42,465
2026-08-03 14:26:00,Cell_0109,South,LTE,37.84,52.17,0.976,0.381,-53.4,98.9,124
2026-08-03 14:26:00,Cell_0110,Central,5G,2.74,343.89,0.859,0.932,-105.4,76.55,226
2026-08-03 14:26:00,Cell_0111,South,5G,9.3,952.47,0.528,0.13,-70.4,98.14,75
2026-08-03 14:26:00,Cell_0112,South,5G,2.42,127.45,1.44,0.661,-43.0,96.34,223
2026-08-03 14:26:00,Cell_0113,West,LTE,32.05,40.33,0.287,0.463,-70.7,98.05,95
2026-08-03 14:26:00,Cell_0114,North,5G,2.68,745.5,0.067,0.677,-57.1,99.63,378
2026-08-03 14:26:00,Cell_0115,Central,LTE,118.17,93.08,1.422,0.399,-46.8,95.22,332
2026-08-03 14:26:00,Cell_0116,North,LTE,15.46,21.02,1.175,0.847,-44.0,96.32,461
2026-08-03 14:26:00,Cell_0117,North,LTE,39.39,97.28,0.062,0.58,-66.0,95.42,307
2026-08-03 14:26:00,Cell_0118,South,5G,6.26,397.43,0.588,0.688,-67.9,95.47,249
2026-08-03 14:26:00,Cell_0119,West,5G,8.57,488.27,0.202,0.515,-57.8,97.54,311
2026-08-03 14:26:00,Cell_0120,South,5G,8.92,412.84,1.046,0.911,-53.5,99.15,87
2026-08-03 14:27:00,Cell_0001,North,LTE,29.77,24.2,0.971,0.885,-70.2,97.96,95
2026-08-03 14:27:00,Cell_0002,East,LTE,33.98,89.45,0.834,0.009,-65.2,99.15,191
2026-08-03 14:27:00,Cell_0003,South,LTE,23.42,90.58,1.13,0.615,-67.5,95.08,218
2026-08-03 14:27:00,Cell_0004,North,LTE,31.63,40.51,1.492,0.587,-40.3,96.61,175
2026-08-03 14:27:00,Cell_0005,Central,5G,9.56,612.58,0.462,0.589,-48.6,96.3,464
2026-08-03 14:27:00,Cell_0006,North,LTE,11.43,48.93,0.461,0.128,-66.6,96.79,97
2026-08-03 14:27:00,Cell_0007,North,LTE,22.27,37.2,0.084,0.564,-49.5,95.63,423
2026-08-03 14:27:00,Cell_0008,South,LTE,10.23,64.53,1.297,0.759,-60.9,98.13,433
2026-08-03 14:27:00,Cell_0009,Central,LTE,35.04,46.54,1.033,0.149,-43.8,96.84,389
2026-08-03 14:27:00,Cell_0010,Central,5G,5.81,267.01,1.329,0.526,-69.2,97.68,50
2026-08-03 14:27:00,Cell_0011,South,5G,2.0,296.5,0.368,0.21,-59.7,97.55,225
2026-08-03 14:27:00,Cell_0012,Central,5G,7.55,713.36,1.248,0.485,-60.7,97.48,59
2026-08-03 14:27:00,Cell_0013,North,LTE,21.98,45.92,0.827,0.48,-65.6,96.4,216
2026-08-03 14:27:00,Cell_0014,West,5G,5.27,231.9,0.347,0.636,-72.2,97.39,226
2026-08-03 14:27:00,Cell_0015,East,LTE,31.27,67.98,0.238,0.503,-53.2,96.37,412
2026-08-03 14:27:00,Cell_0016,South,5G,3.49,970.27,0.097,0.636,-41.0,96.93,130
2026-08-03 14:27:00,Cell_0017,North,LTE,19.7,29.62,1.122,0.118,-53.4,97.47,181
2026-08-03 14:27:00,Cell_0018,West,LTE,18.05,52.5,1.181,0.072,-62.5,98.21,209
2026-08-03 14:27:00,Cell_0019,East,5G,6.5,496.54,0.898,0.238,-49.7,99.57,75
2026-08-03 14:27:00,Cell_0020,Central,5G,2.86,762.76,1.227,0.061,-71.1,98.92,478
2026-08-03 14:27:00,Cell_0021,North,5G,7.83,394.55,0.713,0.639,-104.4,73.54,114
2026-08-03 14:27:00,Cell_0022,Central,LTE,19.16,73.03,0.251,0.382,-55.6,97.84,316
2026-08-03 14:27:00,Cell_0023,West,LTE,23.08,75.53,1.432,0.804,-44.4,99.85,190
2026-08-03 14:27:00,Cell_0024,Central,5G,8.87,334.83,0.83,0.072,-45.1,99.35,1295
2026-08-03 14:27:00,Cell_0025,Central,5G,9.88,537.37,1.393,0.326,-65.5,99.4,226
2026-08-03 14:27:00,Cell_0026,Central,LTE,14.63,51.44,0.923,0.437,-45.0,99.66,472
2026-08-03 14:27:00,Cell_0027,North,LTE,28.99,31.02,0.204,0.629,-48.8,96.98,406
2026-08-03 14:27:00,Cell_0028,South,5G,3.69,616.05,0.161,0.691,-50.1,99.11,228
2026-08-03 14:27:00,Cell_0029,North,LTE,32.17,94.04,0.23,0.501,-49.2,95.85,93
2026-08-03 14:27:00,Cell_0030,North,5G,9.54,972.86,1.084,0.85,-52.3,98.28,335
2026-08-03 14:27:00,Cell_0031,East,5G,1.18,547.41,0.51,0.32,-70.1,99.57,247
2026-08-03 14:27:00,Cell_0032,East,LTE,17.79,95.39,0.556,0.478,-57.1,96.44,252
2026-08-03 14:27:00,Cell_0033,East,5G,29.13,225.46,0.034,0.48,-63.0,98.33,1966
2026-08-03 14:27:00,Cell_0034,South,5G,5.35,433.29,0.23,0.678,-94.4,68.48,207
2026-08-03 14:27:00,Cell_0035,North,LTE,22.88,42.05,0.812,0.52,-51.4,96.22,449
2026-08-03 14:27:00,Cell_0036,Central,LTE,29.89,58.07,0.66,0.434,-61.7,96.6,68
2026-08-03 14:27:00,Cell_0037,South,5G,4.25,372.69,0.919,0.649,-50.2,98.19,206
2026-08-03 14:27:00,Cell_0038,West,5G,7.89,583.34,0.986,0.102,-44.9,99.0,139
2026-08-03 14:27:00,Cell_0039,Central,LTE,31.78,86.41,0.398,0.612,-43.6,97.43,405
2026-08-03 14:27:00,Cell_0040,East,LTE,35.95,47.66,0.54,0.464,-70.6,95.25,74
2026-08-03 14:27:00,Cell_0041,South,LTE,38.49,71.48,0.694,0.859,-48.2,98.07,184
2026-08-03 14:27:00,Cell_0042,East,5G,1.65,904.99,0.394,0.537,-70.3,96.76,237
2026-08-03 14:27:00,Cell_0043,East,LTE,25.01,52.1,0.156,0.343,-52.3,98.66,299
2026-08-03 14:27:00,Cell_0044,South,5G,4.54,395.92,0.973,0.468,-53.3,96.57,171
2026-08-03 14:27:00,Cell_0045,South,5G,5.83,970.06,0.524,0.018,-47.9,98.75,452
2026-08-03 14:27:00,Cell_0046,West,5G,4.1,772.15,0.452,0.488,-42.5,95.49,259
2026-08-03 14:27:00,Cell_0047,South,5G,2.4,908.13,0.796,0.909,-53.0,95.59,149
2026-08-03 14:27:00,Cell_0048,South,LTE,17.15,79.33,0.983,0.962,-64.4,95.01,59
2026-08-03 14:27:00,Cell_0049,Central,5G,3.26,826.18,1.496,0.445,-49.9,96.27,302
2026-08-03 14:27:00,Cell_0050,Central,5G,5.4,828.42,1.231,0.246,-64.8,97.78,415
2026-08-03 14:27:00,Cell_0051,Central,5G,4.06,137.57,1.069,0.499,-65.1,98.57,256
2026-08-03 14:27:00,Cell_0052,East,LTE,224.99,35.28,1.237,0.101,-72.3,96.74,397
2026-08-03 14:27:00,Cell_0053,South,5G,1.94,774.73,1.41,9.516,-47.3,96.35,67
2026-08-03 14:27:00,Cell_0054,North,LTE,15.34,62.32,0.471,0.098,-43.4,95.78,433
2026-08-03 14:27:00,Cell_0055,North,LTE,27.35,82.45,0.997,0.771,-42.7,97.12,255
2026-08-03 14:27:00,Cell_0056,South,5G,4.18,278.15,0.643,1.0,-62.1,98.37,232
2026-08-03 14:27:00,Cell_0057,Central,LTE,27.83,23.64,0.087,0.128,-56.3,96.07,448
2026-08-03 14:27:00,Cell_0058,West,5G,2.92,820.76,1.23,0.753,-53.6,95.37,147
2026-08-03 14:27:00,Cell_0059,Central,5G,368.95,871.54,12.95,12.197,-99.6,96.13,257
2026-08-03 14:27:00,Cell_0060,Central,5G,4.97,838.17,0.094,0.695,-56.8,95.11,410
2026-08-03 14:27:00,Cell_0061,Central,LTE,39.2,73.4,0.996,0.914,-51.4,96.14,236
2026-08-03 14:27:00,Cell_0062,North,5G,4.93,428.28,1.221,0.39,-74.1,95.87,485
2026-08-03 14:27:00,Cell_0063,East,LTE,38.46,73.55,0.356,0.729,-46.7,99.73,412
2026-08-03 14:27:00,Cell_0064,East,5G,1.61,897.72,1.296,0.523,-60.0,97.92,95
2026-08-03 14:27:00,Cell_0065,South,5G,7.05,961.22,1.195,0.166,-65.8,98.29,215
2026-08-03 14:27:00,Cell_0066,North,5G,8.25,174.35,0.162,0.489,-52.5,97.84,125
2026-08-03 14:27:00,Cell_0067,Central,LTE,34.3,89.21,0.591,0.758,-63.9,99.82,372
2026-08-03 14:27:00,Cell_0068,Central,LTE,21.33,49.78,0.322,0.375,-46.3,96.4,89
2026-08-03 14:27:00,Cell_0069,East,LTE,12.93,81.8,0.798,0.85,-43.3,96.71,159
2026-08-03 14:27:00,Cell_0070,South,5G,5.05,560.09,0.027,0.338,-73.0,97.76,381
2026-08-03 14:27:00,Cell_0071,South,LTE,13.01,67.45,0.667,0.951,-60.0,96.5,101
2026-08-03 14:27:00,Cell_0072,Central,5G,9.08,875.76,1.409,0.26,-51.5,95.83,88
2026-08-03 14:27:00,Cell_0073,West,LTE,25.67,35.87,0.485,0.975,-43.5,95.56,276
2026-08-03 14:27:00,Cell_0074,North,5G,2.86,450.25,0.293,0.508,-44.3,96.97,199
2026-08-03 14:27:00,Cell_0075,East,LTE,24.49,78.59,0.016,0.422,-51.7,97.18,328
2026-08-03 14:27:00,Cell_0076,North,LTE,23.95,31.55,0.906,0.003,-60.3,97.41,479
2026-08-03 14:27:00,Cell_0077,Central,LTE,22.48,96.68,0.748,0.042,-109.0,67.5,252
2026-08-03 14:27:00,Cell_0078,North,5G,8.33,300.13,0.339,0.827,-69.3,99.22,385
2026-08-03 14:27:00,Cell_0079,North,LTE,22.02,69.18,0.701,0.109,-53.5,97.01,215
2026-08-03 14:27:00,Cell_0080,South,5G,7.16,307.62,1.023,0.387,-43.1,98.98,341
2026-08-03 14:27:00,Cell_0081,Central,LTE,235.14,76.77,0.73,0.015,-64.6,96.68,388
2026-08-03 14:27:00,Cell_0082,East,5G,7.14,211.04,0.104,0.863,-55.4,95.5,253
2026-08-03 14:27:00,Cell_0083,South,LTE,14.27,51.3,1.432,0.462,-68.9,99.8,176
2026-08-03 14:27:00,Cell_0084,East,5G,46.87,911.2,1.093,0.781,-63.1,95.86,457
2026-08-03 14:27:00,Cell_0085,East,5G,6.14,936.3,0.038,0.708,-59.1,98.96,313
2026-08-03 14:27:00,Cell_0086,Central,5G,219.22,935.25,23.014,14.323,-113.3,96.15,307
2026-08-03 14:27:00,Cell_0087,North,LTE,23.46,90.83,0.489,0.084,-64.1,99.59,243
2026-08-03 14:27:00,Cell_0088,South,LTE,33.14,76.48,0.183,0.876,-49.3,96.52,463
2026-08-03 14:27:00,Cell_0089,East,LTE,14.52,63.45,0.284,0.571,-62.1,99.76,348
2026-08-03 14:27:00,Cell_0090,Central,LTE,26.99,20.95,0.331,0.808,-44.8,97.27,302
2026-08-03 14:27:00,Cell_0091,Central,LTE,12.44,58.87,0.04,0.033,-60.6,97.26,79
2026-08-03 14:27:00,Cell_0092,North,LTE,19.1,30.37,1.365,0.699,-74.8,95.47,250
2026-08-03 14:27:00,Cell_0093,North,LTE,34.27,80.86,0.947,0.591,-67.7,97.24,336
2026-08-03 14:27:00,Cell_0094,North,LTE,32.68,56.28,1.249,0.458,-44.7,97.18,81
2026-08-03 14:27:00,Cell_0095,East,LTE,18.39,44.81,1.413,11.116,-50.0,97.94,416
2026-08-03 14:27:00,Cell_0096,Central,LTE,17.0,26.4,1.144,0.76,-73.4,96.13,185
2026-08-03 14:27:00,Cell_0097,East,5G,4.78,845.85,1.088,0.333,-48.6,97.5,185
2026-08-03 14:27:00,Cell_0098,South,LTE,20.21,82.36,0.453,0.281,-56.3,95.22,205
2026-08-03 14:27:00,Cell_0099,Central,5G,9.85,752.83,0.326,0.117,-71.8,96.72,60
2026-08-03 14:27:00,Cell_0100,South,5G,8.61,245.98,0.077,0.594,-45.3,99.46,234
2026-08-03 14:27:00,Cell_0101,West,LTE,31.54,43.91,0.716,0.832,-71.3,95.26,344
2026-08-03 14:27:00,Cell_0102,North,LTE,19.2,55.97,0.435,0.743,-60.4,97.31,312
2026-08-03 14:27:00,Cell_0103,West,5G,5.1,249.78,1.025,0.21,-57.3,96.34,398
2026-08-03 14:27:00,Cell_0104,West,5G,2.83,109.37,0.761,3.137,-61.7,99.29,429
2026-08-03 14:27:00,Cell_0105,West,LTE,31.71,78.31,0.273,0.866,-52.3,99.31,84
2026-08-03 14:27:00,Cell_0106,North,LTE,13.97,52.78,0.822,0.034,-48.1,97.21,275
2026-08-03 14:27:00,Cell_0107,West,5G,4.95,437.13,0.061,0.654,-55.1,99.47,258
2026-08-03 14:27:00,Cell_0108,North,LTE,16.68,57.47,0.276,0.745,-48.4,97.22,393
2026-08-03 14:27:00,Cell_0109,South,LTE,11.66,55.02,0.358,0.358,-70.4,97.99,138
2026-08-03 14:27:00,Cell_0110,Central,5G,8.14,466.18,1.45,0.653,-69.1,96.01,168
2026-08-03 14:27:00,Cell_0111,South,5G,9.47,317.67,1.182,0.216,-54.4,96.15,193
2026-08-03 14:27:00,Cell_0112,South,5G,8.09,832.96,1.334,0.835,-41.7,96.89,182
2026-08-03 14:27:00,Cell_0113,West,LTE,30.4,20.18,0.918,0.654,-68.3,97.19,500
2026-08-03 14:27:00,Cell_0114,North,5G,8.01,638.91,0.136,0.506,-66.5,98.58,74
2026-08-03 14:27:00,Cell_0115,Central,LTE,478.83,95.22,13.399,6.747,-103.4,96.44,295
2026-08-03 14:27:00,Cell_0116,North,LTE,33.99,82.66,0.384,0.362,-41.3,99.52,321
2026-08-03 14:27:00,Cell_0117,North,LTE,19.72,97.95,0.615,0.993,-41.0,96.83,459
2026-08-03 14:27:00,Cell_0118,South,5G,12.78,308.35,0.636,0.53,-41.4,97.72,1169
2026-08-03 14:27:00,Cell_0119,West,5G,2.52,324.2,0.113,0.481,-43.4,95.47,417
2026-08-03 14:27:00,Cell_0120,South,5G,6.04,968.01,1.384,0.951,-47.9,98.31,326
2026-08-03 14:28:00,Cell_0001,North,LTE,26.98,82.14,0.239,0.886,-57.6,99.13,408
2026-08-03 14:28:00,Cell_0002,East,LTE,108.14,16.06,0.851,0.797,-68.9,99.09,1982
2026-08-03 14:28:00,Cell_0003,South,LTE,17.03,80.82,0.813,0.507,-58.5,95.1,90
2026-08-03 14:28:00,Cell_0004,North,LTE,15.36,59.01,0.508,0.079,-42.1,95.74,131
2026-08-03 14:28:00,Cell_0005,Central,5G,6.9,103.26,1.085,0.489,-64.6,99.74,84
2026-08-03 14:28:00,Cell_0006,North,LTE,25.89,69.56,0.988,0.696,-73.1,99.44,257
2026-08-03 14:28:00,Cell_0007,North,LTE,36.23,45.56,1.11,0.78,-62.6,97.03,398
2026-08-03 14:28:00,Cell_0008,South,LTE,17.59,33.66,0.076,0.868,-61.1,97.41,442
2026-08-03 14:28:00,Cell_0009,Central,LTE,32.05,94.56,1.208,0.202,-54.9,96.86,302
2026-08-03 14:28:00,Cell_0010,Central,5G,3.14,599.85,0.597,0.707,-74.6,95.24,95
2026-08-03 14:28:00,Cell_0011,South,5G,4.02,980.04,0.23,0.135,-58.0,96.34,389
2026-08-03 14:28:00,Cell_0012,Central,5G,5.5,189.75,0.951,0.007,-62.2,98.61,339
2026-08-03 14:28:00,Cell_0013,North,LTE,28.28,87.76,0.725,0.132,-53.4,96.75,342
2026-08-03 14:28:00,Cell_0014,West,5G,2.07,606.12,0.825,0.721,-70.6,96.13,126
2026-08-03 14:28:00,Cell_0015,East,LTE,23.5,20.3,0.403,0.647,-68.1,97.38,224
2026-08-03 14:28:00,Cell_0016,South,5G,6.34,192.83,0.803,0.938,-43.2,99.57,465
2026-08-03 14:28:00,Cell_0017,North,LTE,22.88,36.88,0.907,0.444,-65.1,95.82,59
2026-08-03 14:28:00,Cell_0018,West,LTE,24.0,86.44,0.689,0.696,-71.1,98.96,208
2026-08-03 14:28:00,Cell_0019,East,5G,3.69,829.63,1.24,0.583,-69.5,95.65,357
2026-08-03 14:28:00,Cell_0020,Central,5G,9.33,313.96,0.105,11.731,-54.9,99.88,455
2026-08-03 14:28:00,Cell_0021,North,5G,9.32,490.82,1.184,0.48,-44.1,96.29,147
2026-08-03 14:28:00,Cell_0022,Central,LTE,15.93,90.67,1.29,0.623,-58.8,97.48,359
2026-08-03 14:28:00,Cell_0023,West,LTE,21.29,58.12,0.506,0.406,-50.1,96.54,315
2026-08-03 14:28:00,Cell_0024,Central,5G,6.83,851.43,0.92,0.571,-48.3,96.13,323
2026-08-03 14:28:00,Cell_0025,Central,5G,6.77,212.82,0.706,0.864,-41.4,98.13,419
2026-08-03 14:28:00,Cell_0026,Central,LTE,18.61,3.54,0.628,0.354,-67.0,97.08,197
2026-08-03 14:28:00,Cell_0027,North,LTE,39.07,86.66,0.189,0.262,-69.6,95.17,261
2026-08-03 14:28:00,Cell_0028,South,5G,3.08,635.89,0.127,0.957,-42.7,98.15,80
2026-08-03 14:28:00,Cell_0029,North,LTE,30.36,31.86,0.363,0.944,-71.0,97.3,469
2026-08-03 14:28:00,Cell_0030,North,5G,3.8,159.25,0.737,0.866,-60.3,99.85,56
2026-08-03 14:28:00,Cell_0031,East,5G,6.71,569.53,0.189,0.61,-67.2,99.89,362
2026-08-03 14:28:00,Cell_0032,East,LTE,32.11,55.87,0.459,0.158,-56.1,96.21,456
2026-08-03 14:28:00,Cell_0033,East,5G,6.83,390.74,0.626,0.415,-50.7,98.94,458
2026-08-03 14:28:00,Cell_0034,South,5G,9.85,324.28,0.893,0.79,-69.2,98.85,133
2026-08-03 14:28:00,Cell_0035,North,LTE,23.95,82.35,0.604,0.011,-49.8,95.72,338
2026-08-03 14:28:00,Cell_0036,Central,LTE,32.34,23.01,0.083,0.301,-59.1,95.34,1438
2026-08-03 14:28:00,Cell_0037,South,5G,8.58,735.1,0.477,0.659,-73.2,99.61,140
2026-08-03 14:28:00,Cell_0038,West,5G,2.12,657.32,0.898,0.724,-48.8,98.67,276
2026-08-03 14:28:00,Cell_0039,Central,LTE,34.34,41.41,0.856,0.622,-64.3,96.16,344
2026-08-03 14:28:00,Cell_0040,East,LTE,10.58,45.56,0.318,0.778,-54.4,95.92,402
2026-08-03 14:28:00,Cell_0041,South,LTE,25.4,64.63,0.334,0.457,-66.3,98.99,311
2026-08-03 14:28:00,Cell_0042,East,5G,2.99,117.72,0.722,0.277,-66.3,99.49,397
2026-08-03 14:28:00,Cell_0043,East,LTE,15.42,38.4,0.465,0.845,-69.7,98.79,179
2026-08-03 14:28:00,Cell_0044,South,5G,6.13,436.88,23.317,0.459,-73.1,96.15,72
2026-08-03 14:28:00,Cell_0045,South,5G,2.13,839.35,0.49,0.819,-57.9,95.45,232
2026-08-03 14:28:00,Cell_0046,West,5G,8.73,148.73,0.882,0.966,-52.8,98.49,189
2026-08-03 14:28:00,Cell_0047,South,5G,9.06,836.04,1.013,0.946,-61.2,95.36,353
2026-08-03 14:28:00,Cell_0048,South,LTE,21.14,49.78,0.131,0.321,-57.1,99.06,298
2026-08-03 14:28:00,Cell_0049,Central,5G,1.68,182.02,0.374,0.977,-40.9,96.73,60
2026-08-03 14:28:00,Cell_0050,Central,5G,7.69,756.3,0.465,0.961,-42.4,99.87,365
2026-08-03 14:28:00,Cell_0051,Central,5G,5.23,399.86,0.746,0.756,-62.5,99.75,250
2026-08-03 14:28:00,Cell_0052,East,LTE,16.92,96.7,0.948,0.131,-65.3,96.23,480
2026-08-03 14:28:00,Cell_0053,South,5G,2.08,469.47,1.268,0.074,-51.6,97.68,236
2026-08-03 14:28:00,Cell_0054,North,LTE,31.48,39.0,0.197,0.874,-75.0,97.18,87
2026-08-03 14:28:00,Cell_0055,North,LTE,18.67,24.38,0.911,0.66,-57.5,96.79,383
2026-08-03 14:28:00,Cell_0056,South,5G,5.01,889.54,0.459,0.686,-50.8,97.11,308
2026-08-03 14:28:00,Cell_0057,Central,LTE,120.02,23.04,12.764,7.232,-98.4,97.09,99
2026-08-03 14:28:00,Cell_0058,West,5G,6.02,584.15,0.311,0.281,-40.9,96.95,108
2026-08-03 14:28:00,Cell_0059,Central,5G,3.19,570.7,0.611,0.508,-50.2,98.67,95
2026-08-03 14:28:00,Cell_0060,Central,5G,7.17,939.34,1.396,0.046,-62.7,95.18,352
2026-08-03 14:28:00,Cell_0061,Central,LTE,39.8,80.7,0.804,0.16,-58.2,97.62,56
2026-08-03 14:28:00,Cell_0062,North,5G,2.4,539.45,1.236,0.724,-40.6,95.56,392
2026-08-03 14:28:00,Cell_0063,East,LTE,18.71,32.35,0.29,0.211,-60.3,95.09,314
2026-08-03 14:28:00,Cell_0064,East,5G,7.52,802.96,1.439,0.222,-48.1,98.02,316
2026-08-03 14:28:00,Cell_0065,South,5G,6.26,989.78,0.557,0.642,-62.9,96.42,330
2026-08-03 14:28:00,Cell_0066,North,5G,5.15,171.49,0.581,0.263,-73.8,97.17,319
2026-08-03 14:28:00,Cell_0067,Central,LTE,22.54,49.81,1.303,0.338,-57.8,95.5,267
2026-08-03 14:28:00,Cell_0068,Central,LTE,22.93,48.09,0.911,0.365,-60.9,99.98,177
2026-08-03 14:28:00,Cell_0069,East,LTE,12.68,23.91,0.939,0.439,-54.4,95.73,418
2026-08-03 14:28:00,Cell_0070,South,5G,14.3,146.94,0.519,0.331,-47.3,96.2,1776
2026-08-03 14:28:00,Cell_0071,South,LTE,12.98,59.61,0.836,0.108,-47.6,99.2,105
2026-08-03 14:28:00,Cell_0072,Central,5G,5.93,705.97,0.019,0.103,-65.8,95.29,241
2026-08-03 14:28:00,Cell_0073,West,LTE,18.7,45.7,0.987,0.997,-64.6,99.96,309
2026-08-03 14:28:00,Cell_0074,North,5G,7.48,699.23,0.879,0.551,-67.7,99.23,255
2026-08-03 14:28:00,Cell_0075,East,LTE,17.11,60.8,0.203,0.378,-61.3,95.07,458
2026-08-03 14:28:00,Cell_0076,North,LTE,18.46,62.09,1.159,0.059,-74.0,95.4,164
2026-08-03 14:28:00,Cell_0077,Central,LTE,28.45,69.48,0.339,0.018,-50.8,98.57,104
2026-08-03 14:28:00,Cell_0078,North,5G,6.11,965.6,0.619,0.99,-60.5,96.94,312
2026-08-03 14:28:00,Cell_0079,North,LTE,30.8,48.74,0.783,0.798,-69.5,96.68,281
2026-08-03 14:28:00,Cell_0080,South,5G,6.69,150.12,0.249,0.25,-70.5,99.48,196
2026-08-03 14:28:00,Cell_0081,Central,LTE,21.47,57.45,15.373,0.976,-71.4,96.8,387
2026-08-03 14:28:00,Cell_0082,East,5G,8.43,192.06,0.775,0.629,-48.0,97.53,56
2026-08-03 14:28:00,Cell_0083,South,LTE,22.38,54.51,1.064,0.801,-45.3,96.09,115
2026-08-03 14:28:00,Cell_0084,East,5G,5.98,794.19,0.729,0.614,-54.6,96.91,149
2026-08-03 14:28:00,Cell_0085,East,5G,3.94,526.27,0.917,0.829,-46.6,99.28,194
2026-08-03 14:28:00,Cell_0086,Central,5G,2.4,230.27,1.199,0.26,-55.6,96.26,328
2026-08-03 14:28:00,Cell_0087,North,LTE,15.74,25.64,1.302,0.235,-72.3,96.83,165
2026-08-03 14:28:00,Cell_0088,South,LTE,35.13,89.72,1.37,0.032,-69.7,98.4,373
2026-08-03 14:28:00,Cell_0089,East,LTE,13.65,41.09,0.182,0.762,-51.6,97.04,246
2026-08-03 14:28:00,Cell_0090,Central,LTE,17.91,94.45,1.182,0.873,-55.1,98.72,475
2026-08-03 14:28:00,Cell_0091,Central,LTE,27.4,83.97,0.188,0.315,-41.8,99.78,396
2026-08-03 14:28:00,Cell_0092,North,LTE,36.65,78.1,0.614,0.552,-47.8,96.45,73
2026-08-03 14:28:00,Cell_0093,North,LTE,12.35,27.46,1.133,0.516,-71.1,99.29,487
2026-08-03 14:28:00,Cell_0094,North,LTE,13.11,20.78,1.475,0.922,-50.6,96.16,211
2026-08-03 14:28:00,Cell_0095,East,LTE,23.35,66.98,0.003,0.312,-73.7,96.81,50
2026-08-03 14:28:00,Cell_0096,Central,LTE,18.25,23.82,1.499,0.386,-71.5,98.3,307
2026-08-03 14:28:00,Cell_0097,East,5G,2.91,119.6,0.157,0.809,-62.6,99.55,189
2026-08-03 14:28:00,Cell_0098,South,LTE,13.75,81.17,0.687,0.661,-58.5,96.34,77
2026-08-03 14:28:00,Cell_0099,Central,5G,3.41,300.24,1.287,0.937,-65.7,98.09,347
2026-08-03 14:28:00,Cell_0100,South,5G,9.73,504.8,0.906,0.23,-53.7,98.54,251
2026-08-03 14:28:00,Cell_0101,West,LTE,39.97,43.11,0.279,0.63,-41.3,95.35,476
2026-08-03 14:28:00,Cell_0102,North,LTE,16.72,54.13,1.214,0.351,-42.1,98.51,334
2026-08-03 14:28:00,Cell_0103,West,5G,5.4,953.16,0.362,0.685,-101.9,68.31,323
2026-08-03 14:28:00,Cell_0104,West,5G,1.85,389.91,0.594,0.388,-64.9,95.31,275
2026-08-03 14:28:00,Cell_0105,West,LTE,25.63,57.11,0.45,0.561,-47.9,98.18,467
2026-08-03 14:28:00,Cell_0106,North,LTE,18.15,40.19,0.104,0.012,-52.3,97.03,104
2026-08-03 14:28:00,Cell_0107,West,5G,188.77,902.83,18.57,13.612,-108.8,97.43,441
2026-08-03 14:28:00,Cell_0108,North,LTE,16.06,99.22,0.055,0.528,-71.1,99.42,276
2026-08-03 14:28:00,Cell_0109,South,LTE,31.1,53.85,0.078,0.037,-53.4,95.85,97
2026-08-03 14:28:00,Cell_0110,Central,5G,3.64,950.33,1.215,0.334,-54.3,97.24,166
2026-08-03 14:28:00,Cell_0111,South,5G,6.99,567.08,0.995,0.73,-40.5,99.63,241
2026-08-03 14:28:00,Cell_0112,South,5G,3.06,987.07,0.72,0.68,-46.4,98.63,234
2026-08-03 14:28:00,Cell_0113,West,LTE,10.04,94.94,0.083,0.617,-47.1,97.92,246
2026-08-03 14:28:00,Cell_0114,North,5G,9.82,293.0,0.579,0.112,-49.1,97.39,475
2026-08-03 14:28:00,Cell_0115,Central,LTE,13.11,56.35,1.442,0.869,-48.3,98.47,129
2026-08-03 14:28:00,Cell_0116,North,LTE,24.86,77.82,1.394,0.196,-48.9,97.8,228
2026-08-03 14:28:00,Cell_0117,North,LTE,21.28,46.37,0.992,0.836,-69.6,97.4,465
2026-08-03 14:28:00,Cell_0118,South,5G,5.08,183.24,1.052,0.991,-41.4,96.37,152
2026-08-03 14:28:00,Cell_0119,West,5G,9.05,533.44,0.913,0.44,-73.8,95.03,236
2026-08-03 14:28:00,Cell_0120,South,5G,1.91,885.44,1.237,0.463,-70.6,99.4,112
2026-08-03 14:29:00,Cell_0001,North,LTE,20.17,51.46,1.217,0.557,-68.4,99.38,434
2026-08-03 14:29:00,Cell_0002,East,LTE,19.07,36.69,0.889,0.694,-59.3,95.51,201
2026-08-03 14:29:00,Cell_0003,South,LTE,28.85,46.21,0.729,0.847,-66.9,98.59,178
2026-08-03 14:29:00,Cell_0004,North,LTE,24.26,87.19,0.149,0.541,-61.2,99.77,348
2026-08-03 14:29:00,Cell_0005,Central,5G,4.26,213.53,1.251,0.648,-63.5,98.11,138
2026-08-03 14:29:00,Cell_0006,North,LTE,11.61,23.83,0.12,0.958,-46.3,98.34,433
2026-08-03 14:29:00,Cell_0007,North,LTE,34.54,53.93,24.359,0.846,-58.9,97.81,453
2026-08-03 14:29:00,Cell_0008,South,LTE,28.8,26.55,1.421,0.855,-75.0,98.36,334
2026-08-03 14:29:00,Cell_0009,Central,LTE,29.65,35.46,1.281,0.666,-61.9,97.86,76
2026-08-03 14:29:00,Cell_0010,Central,5G,7.18,900.69,1.063,0.561,-60.8,95.64,395
2026-08-03 14:29:00,Cell_0011,South,5G,1.66,337.33,0.394,0.125,-51.3,99.72,288
2026-08-03 14:29:00,Cell_0012,Central,5G,3.21,992.67,1.284,0.939,-41.1,98.62,85
2026-08-03 14:29:00,Cell_0013,North,LTE,13.79,25.75,1.487,0.547,-44.2,95.1,159
2026-08-03 14:29:00,Cell_0014,West,5G,5.74,985.64,1.233,0.122,-61.5,98.19,371
2026-08-03 14:29:00,Cell_0015,East,LTE,16.7,22.32,0.284,0.262,-70.9,98.14,361
2026-08-03 14:29:00,Cell_0016,South,5G,5.56,385.18,0.939,0.591,-60.5,97.31,190
2026-08-03 14:29:00,Cell_0017,North,LTE,17.31,38.03,7.798,0.068,-55.0,96.14,141
2026-08-03 14:29:00,Cell_0018,West,LTE,14.48,90.95,1.208,0.805,-43.1,95.87,358
2026-08-03 14:29:00,Cell_0019,East,5G,6.25,644.51,0.937,0.321,-44.9,99.68,210
2026-08-03 14:29:00,Cell_0020,Central,5G,6.53,785.45,0.387,0.684,-65.3,99.81,460
2026-08-03 14:29:00,Cell_0021,North,5G,6.67,790.07,1.094,0.435,-71.0,99.86,109
2026-08-03 14:29:00,Cell_0022,Central,LTE,33.49,37.81,0.069,0.258,-100.0,62.13,214
2026-08-03 14:29:00,Cell_0023,West,LTE,31.07,67.51,0.99,0.694,-48.0,99.55,407
2026-08-03 14:29:00,Cell_0024,Central,5G,8.02,577.58,1.394,0.052,-42.7,97.89,402
2026-08-03 14:29:00,Cell_0025,Central,5G,7.42,339.8,0.585,0.235,-69.1,97.06,420
2026-08-03 14:29:00,Cell_0026,Central,LTE,21.86,21.8,0.219,0.324,-64.6,97.68,53
2026-08-03 14:29:00,Cell_0027,North,LTE,19.58,72.63,0.884,0.951,-58.6,96.14,283
2026-08-03 14:29:00,Cell_0028,South,5G,8.17,276.01,1.246,0.977,-45.2,96.58,227
2026-08-03 14:29:00,Cell_0029,North,LTE,192.81,33.17,0.382,0.451,-51.1,95.37,1243
2026-08-03 14:29:00,Cell_0030,North,5G,2.97,574.94,0.223,0.355,-41.5,97.32,270
2026-08-03 14:29:00,Cell_0031,East,5G,2.44,953.27,0.437,0.85,-67.8,95.15,57
2026-08-03 14:29:00,Cell_0032,East,LTE,20.84,96.5,0.048,0.948,-50.5,97.89,135
2026-08-03 14:29:00,Cell_0033,East,5G,9.95,602.76,0.767,0.223,-43.2,99.32,459
2026-08-03 14:29:00,Cell_0034,South,5G,8.99,714.66,0.783,0.203,-69.0,97.21,416
2026-08-03 14:29:00,Cell_0035,North,LTE,20.59,93.57,0.817,0.149,-74.9,95.67,82
2026-08-03 14:29:00,Cell_0036,Central,LTE,35.35,64.03,0.207,0.47,-46.0,95.35,399
2026-08-03 14:29:00,Cell_0037,South,5G,5.41,728.37,1.143,0.209,-61.2,95.33,369
2026-08-03 14:29:00,Cell_0038,West,5G,3.95,398.82,1.027,0.019,-41.5,99.43,66
2026-08-03 14:29:00,Cell_0039,Central,LTE,28.55,75.09,1.153,0.71,-70.5,99.39,156
2026-08-03 14:29:00,Cell_0040,East,LTE,10.39,53.47,1.494,0.135,-66.6,95.19,431
2026-08-03 14:29:00,Cell_0041,South,LTE,16.93,76.43,0.286,0.272,-70.0,99.1,190
2026-08-03 14:29:00,Cell_0042,East,5G,5.11,826.19,0.861,0.981,-48.1,95.71,336
2026-08-03 14:29:00,Cell_0043,East,LTE,28.18,89.7,1.064,0.221,-102.3,73.95,268
2026-08-03 14:29:00,Cell_0044,South,5G,3.75,323.86,1.287,0.254,-65.3,96.26,59
2026-08-03 14:29:00,Cell_0045,South,5G,4.92,337.51,0.696,0.031,-55.9,96.45,426
2026-08-03 14:29:00,Cell_0046,West,5G,1.25,396.28,0.984,0.49,-64.5,97.9,261
2026-08-03 14:29:00,Cell_0047,South,5G,2.53,103.23,0.194,0.096,-62.4,96.59,59
2026-08-03 14:29:00,Cell_0048,South,LTE,38.93,52.64,0.86,0.705,-71.5,98.59,149
2026-08-03 14:29:00,Cell_0049,Central,5G,8.53,737.51,0.559,0.698,-50.6,95.67,456
2026-08-03 14:29:00,Cell_0050,Central,5G,9.42,391.94,1.256,0.193,-59.0,97.23,205
2026-08-03 14:29:00,Cell_0051,Central,5G,9.29,766.15,1.432,0.851,-64.3,99.98,139
2026-08-03 14:29:00,Cell_0052,East,LTE,32.38,74.11,0.894,0.047,-71.3,95.58,218
2026-08-03 14:29:00,Cell_0053,South,5G,8.35,387.41,1.029,0.835,-58.8,98.52,332
2026-08-03 14:29:00,Cell_0054,North,LTE,22.06,37.68,1.475,0.276,-54.4,99.85,60
2026-08-03 14:29:00,Cell_0055,North,LTE,38.92,84.19,0.8,0.798,-74.8,98.8,291
2026-08-03 14:29:00,Cell_0056,South,5G,5.89,160.67,1.333,0.843,-46.1,95.66,361
2026-08-03 14:29:00,Cell_0057,Central,LTE,16.61,96.58,0.493,0.692,-64.7,98.65,355
2026-08-03 14:29:00,Cell_0058,West,5G,1.41,762.81,0.529,0.407,-63.8,97.48,360
2026-08-03 14:29:00,Cell_0059,Central,5G,1.79,712.56,1.178,0.989,-47.1,96.12,412
2026-08-03 14:29:00,Cell_0060,Central,5G,3.98,470.51,0.214,0.874,-63.6,99.34,103
2026-08-03 14:29:00,Cell_0061,Central,LTE,21.67,63.96,1.468,0.849,-41.1,97.85,69
2026-08-03 14:29:00,Cell_0062,North,5G,1.98,413.77,1.393,0.168,-70.9,96.03,244
2026-08-03 14:29:00,Cell_0063,East,LTE,27.85,50.08,0.012,0.514,-65.5,97.16,433
2026-08-03 14:29:00,Cell_0064,East,5G,7.04,672.06,12.808,0.587,-49.7,95.04,303
2026-08-03 14:29:00,Cell_0065,South,5G,2.05,321.78,1.256,0.604,-52.6,97.89,490
2026-08-03 14:29:00,Cell_0066,North,5G,2.14,194.62,1.36,0.328,-61.2,95.24,450
2026-08-03 14:29:00,Cell_0067,Central,LTE,16.61,61.67,0.729,0.541,-56.8,96.76,474
2026-08-03 14:29:00,Cell_0068,Central,LTE,20.96,71.42,1.415,0.861,-57.1,97.56,103
2026-08-03 14:29:00,Cell_0069,East,LTE,33.01,82.08,1.454,0.467,-50.6,95.26,341
2026-08-03 14:29:00,Cell_0070,South,5G,4.52,60.75,0.881,0.615,-40.7,99.25,1408
2026-08-03 14:29:00,Cell_0071,South,LTE,29.28,40.21,1.2,0.277,-45.3,95.22,256
2026-08-03 14:29:00,Cell_0072,Central,5G,8.46,769.44,0.203,0.64,-42.6,96.42,168
2026-08-03 14:29:00,Cell_0073,West,LTE,23.56,48.37,0.852,0.689,-73.9,99.0,182
2026-08-03 14:29:00,Cell_0074,North,5G,6.22,927.64,0.314,0.611,-63.5,98.13,413
2026-08-03 14:29:00,Cell_0075,East,LTE,32.22,56.96,0.909,0.783,-41.2,96.82,487
2026-08-03 14:29:00,Cell_0076,North,LTE,25.22,37.84,1.008,0.33,-51.7,98.99,86
2026-08-03 14:29:00,Cell_0077,Central,LTE,25.79,99.68,0.327,0.307,-73.6,99.21,405
2026-08-03 14:29:00,Cell_0078,North,5G,9.96,686.94,0.147,0.687,-58.7,99.79,98
2026-08-03 14:29:00,Cell_0079,North,LTE,30.58,88.79,0.474,0.026,-53.1,97.46,323
2026-08-03 14:29:00,Cell_0080,South,5G,6.25,233.75,0.296,0.712,-63.7,95.07,146
2026-08-03 14:29:00,Cell_0081,Central,LTE,27.64,47.21,1.431,0.333,-48.2,98.64,164
2026-08-03 14:29:00,Cell_0082,East,5G,10.0,224.42,1.232,0.801,-64.0,95.79,171
2026-08-03 14:29:00,Cell_0083,South,LTE,30.13,46.48,0.178,0.623,-69.5,97.97,77
2026-08-03 14:29:00,Cell_0084,East,5G,9.72,321.1,0.723,0.075,-60.2,98.06,67
2026-08-03 14:29:00,Cell_0085,East,5G,7.39,382.57,0.517,0.451,-40.4,99.57,126
2026-08-03 14:29:00,Cell_0086,Central,5G,4.7,523.24,16.272,0.418,-64.2,99.69,455
2026-08-03 14:29:00,Cell_0087,North,LTE,33.98,28.89,0.24,0.551,-66.3,98.31,97
2026-08-03 14:29:00,Cell_0088,South,LTE,14.42,74.16,1.134,0.014,-60.4,95.15,426
2026-08-03 14:29:00,Cell_0089,East,LTE,37.18,33.51,0.224,0.978,-52.3,98.28,373
2026-08-03 14:29:00,Cell_0090,Central,LTE,21.59,42.66,11.477,0.353,-51.5,99.68,239
2026-08-03 14:29:00,Cell_0091,Central,LTE,27.42,24.08,1.454,0.212,-63.4,95.03,305
2026-08-03 14:29:00,Cell_0092,North,LTE,26.17,84.16,0.467,0.794,-66.9,95.68,259
2026-08-03 14:29:00,Cell_0093,North,LTE,15.75,77.85,0.093,0.678,-60.6,95.15,141
2026-08-03 14:29:00,Cell_0094,North,LTE,34.74,52.02,0.566,0.661,-46.3,95.71,267
2026-08-03 14:29:00,Cell_0095,East,LTE,26.88,34.7,1.028,0.15,-55.3,96.87,222
2026-08-03 14:29:00,Cell_0096,Central,LTE,22.01,56.63,0.908,0.432,-42.2,97.31,419
2026-08-03 14:29:00,Cell_0097,East,5G,84.85,197.03,0.058,0.207,-45.3,96.26,363
2026-08-03 14:29:00,Cell_0098,South,LTE,36.82,92.99,0.574,0.728,-55.7,95.97,171
2026-08-03 14:29:00,Cell_0099,Central,5G,8.36,629.35,0.953,0.839,-49.1,95.79,243
2026-08-03 14:29:00,Cell_0100,South,5G,6.48,201.23,1.275,0.224,-58.2,95.8,263
2026-08-03 14:29:00,Cell_0101,West,LTE,11.67,3.91,1.327,0.511,-52.2,97.22,193
2026-08-03 14:29:00,Cell_0102,North,LTE,18.58,0.97,0.736,0.541,-43.9,98.95,330
2026-08-03 14:29:00,Cell_0103,West,5G,2.43,694.21,1.246,0.747,-74.1,95.4,135
2026-08-03 14:29:00,Cell_0104,West,5G,6.19,147.71,0.437,0.416,-60.3,97.52,215
2026-08-03 14:29:00,Cell_0105,West,LTE,36.43,59.29,0.02,0.568,-46.4,99.11,381
2026-08-03 14:29:00,Cell_0106,North,LTE,34.91,41.22,0.233,0.628,-42.9,100.0,140
2026-08-03 14:29:00,Cell_0107,West,5G,2.96,595.1,1.042,0.469,-55.8,97.68,57
2026-08-03 14:29:00,Cell_0108,North,LTE,34.31,75.93,0.409,0.318,-58.6,98.88,77
2026-08-03 14:29:00,Cell_0109,South,LTE,12.59,92.39,0.771,0.607,-41.6,95.77,206
2026-08-03 14:29:00,Cell_0110,Central,5G,5.7,816.01,0.204,0.797,-69.9,97.01,418
2026-08-03 14:29:00,Cell_0111,South,5G,32.81,48.38,0.179,0.027,-63.0,99.33,1856
2026-08-03 14:29:00,Cell_0112,South,5G,7.46,588.47,0.016,0.201,-50.9,99.82,255
2026-08-03 14:29:00,Cell_0113,West,LTE,39.98,97.55,0.866,0.368,-72.8,97.33,318
2026-08-03 14:29:00,Cell_0114,North,5G,2.11,256.78,1.143,0.263,-55.5,96.8,241
2026-08-03 14:29:00,Cell_0115,Central,LTE,18.1,87.08,1.188,0.085,-53.9,99.89,334
2026-08-03 14:29:00,Cell_0116,North,LTE,26.68,61.78,0.004,0.702,-58.5,98.46,449
2026-08-03 14:29:00,Cell_0117,North,LTE,22.01,89.78,0.154,0.171,-58.2,98.24,420
2026-08-03 14:29:00,Cell_0118,South,5G,5.24,356.71,0.427,0.225,-40.9,97.89,424
2026-08-03 14:29:00,Cell_0119,West,5G,4.41,729.45,0.972,0.294,-72.1,95.27,84
2026-08-03 14:29:00,Cell_0120,South,5G,9.34,613.58,0.001,0.676,-73.2,95.53,334
